// Generated by pulp/tests/mxcore_fp4/calibrate.py. Do not edit.
inline constexpr uint32_t transfers[] = {
    0x00050000,0x00010001,0x00010002,0x00010003,0x00012000,0x00012001,0x00012002,0x00012003,
    0x00012004,0x00012005,0x00012006,0x00012007,0x00012008,0x00012009,0x0001200a,0x0001200b,
    0x0001200c,0x0001200d,0x0001200e,0x0001200f,0x00014000,0x00016000,0x00060004,0x00010005,
    0x00030006,0x00010007,0x00018000,0x00018001,0x00010008,0x00010009,0x00018002,0x00018003,
    0x0001000a,0x0001000b,0x00018004,0x00018005,0x0001000c,0x0001000d,0x00018006,0x00018007,
    0x0001000e,0x0001000f,0x00018008,0x00018009,0x0002800a,0x0002800b,0x0002800c,0x0002800d,
    0x0002800e,0x0002a000,0x0001800f,0x00050000,0x00010001,0x00010002,0x00010003,0x00012000,
    0x00012001,0x00012002,0x00012003,0x00012004,0x00012005,0x00012006,0x00012007,0x00012008,
    0x00012009,0x0001200a,0x0001200b,0x0001200c,0x0001200d,0x0001200e,0x0001200f,0x00012010,
    0x00012011,0x00012012,0x00012013,0x00012014,0x00012015,0x00012016,0x00012017,0x00012018,
    0x00012019,0x0001201a,0x0001201b,0x0001201c,0x0001201d,0x0001201e,0x0001201f,0x00014000,
    0x00014001,0x00016000,0x00016001,0x00050004,0x00010005,0x00030006,0x00010007,0x00030008,
    0x00010009,0x0003000a,0x0001000b,0x0003000c,0x0001000d,0x0003000e,0x0001000f,0x00030010,
    0x00010011,0x00030012,0x00010013,0x00030014,0x00010015,0x00030016,0x00010017,0x00018000,
    0x00018001,0x00010018,0x00010019,0x00018002,0x00018003,0x0001001a,0x0001001b,0x00018004,
    0x00018005,0x0001001c,0x0001001d,0x00018006,0x00018007,0x0001001e,0x0001001f,0x00018008,
    0x00018009,0x0002800a,0x0002800b,0x0002800c,0x0002800d,0x0002800e,0x0002a000,0x0001800f,
    0x00050000,0x00010001,0x00010002,0x00010003,0x00012000,0x00012001,0x00012002,0x00012003,
    0x00012004,0x00012005,0x00012006,0x00012007,0x00012008,0x00012009,0x0001200a,0x0001200b,
    0x0001200c,0x0001200d,0x0001200e,0x0001200f,0x00012010,0x00012011,0x00012012,0x00012013,
    0x00012014,0x00012015,0x00012016,0x00012017,0x00012018,0x00012019,0x0001201a,0x0001201b,
    0x0001201c,0x0001201d,0x0001201e,0x0001201f,0x00012020,0x00012021,0x00014000,0x00014001,
    0x00014002,0x00016000,0x00016001,0x00016002,0x00040004,0x00010005,0x00030006,0x00010007,
    0x00030008,0x00010009,0x0003000a,0x0001000b,0x0003000c,0x0001000d,0x0003000e,0x0001000f,
    0x00030010,0x00010011,0x00030012,0x00010013,0x00012022,0x00012023,0x00010014,0x00010015,
    0x00012024,0x00012025,0x00010016,0x00010017,0x00012026,0x00012027,0x00010018,0x00010019,
    0x00012028,0x00012029,0x0001001a,0x0001001b,0x0001202a,0x0001202b,0x0001001c,0x0001001d,
    0x0001202c,0x0001202d,0x0001001e,0x0001001f,0x0001202e,0x0001202f,0x00010020,0x00010021,
    0x00030022,0x00010023,0x00030024,0x00010025,0x00030026,0x00010027,0x00018000,0x00018001,
    0x00010028,0x00010029,0x00018002,0x00018003,0x0001002a,0x0001002b,0x00018004,0x00018005,
    0x0001002c,0x0001002d,0x00018006,0x00018007,0x0001002e,0x0001002f,0x00018008,0x00018009,
    0x0002800a,0x0002800b,0x0002800c,0x0002800d,0x0002800e,0x0002a000,0x0001800f,0x00050000,
    0x00010001,0x00010002,0x00010003,0x00012000,0x00012001,0x00012002,0x00012003,0x00012004,
    0x00012005,0x00012006,0x00012007,0x00012008,0x00012009,0x0001200a,0x0001200b,0x0001200c,
    0x0001200d,0x0001200e,0x0001200f,0x00012010,0x00012011,0x00012012,0x00012013,0x00012014,
    0x00012015,0x00012016,0x00012017,0x00012018,0x00012019,0x0001201a,0x0001201b,0x0001201c,
    0x0001201d,0x0001201e,0x0001201f,0x00012020,0x00012021,0x00014000,0x00014001,0x00014002,
    0x00014003,0x00016000,0x00016001,0x00016002,0x00016003,0x00030004,0x00010005,0x00030006,
    0x00010007,0x00030008,0x00010009,0x0003000a,0x0001000b,0x0003000c,0x0001000d,0x0003000e,
    0x0001000f,0x00030010,0x00010011,0x00030012,0x00010013,0x00012022,0x00012023,0x00010014,
    0x00010015,0x00012024,0x00012025,0x00010016,0x00010017,0x00012026,0x00012027,0x00010018,
    0x00010019,0x00012028,0x00012029,0x0001001a,0x0001001b,0x0001202a,0x0001202b,0x0001001c,
    0x0001001d,0x0001202c,0x0001202d,0x0001001e,0x0001001f,0x0001202e,0x0001202f,0x00010020,
    0x00010021,0x00012030,0x00012031,0x00010022,0x00010023,0x00012032,0x00012033,0x00010024,
    0x00010025,0x00012034,0x00012035,0x00010026,0x00010027,0x00012036,0x00012037,0x00010028,
    0x00010029,0x00012038,0x00012039,0x0001002a,0x0001002b,0x0001203a,0x0001203b,0x0001002c,
    0x0001002d,0x0001203c,0x0001203d,0x0001002e,0x0001002f,0x0001203e,0x0001203f,0x00010030,
    0x00010031,0x00030032,0x00010033,0x00030034,0x00010035,0x00030036,0x00010037,0x00018000,
    0x00018001,0x00010038,0x00010039,0x00018002,0x00018003,0x0001003a,0x0001003b,0x00018004,
    0x00018005,0x0001003c,0x0001003d,0x00018006,0x00018007,0x0001003e,0x0001003f,0x00018008,
    0x00018009,0x0002800a,0x0002800b,0x0002800c,0x0002800d,0x0002800e,0x0002a000,0x0001800f,
    0x00050000,0x00010001,0x00010002,0x00010003,0x00012000,0x00012001,0x00012002,0x00012003,
    0x00012004,0x00012005,0x00012006,0x00012007,0x00012008,0x00012009,0x0001200a,0x0001200b,
    0x0001200c,0x0001200d,0x0001200e,0x0001200f,0x00012010,0x00012011,0x00012012,0x00012013,
    0x00012014,0x00012015,0x00012016,0x00012017,0x00012018,0x00012019,0x0001201a,0x0001201b,
    0x0001201c,0x0001201d,0x0001201e,0x0001201f,0x00012020,0x00012021,0x00014000,0x00014001,
    0x00014002,0x00014003,0x00016000,0x00016001,0x00016002,0x00016003,0x00030004,0x00010005,
    0x00030006,0x00010007,0x00030008,0x00010009,0x0003000a,0x0001000b,0x0003000c,0x0001000d,
    0x0003000e,0x0001000f,0x00030010,0x00010011,0x00030012,0x00010013,0x00012022,0x00012023,
    0x00010014,0x00010015,0x00012024,0x00012025,0x00010016,0x00010017,0x00012026,0x00012027,
    0x00010018,0x00010019,0x00012028,0x00012029,0x0001001a,0x0001001b,0x0001202a,0x0001202b,
    0x0001001c,0x0001001d,0x0001202c,0x0001202d,0x0001001e,0x0001001f,0x0001202e,0x0001202f,
    0x00010020,0x00010021,0x00012030,0x00012031,0x00010022,0x00010023,0x00012032,0x00012033,
    0x00010024,0x00010025,0x00012034,0x00012035,0x00010026,0x00010027,0x00012036,0x00012037,
    0x00010028,0x00010029,0x00012038,0x00012039,0x0001002a,0x0001002b,0x0001203a,0x0001203b,
    0x0001002c,0x0001002d,0x0001203c,0x0001203d,0x0001002e,0x0001002f,0x0001203e,0x0001203f,
    0x00010030,0x00010031,0x00012040,0x00012041,0x00010032,0x00010033,0x00012042,0x00012043,
    0x00010034,0x00010035,0x00012044,0x00012045,0x00010036,0x00010037,0x00012046,0x00012047,
    0x00010038,0x00010039,0x00012048,0x00012049,0x0001003a,0x0001003b,0x0001204a,0x0001204b,
    0x0001003c,0x0001003d,0x0001204c,0x0001204d,0x0001003e,0x0001003f,0x0001204e,0x0001204f,
    0x00010040,0x00010041,0x00014004,0x00016004,0x00010042,0x00010043,0x00040044,0x00010045,
    0x00030046,0x00010047,0x00018000,0x00018001,0x00010048,0x00010049,0x00018002,0x00018003,
    0x0001004a,0x0001004b,0x00018004,0x00018005,0x0001004c,0x0001004d,0x00018006,0x00018007,
    0x0001004e,0x0001004f,0x00018008,0x00018009,0x0002800a,0x0002800b,0x0002800c,0x0002800d,
    0x0002800e,0x0002a000,0x0001800f,0x00050000,0x00010001,0x00010002,0x00010003,0x00012000,
    0x00012001,0x00012002,0x00012003,0x00012004,0x00012005,0x00012006,0x00012007,0x00012008,
    0x00012009,0x0001200a,0x0001200b,0x0001200c,0x0001200d,0x0001200e,0x0001200f,0x00012010,
    0x00012011,0x00012012,0x00012013,0x00012014,0x00012015,0x00012016,0x00012017,0x00012018,
    0x00012019,0x0001201a,0x0001201b,0x0001201c,0x0001201d,0x0001201e,0x0001201f,0x00012020,
    0x00012021,0x00014000,0x00014001,0x00014002,0x00014003,0x00016000,0x00016001,0x00016002,
    0x00016003,0x00030004,0x00010005,0x00030006,0x00010007,0x00030008,0x00010009,0x0003000a,
    0x0001000b,0x0003000c,0x0001000d,0x0003000e,0x0001000f,0x00030010,0x00010011,0x00030012,
    0x00010013,0x00012022,0x00012023,0x00010014,0x00010015,0x00012024,0x00012025,0x00010016,
    0x00010017,0x00012026,0x00012027,0x00010018,0x00010019,0x00012028,0x00012029,0x0001001a,
    0x0001001b,0x0001202a,0x0001202b,0x0001001c,0x0001001d,0x0001202c,0x0001202d,0x0001001e,
    0x0001001f,0x0001202e,0x0001202f,0x00010020,0x00010021,0x00012030,0x00012031,0x00010022,
    0x00010023,0x00012032,0x00012033,0x00010024,0x00010025,0x00012034,0x00012035,0x00010026,
    0x00010027,0x00012036,0x00012037,0x00010028,0x00010029,0x00012038,0x00012039,0x0001002a,
    0x0001002b,0x0001203a,0x0001203b,0x0001002c,0x0001002d,0x0001203c,0x0001203d,0x0001002e,
    0x0001002f,0x0001203e,0x0001203f,0x00010030,0x00010031,0x00012040,0x00012041,0x00010032,
    0x00010033,0x00012042,0x00012043,0x00010034,0x00010035,0x00012044,0x00012045,0x00010036,
    0x00010037,0x00012046,0x00012047,0x00010038,0x00010039,0x00012048,0x00012049,0x0001003a,
    0x0001003b,0x0001204a,0x0001204b,0x0001003c,0x0001003d,0x0001204c,0x0001204d,0x0001003e,
    0x0001003f,0x0001204e,0x0001204f,0x00010040,0x00010041,0x00012050,0x00012051,0x00010042,
    0x00010043,0x00012052,0x00012053,0x00012054,0x00012055,0x00012056,0x00012057,0x00012058,
    0x00012059,0x0001205a,0x0001205b,0x0001205c,0x0001205d,0x0001205e,0x0001205f,0x00014004,
    0x00014005,0x00016004,0x00016005,0x00050044,0x00010045,0x00030046,0x00010047,0x00030048,
    0x00010049,0x0003004a,0x0001004b,0x0003004c,0x0001004d,0x0003004e,0x0001004f,0x00030050,
    0x00010051,0x00030052,0x00010053,0x00030054,0x00010055,0x00030056,0x00010057,0x00018000,
    0x00018001,0x00010058,0x00010059,0x00018002,0x00018003,0x0001005a,0x0001005b,0x00018004,
    0x00018005,0x0001005c,0x0001005d,0x00018006,0x00018007,0x0001005e,0x0001005f,0x00018008,
    0x00018009,0x0002800a,0x0002800b,0x0002800c,0x0002800d,0x0002800e,0x0002a000,0x0001800f,
    0x00050000,0x00010001,0x00010002,0x00010003,0x00012000,0x00012001,0x00012002,0x00012003,
    0x00012004,0x00012005,0x00012006,0x00012007,0x00012008,0x00012009,0x0001200a,0x0001200b,
    0x0001200c,0x0001200d,0x0001200e,0x0001200f,0x00012010,0x00012011,0x00012012,0x00012013,
    0x00012014,0x00012015,0x00012016,0x00012017,0x00012018,0x00012019,0x0001201a,0x0001201b,
    0x0001201c,0x0001201d,0x0001201e,0x0001201f,0x00014000,0x00014000,0x00016000,0x00016001,
    0x00050004,0x00010005,0x00030006,0x00010007,0x00018000,0x00018001,0x00010008,0x00010009,
    0x00018002,0x00018003,0x0001000a,0x0001000b,0x00018004,0x00018005,0x0001000c,0x0001000d,
    0x00018006,0x00018007,0x0001000e,0x0001000f,0x00018008,0x00018009,0x00010000,0x00010001,
    0x0001800a,0x0001800b,0x00010002,0x00010003,0x0001800c,0x0001800d,0x00010004,0x00010005,
    0x0001800e,0x0001a000,0x00010006,0x00010007,0x0001800f,0x00018010,0x00010008,0x00010009,
    0x00018011,0x00018012,0x0001000a,0x0001000b,0x00018013,0x00018014,0x0001000c,0x0001000d,
    0x00018015,0x00018016,0x0001000e,0x0001000f,0x00018017,0x00018018,0x00018019,0x0001801a,
    0x0002801b,0x0002801c,0x0002801d,0x0002801e,0x0002801f,0x0001a001,0x00050000,0x00010001,
    0x00010002,0x00010003,0x00012000,0x00012001,0x00012002,0x00012003,0x00012004,0x00012005,
    0x00012006,0x00012007,0x00012008,0x00012009,0x0001200a,0x0001200b,0x0001200c,0x0001200d,
    0x0001200e,0x0001200f,0x00012010,0x00012011,0x00012012,0x00012013,0x00012014,0x00012015,
    0x00012016,0x00012017,0x00012018,0x00012019,0x0001201a,0x0001201b,0x0001201c,0x0001201d,
    0x0001201e,0x0001201f,0x00012020,0x00012021,0x00014000,0x00014001,0x00014000,0x00014001,
    0x00016000,0x00016001,0x00016002,0x00016003,0x00030004,0x00010005,0x00030006,0x00010007,
    0x00030008,0x00010009,0x0003000a,0x0001000b,0x0003000c,0x0001000d,0x0003000e,0x0001000f,
    0x00030010,0x00010011,0x00030012,0x00010013,0x00012022,0x00012023,0x00010014,0x00010015,
    0x00012024,0x00012025,0x00010016,0x00010017,0x00012026,0x00012027,0x00010018,0x00010019,
    0x00012028,0x00012029,0x0001001a,0x0001001b,0x0001202a,0x0001202b,0x0001001c,0x0001001d,
    0x0001202c,0x0001202d,0x0001001e,0x0001001f,0x0001202e,0x0001202f,0x00010000,0x00010001,
    0x00012030,0x00012031,0x00010002,0x00010003,0x00012032,0x00012033,0x00010004,0x00010005,
    0x00012034,0x00012035,0x00010006,0x00010007,0x00012036,0x00012037,0x00010008,0x00010009,
    0x00012038,0x00012039,0x0001203a,0x0001203b,0x0001203c,0x0001203d,0x0001203e,0x0001203f,
    0x00018000,0x00018001,0x00018002,0x00018003,0x00028004,0x0001000a,0x0001000b,0x00018005,
    0x00018006,0x0001000c,0x0001000d,0x00018007,0x00018008,0x0001000e,0x0001000f,0x00018009,
    0x0001800a,0x00010010,0x00010011,0x0001800b,0x0001800c,0x00010012,0x00010013,0x0001800d,
    0x0001800e,0x00010014,0x00010015,0x0001a000,0x0001800f,0x00010016,0x00010017,0x00018010,
    0x00018011,0x00010018,0x00010019,0x00018012,0x00018013,0x0001001a,0x0001001b,0x00018014,
    0x00018015,0x0001001c,0x0001001d,0x00018016,0x00018017,0x0001001e,0x0001001f,0x00018018,
    0x00018019,0x0002801a,0x0002801b,0x0002801c,0x0002801d,0x0002801e,0x0002801f,0x0001a001,
    0x00050000,0x00010001,0x00010002,0x00010003,0x00012000,0x00012001,0x00012002,0x00012003,
    0x00012004,0x00012005,0x00012006,0x00012007,0x00012008,0x00012009,0x0001200a,0x0001200b,
    0x0001200c,0x0001200d,0x0001200e,0x0001200f,0x00012010,0x00012011,0x00012012,0x00012013,
    0x00012014,0x00012015,0x00012016,0x00012017,0x00012018,0x00012019,0x0001201a,0x0001201b,
    0x0001201c,0x0001201d,0x0001201e,0x0001201f,0x00012020,0x00012021,0x00014000,0x00014001,
    0x00014002,0x00014000,0x00016000,0x00016001,0x00016002,0x00016003,0x00030004,0x00010005,
    0x00030006,0x00010007,0x00030008,0x00010009,0x0003000a,0x0001000b,0x0003000c,0x0001000d,
    0x0003000e,0x0001000f,0x00030010,0x00010011,0x00030012,0x00010013,0x00012022,0x00012023,
    0x00010014,0x00010015,0x00012024,0x00012025,0x00010016,0x00010017,0x00012026,0x00012027,
    0x00010018,0x00010019,0x00012028,0x00012029,0x0001001a,0x0001001b,0x0001202a,0x0001202b,
    0x0001001c,0x0001001d,0x0001202c,0x0001202d,0x0001001e,0x0001001f,0x0001202e,0x0001202f,
    0x00010020,0x00010021,0x00012030,0x00012031,0x00010022,0x00010023,0x00012032,0x00012033,
    0x00010024,0x00010025,0x00012034,0x00012035,0x00010026,0x00010027,0x00012036,0x00012037,
    0x00010028,0x00010029,0x00012038,0x00012039,0x0001002a,0x0001002b,0x0001203a,0x0001203b,
    0x0001002c,0x0001002d,0x0001203c,0x0001203d,0x0001002e,0x0001002f,0x0001203e,0x0001203f,
    0x00010000,0x00010001,0x00012040,0x00012041,0x00010002,0x00010003,0x00012042,0x00012043,
    0x00010004,0x00010005,0x00012044,0x00012045,0x00010006,0x00010007,0x00012046,0x00012047,
    0x00010008,0x00010009,0x00012048,0x00012049,0x0001204a,0x0001204b,0x0001204c,0x0001204d,
    0x0001204e,0x0001204f,0x00012050,0x00012051,0x00014001,0x00014002,0x00016004,0x00016005,
    0x00018000,0x00018001,0x00018002,0x00018003,0x00028004,0x0001000a,0x0001000b,0x00018005,
    0x00018006,0x0001000c,0x0001000d,0x00018007,0x00018008,0x0001000e,0x0001000f,0x00018009,
    0x0001800a,0x00010010,0x00010011,0x0001800b,0x0001800c,0x00010012,0x00010013,0x00012052,
    0x00012053,0x00010014,0x00010015,0x00012054,0x00012055,0x00010016,0x00010017,0x00012056,
    0x00012057,0x00010018,0x00010019,0x00012058,0x00012059,0x0001001a,0x0001001b,0x0001205a,
    0x0001205b,0x0001001c,0x0001001d,0x0001205c,0x0001205d,0x0001001e,0x0001001f,0x0001205e,
    0x0001205f,0x00010020,0x00010021,0x0001800d,0x0001800e,0x00010022,0x00010023,0x0001a000,
    0x0001800f,0x00010024,0x00010025,0x00030026,0x00010027,0x00018010,0x00018011,0x00010028,
    0x00010029,0x00018012,0x00018013,0x0001002a,0x0001002b,0x00018014,0x00018015,0x0001002c,
    0x0001002d,0x00018016,0x00018017,0x0001002e,0x0001002f,0x00018018,0x00018019,0x0002801a,
    0x0002801b,0x0002801c,0x0002801d,0x0002801e,0x0002801f,0x0001a001,0x00050000,0x00010001,
    0x00010002,0x00010003,0x00012000,0x00012001,0x00012002,0x00012003,0x00012004,0x00012005,
    0x00012006,0x00012007,0x00012008,0x00012009,0x0001200a,0x0001200b,0x0001200c,0x0001200d,
    0x0001200e,0x0001200f,0x00012010,0x00012011,0x00012012,0x00012013,0x00012014,0x00012015,
    0x00012016,0x00012017,0x00012018,0x00012019,0x0001201a,0x0001201b,0x0001201c,0x0001201d,
    0x0001201e,0x0001201f,0x00012020,0x00012021,0x00014000,0x00014001,0x00014002,0x00014003,
    0x00016000,0x00016001,0x00016002,0x00016003,0x00030004,0x00010005,0x00030006,0x00010007,
    0x00030008,0x00010009,0x0003000a,0x0001000b,0x0003000c,0x0001000d,0x0003000e,0x0001000f,
    0x00030010,0x00010011,0x00030012,0x00010013,0x00012022,0x00012023,0x00010014,0x00010015,
    0x00012024,0x00012025,0x00010016,0x00010017,0x00012026,0x00012027,0x00010018,0x00010019,
    0x00012028,0x00012029,0x0001001a,0x0001001b,0x0001202a,0x0001202b,0x0001001c,0x0001001d,
    0x0001202c,0x0001202d,0x0001001e,0x0001001f,0x0001202e,0x0001202f,0x00010020,0x00010021,
    0x00012030,0x00012031,0x00010022,0x00010023,0x00012032,0x00012033,0x00010024,0x00010025,
    0x00012034,0x00012035,0x00010026,0x00010027,0x00012036,0x00012037,0x00010028,0x00010029,
    0x00012038,0x00012039,0x0001002a,0x0001002b,0x0001203a,0x0001203b,0x0001002c,0x0001002d,
    0x0001203c,0x0001203d,0x0001002e,0x0001002f,0x0001203e,0x0001203f,0x00010030,0x00010031,
    0x00012040,0x00012041,0x00010032,0x00010033,0x00012042,0x00012043,0x00010034,0x00010035,
    0x00012044,0x00012045,0x00010036,0x00010037,0x00012046,0x00012047,0x00010038,0x00010039,
    0x00012048,0x00012049,0x0001003a,0x0001003b,0x0001204a,0x0001204b,0x0001003c,0x0001003d,
    0x0001204c,0x0001204d,0x0001003e,0x0001003f,0x0001204e,0x0001204f,0x00010000,0x00010001,
    0x00012050,0x00012051,0x00010002,0x00010003,0x00012052,0x00012053,0x00012054,0x00012055,
    0x00012056,0x00012057,0x00012058,0x00012059,0x0001205a,0x0001205b,0x0001205c,0x0001205d,
    0x0001205e,0x0001205f,0x00012060,0x00012061,0x00014000,0x00014001,0x00014002,0x00014003,
    0x00016004,0x00016005,0x00016006,0x00016007,0x00018000,0x00018001,0x00010004,0x00010005,
    0x00018002,0x00018003,0x00010006,0x00010007,0x00018004,0x00018005,0x00010008,0x00010009,
    0x00018006,0x00018007,0x0001000a,0x0001000b,0x00018008,0x00018009,0x0001000c,0x0001000d,
    0x0001800a,0x0001800b,0x0001000e,0x0001000f,0x0001800c,0x0001800d,0x00010010,0x00010011,
    0x0001800e,0x0001a000,0x00010012,0x00010013,0x00012062,0x00012063,0x00010014,0x00010015,
    0x00012064,0x00012065,0x00010016,0x00010017,0x00012066,0x00012067,0x00010018,0x00010019,
    0x00012068,0x00012069,0x0001001a,0x0001001b,0x0001206a,0x0001206b,0x0001001c,0x0001001d,
    0x0001206c,0x0001206d,0x0001001e,0x0001001f,0x0001206e,0x0001206f,0x00010020,0x00010021,
    0x00012070,0x00012071,0x00010022,0x00010023,0x00012072,0x00012073,0x00010024,0x00010025,
    0x00012074,0x00012075,0x00010026,0x00010027,0x00012076,0x00012077,0x00010028,0x00010029,
    0x00012078,0x00012079,0x0001002a,0x0001002b,0x0001207a,0x0001207b,0x0001002c,0x0001002d,
    0x0001207c,0x0001207d,0x0001002e,0x0001002f,0x0001207e,0x0001207f,0x00010030,0x00010031,
    0x0001800f,0x00020032,0x00010033,0x00030034,0x00010035,0x00030036,0x00010037,0x00018010,
    0x00018011,0x00010038,0x00010039,0x00018012,0x00018013,0x0001003a,0x0001003b,0x00018014,
    0x00018015,0x0001003c,0x0001003d,0x00018016,0x00018017,0x0001003e,0x0001003f,0x00018018,
    0x00018019,0x0002801a,0x0002801b,0x0002801c,0x0002801d,0x0002801e,0x0002801f,0x0001a001,
    0x00050000,0x00010001,0x00010002,0x00010003,0x00012000,0x00012001,0x00012002,0x00012003,
    0x00012004,0x00012005,0x00012006,0x00012007,0x00012008,0x00012009,0x0001200a,0x0001200b,
    0x0001200c,0x0001200d,0x0001200e,0x0001200f,0x00012010,0x00012011,0x00012012,0x00012013,
    0x00012014,0x00012015,0x00012016,0x00012017,0x00012018,0x00012019,0x0001201a,0x0001201b,
    0x0001201c,0x0001201d,0x0001201e,0x0001201f,0x00012020,0x00012021,0x00014000,0x00014001,
    0x00014002,0x00014003,0x00016000,0x00016001,0x00016002,0x00016003,0x00030004,0x00010005,
    0x00030006,0x00010007,0x00030008,0x00010009,0x0003000a,0x0001000b,0x0003000c,0x0001000d,
    0x0003000e,0x0001000f,0x00030010,0x00010011,0x00030012,0x00010013,0x00012022,0x00012023,
    0x00010014,0x00010015,0x00012024,0x00012025,0x00010016,0x00010017,0x00012026,0x00012027,
    0x00010018,0x00010019,0x00012028,0x00012029,0x0001001a,0x0001001b,0x0001202a,0x0001202b,
    0x0001001c,0x0001001d,0x0001202c,0x0001202d,0x0001001e,0x0001001f,0x0001202e,0x0001202f,
    0x00010020,0x00010021,0x00012030,0x00012031,0x00010022,0x00010023,0x00012032,0x00012033,
    0x00010024,0x00010025,0x00012034,0x00012035,0x00010026,0x00010027,0x00012036,0x00012037,
    0x00010028,0x00010029,0x00012038,0x00012039,0x0001002a,0x0001002b,0x0001203a,0x0001203b,
    0x0001002c,0x0001002d,0x0001203c,0x0001203d,0x0001002e,0x0001002f,0x0001203e,0x0001203f,
    0x00010030,0x00010031,0x00012040,0x00012041,0x00010032,0x00010033,0x00012042,0x00012043,
    0x00010034,0x00010035,0x00012044,0x00012045,0x00010036,0x00010037,0x00012046,0x00012047,
    0x00010038,0x00010039,0x00012048,0x00012049,0x0001003a,0x0001003b,0x0001204a,0x0001204b,
    0x0001003c,0x0001003d,0x0001204c,0x0001204d,0x0001003e,0x0001003f,0x0001204e,0x0001204f,
    0x00010040,0x00010041,0x00012050,0x00012051,0x00010042,0x00010043,0x00012052,0x00012053,
    0x00012054,0x00012055,0x00012056,0x00012057,0x00012058,0x00012059,0x0001205a,0x0001205b,
    0x0001205c,0x0001205d,0x0001205e,0x0001205f,0x00012060,0x00012061,0x00014004,0x00014000,
    0x00014001,0x00014002,0x00016004,0x00016005,0x00016006,0x00016007,0x00030044,0x00010045,
    0x00030046,0x00010047,0x00018000,0x00018001,0x00010048,0x00010049,0x00018002,0x00018003,
    0x0001004a,0x0001004b,0x00018004,0x00018005,0x0001004c,0x0001004d,0x00018006,0x00018007,
    0x0001004e,0x0001004f,0x00018008,0x00018009,0x00010000,0x00010001,0x0001800a,0x0001800b,
    0x00010002,0x00010003,0x00012062,0x00012063,0x00010004,0x00010005,0x00012064,0x00012065,
    0x00010006,0x00010007,0x00012066,0x00012067,0x00010008,0x00010009,0x00012068,0x00012069,
    0x0001000a,0x0001000b,0x0001206a,0x0001206b,0x0001000c,0x0001000d,0x0001206c,0x0001206d,
    0x0001000e,0x0001000f,0x0001206e,0x0001206f,0x00010010,0x00010011,0x00012070,0x00012071,
    0x00010012,0x00010013,0x00012072,0x00012073,0x00010014,0x00010015,0x00012074,0x00012075,
    0x00010016,0x00010017,0x00012076,0x00012077,0x00010018,0x00010019,0x00012078,0x00012079,
    0x0001001a,0x0001001b,0x0001207a,0x0001207b,0x0001001c,0x0001001d,0x0001207c,0x0001207d,
    0x0001001e,0x0001001f,0x0001207e,0x0001207f,0x00010020,0x00010021,0x00012080,0x00012081,
    0x00010022,0x00010023,0x00012082,0x00012083,0x00010024,0x00010025,0x00012084,0x00012085,
    0x00010026,0x00010027,0x00012086,0x00012087,0x00010028,0x00010029,0x00012088,0x00012089,
    0x0001002a,0x0001002b,0x0001208a,0x0001208b,0x0001002c,0x0001002d,0x0001208c,0x0001208d,
    0x0001002e,0x0001002f,0x0001208e,0x0001208f,0x00010030,0x00010031,0x00012090,0x00012091,
    0x00010032,0x00010033,0x00012092,0x00012093,0x00012094,0x00012095,0x00012096,0x00012097,
    0x00012098,0x00012099,0x0001209a,0x0001209b,0x0001209c,0x0001209d,0x0001209e,0x0001209f,
    0x00014003,0x00014004,0x00016008,0x00016009,0x0001800c,0x0001800d,0x0001a000,0x0001800e,
    0x00010034,0x00010035,0x0001800f,0x00020036,0x00010037,0x00030038,0x00010039,0x0003003a,
    0x0001003b,0x0003003c,0x0001003d,0x0003003e,0x0001003f,0x00030040,0x00010041,0x00030042,
    0x00010043,0x00030044,0x00010045,0x00030046,0x00010047,0x00018010,0x00018011,0x00010048,
    0x00010049,0x00018012,0x00018013,0x0001004a,0x0001004b,0x00018014,0x00018015,0x0001004c,
    0x0001004d,0x00018016,0x00018017,0x0001004e,0x0001004f,0x00018018,0x00018019,0x0002801a,
    0x0002801b,0x0002801c,0x0002801d,0x0002801e,0x0002801f,0x0001a001,0x00050000,0x00010001,
    0x00010002,0x00010003,0x00012000,0x00012001,0x00012002,0x00012003,0x00012004,0x00012005,
    0x00012006,0x00012007,0x00012008,0x00012009,0x0001200a,0x0001200b,0x0001200c,0x0001200d,
    0x0001200e,0x0001200f,0x00012010,0x00012011,0x00012012,0x00012013,0x00012014,0x00012015,
    0x00012016,0x00012017,0x00012018,0x00012019,0x0001201a,0x0001201b,0x0001201c,0x0001201d,
    0x0001201e,0x0001201f,0x00012020,0x00012021,0x00014000,0x00014001,0x00014002,0x00014003,
    0x00016000,0x00016001,0x00016002,0x00016003,0x00030004,0x00010005,0x00030006,0x00010007,
    0x00030008,0x00010009,0x0003000a,0x0001000b,0x0003000c,0x0001000d,0x0003000e,0x0001000f,
    0x00030010,0x00010011,0x00030012,0x00010013,0x00012022,0x00012023,0x00010014,0x00010015,
    0x00012024,0x00012025,0x00010016,0x00010017,0x00012026,0x00012027,0x00010018,0x00010019,
    0x00012028,0x00012029,0x0001001a,0x0001001b,0x0001202a,0x0001202b,0x0001001c,0x0001001d,
    0x0001202c,0x0001202d,0x0001001e,0x0001001f,0x0001202e,0x0001202f,0x00010020,0x00010021,
    0x00012030,0x00012031,0x00010022,0x00010023,0x00012032,0x00012033,0x00010024,0x00010025,
    0x00012034,0x00012035,0x00010026,0x00010027,0x00012036,0x00012037,0x00010028,0x00010029,
    0x00012038,0x00012039,0x0001002a,0x0001002b,0x0001203a,0x0001203b,0x0001002c,0x0001002d,
    0x0001203c,0x0001203d,0x0001002e,0x0001002f,0x0001203e,0x0001203f,0x00010030,0x00010031,
    0x00012040,0x00012041,0x00010032,0x00010033,0x00012042,0x00012043,0x00010034,0x00010035,
    0x00012044,0x00012045,0x00010036,0x00010037,0x00012046,0x00012047,0x00010038,0x00010039,
    0x00012048,0x00012049,0x0001003a,0x0001003b,0x0001204a,0x0001204b,0x0001003c,0x0001003d,
    0x0001204c,0x0001204d,0x0001003e,0x0001003f,0x0001204e,0x0001204f,0x00010040,0x00010041,
    0x00012050,0x00012051,0x00010042,0x00010043,0x00012052,0x00012053,0x00012054,0x00012055,
    0x00012056,0x00012057,0x00012058,0x00012059,0x0001205a,0x0001205b,0x0001205c,0x0001205d,
    0x0001205e,0x0001205f,0x00012060,0x00012061,0x00014004,0x00014005,0x00014000,0x00014001,
    0x00016004,0x00016005,0x00016006,0x00016007,0x00030044,0x00010045,0x00030046,0x00010047,
    0x00030048,0x00010049,0x0003004a,0x0001004b,0x0003004c,0x0001004d,0x0003004e,0x0001004f,
    0x00030050,0x00010051,0x00030052,0x00010053,0x00012062,0x00012063,0x00010054,0x00010055,
    0x00012064,0x00012065,0x00010056,0x00010057,0x00012066,0x00012067,0x00010058,0x00010059,
    0x00012068,0x00012069,0x0001005a,0x0001005b,0x0001206a,0x0001206b,0x0001005c,0x0001005d,
    0x0001206c,0x0001206d,0x0001005e,0x0001005f,0x0001206e,0x0001206f,0x00010000,0x00010001,
    0x00012070,0x00012071,0x00010002,0x00010003,0x00012072,0x00012073,0x00010004,0x00010005,
    0x00012074,0x00012075,0x00010006,0x00010007,0x00012076,0x00012077,0x00010008,0x00010009,
    0x00012078,0x00012079,0x0001207a,0x0001207b,0x0001207c,0x0001207d,0x0001207e,0x0001207f,
    0x00012080,0x00012081,0x00014002,0x00014003,0x00016008,0x00016009,0x00018000,0x00018001,
    0x00018002,0x00018003,0x00028004,0x0001000a,0x0001000b,0x00018005,0x00018006,0x0001000c,
    0x0001000d,0x00018007,0x00018008,0x0001000e,0x0001000f,0x00018009,0x0001800a,0x00010010,
    0x00010011,0x0001800b,0x0001800c,0x00010012,0x00010013,0x00012082,0x00012083,0x00010014,
    0x00010015,0x00012084,0x00012085,0x00010016,0x00010017,0x00012086,0x00012087,0x00010018,
    0x00010019,0x00012088,0x00012089,0x0001001a,0x0001001b,0x0001208a,0x0001208b,0x0001001c,
    0x0001001d,0x0001208c,0x0001208d,0x0001001e,0x0001001f,0x0001208e,0x0001208f,0x00010020,
    0x00010021,0x00012090,0x00012091,0x00010022,0x00010023,0x00012092,0x00012093,0x00010024,
    0x00010025,0x00012094,0x00012095,0x00010026,0x00010027,0x00012096,0x00012097,0x00010028,
    0x00010029,0x00012098,0x00012099,0x0001002a,0x0001002b,0x0001209a,0x0001209b,0x0001002c,
    0x0001002d,0x0001209c,0x0001209d,0x0001002e,0x0001002f,0x0001209e,0x0001209f,0x00010030,
    0x00010031,0x000120a0,0x000120a1,0x00010032,0x00010033,0x000120a2,0x000120a3,0x00010034,
    0x00010035,0x000120a4,0x000120a5,0x00010036,0x00010037,0x000120a6,0x000120a7,0x00010038,
    0x00010039,0x000120a8,0x000120a9,0x0001003a,0x0001003b,0x000120aa,0x000120ab,0x0001003c,
    0x0001003d,0x000120ac,0x000120ad,0x0001003e,0x0001003f,0x000120ae,0x000120af,0x00010040,
    0x00010041,0x000120b0,0x000120b1,0x00010042,0x00010043,0x000120b2,0x000120b3,0x000120b4,
    0x000120b5,0x000120b6,0x000120b7,0x000120b8,0x000120b9,0x000120ba,0x000120bb,0x000120bc,
    0x000120bd,0x000120be,0x000120bf,0x00014004,0x00014005,0x0001600a,0x0001600b,0x0001800d,
    0x0001800e,0x0001a000,0x0001800f,0x00010044,0x00010045,0x00030046,0x00010047,0x00030048,
    0x00010049,0x0003004a,0x0001004b,0x0003004c,0x0001004d,0x0003004e,0x0001004f,0x00030050,
    0x00010051,0x00030052,0x00010053,0x00030054,0x00010055,0x00030056,0x00010057,0x00018010,
    0x00018011,0x00010058,0x00010059,0x00018012,0x00018013,0x0001005a,0x0001005b,0x00018014,
    0x00018015,0x0001005c,0x0001005d,0x00018016,0x00018017,0x0001005e,0x0001005f,0x00018018,
    0x00018019,0x0002801a,0x0002801b,0x0002801c,0x0002801d,0x0002801e,0x0002801f,0x0001a001,
    0x00050000,0x00010001,0x00010002,0x00010003,0x00012000,0x00012001,0x00012002,0x00012003,
    0x00012004,0x00012005,0x00012006,0x00012007,0x00012008,0x00012009,0x0001200a,0x0001200b,
    0x0001200c,0x0001200d,0x0001200e,0x0001200f,0x00012010,0x00012011,0x00012012,0x00012013,
    0x00012014,0x00012015,0x00012016,0x00012017,0x00012018,0x00012019,0x0001201a,0x0001201b,
    0x0001201c,0x0001201d,0x0001201e,0x0001201f,0x00012020,0x00012021,0x00014000,0x00014000,
    0x00014000,0x00014000,0x00016000,0x00016001,0x00016002,0x00016003,0x00030004,0x00010005,
    0x00030006,0x00010007,0x00018000,0x00018001,0x00010008,0x00010009,0x00018002,0x00018003,
    0x0001000a,0x0001000b,0x00018004,0x00018005,0x0001000c,0x0001000d,0x00018006,0x00018007,
    0x0001000e,0x0001000f,0x00018008,0x00018009,0x00010000,0x00010001,0x0001800a,0x0001800b,
    0x00010002,0x00010003,0x00012022,0x00012023,0x00010004,0x00010005,0x00012024,0x00012025,
    0x00010006,0x00010007,0x00012026,0x00012027,0x00010008,0x00010009,0x00012028,0x00012029,
    0x0001000a,0x0001000b,0x0001202a,0x0001202b,0x0001000c,0x0001000d,0x0001202c,0x0001202d,
    0x0001000e,0x0001000f,0x0001202e,0x0001202f,0x00010000,0x00010001,0x00012030,0x00012031,
    0x00010002,0x00010003,0x00012032,0x00012033,0x00010004,0x00010005,0x00012034,0x00012035,
    0x00012036,0x00012037,0x00012038,0x00012039,0x0001203a,0x0001203b,0x0001203c,0x0001203d,
    0x0001203e,0x0001203f,0x0001800c,0x0001800d,0x0001a000,0x0001800e,0x0001800f,0x00028010,
    0x00010006,0x00010007,0x00018011,0x00018012,0x00010008,0x00010009,0x00018013,0x00018014,
    0x0001000a,0x0001000b,0x00018015,0x00018016,0x0001000c,0x0001000d,0x00018017,0x00018018,
    0x0001000e,0x0001000f,0x00018019,0x0001801a,0x00010000,0x00010001,0x0001801b,0x0001801c,
    0x00010002,0x00010003,0x0001801d,0x0001801e,0x00010004,0x00010005,0x0001801f,0x0001a001,
    0x00010006,0x00010007,0x00018020,0x00018021,0x00010008,0x00010009,0x00018022,0x00018023,
    0x0001000a,0x0001000b,0x00018024,0x00018025,0x0001000c,0x0001000d,0x00018026,0x00018027,
    0x0001000e,0x0001000f,0x00018028,0x00018029,0x0001802a,0x0001802b,0x0002802c,0x0002802d,
    0x0002802e,0x0002a002,0x0001802f,0x00018030,0x00028031,0x00028032,0x00028033,0x00028034,
    0x00028035,0x00028036,0x00028037,0x00028038,0x00028039,0x0002803a,0x0002803b,0x0002803c,
    0x0002803d,0x0002803e,0x0002803f,0x0001a003,0x00050000,0x00010001,0x00010002,0x00010003,
    0x00012000,0x00012001,0x00012002,0x00012003,0x00012004,0x00012005,0x00012006,0x00012007,
    0x00012008,0x00012009,0x0001200a,0x0001200b,0x0001200c,0x0001200d,0x0001200e,0x0001200f,
    0x00012010,0x00012011,0x00012012,0x00012013,0x00012014,0x00012015,0x00012016,0x00012017,
    0x00012018,0x00012019,0x0001201a,0x0001201b,0x0001201c,0x0001201d,0x0001201e,0x0001201f,
    0x00012020,0x00012021,0x00014000,0x00014001,0x00014000,0x00014001,0x00016000,0x00016001,
    0x00016002,0x00016003,0x00030004,0x00010005,0x00030006,0x00010007,0x00030008,0x00010009,
    0x0003000a,0x0001000b,0x0003000c,0x0001000d,0x0003000e,0x0001000f,0x00030010,0x00010011,
    0x00030012,0x00010013,0x00012022,0x00012023,0x00010014,0x00010015,0x00012024,0x00012025,
    0x00010016,0x00010017,0x00012026,0x00012027,0x00010018,0x00010019,0x00012028,0x00012029,
    0x0001001a,0x0001001b,0x0001202a,0x0001202b,0x0001001c,0x0001001d,0x0001202c,0x0001202d,
    0x0001001e,0x0001001f,0x0001202e,0x0001202f,0x00010000,0x00010001,0x00012030,0x00012031,
    0x00010002,0x00010003,0x00012032,0x00012033,0x00010004,0x00010005,0x00012034,0x00012035,
    0x00010006,0x00010007,0x00012036,0x00012037,0x00010008,0x00010009,0x00012038,0x00012039,
    0x0001203a,0x0001203b,0x0001203c,0x0001203d,0x0001203e,0x0001203f,0x00012040,0x00012041,
    0x00014000,0x00014001,0x00016004,0x00016005,0x00018000,0x00018001,0x00018002,0x00018003,
    0x00028004,0x0001000a,0x0001000b,0x00018005,0x00018006,0x0001000c,0x0001000d,0x00018007,
    0x00018008,0x0001000e,0x0001000f,0x00018009,0x0001800a,0x00010010,0x00010011,0x0001800b,
    0x0001800c,0x00010012,0x00010013,0x00012042,0x00012043,0x00010014,0x00010015,0x00012044,
    0x00012045,0x00010016,0x00010017,0x00012046,0x00012047,0x00010018,0x00010019,0x00012048,
    0x00012049,0x0001001a,0x0001001b,0x0001204a,0x0001204b,0x0001001c,0x0001001d,0x0001204c,
    0x0001204d,0x0001001e,0x0001001f,0x0001204e,0x0001204f,0x00010000,0x00010001,0x00012050,
    0x00012051,0x00010002,0x00010003,0x00012052,0x00012053,0x00010004,0x00010005,0x00012054,
    0x00012055,0x00010006,0x00012056,0x00012057,0x00012058,0x00012059,0x0001205a,0x0001205b,
    0x0001205c,0x0001205d,0x0001205e,0x0001205f,0x00012060,0x00012061,0x00014000,0x00014001,
    0x00016006,0x00016007,0x0001800d,0x0001800e,0x0001a000,0x0001800f,0x00018010,0x00028011,
    0x00010007,0x00010008,0x00018012,0x00018013,0x00010009,0x0001000a,0x00018014,0x00018015,
    0x0001000b,0x0001000c,0x00018016,0x00018017,0x0001000d,0x0001000e,0x00018018,0x00018019,
    0x0001000f,0x00010010,0x0001801a,0x0001801b,0x00010011,0x00010012,0x0001801c,0x0001801d,
    0x00010013,0x00010014,0x00012062,0x00012063,0x00010015,0x00010016,0x00012064,0x00012065,
    0x00010017,0x00010018,0x00012066,0x00012067,0x00010019,0x0001001a,0x00012068,0x00012069,
    0x0001001b,0x0001001c,0x0001206a,0x0001206b,0x0001001d,0x0001001e,0x0001206c,0x0001206d,
    0x0001001f,0x00010000,0x0001206e,0x0001206f,0x00010001,0x00010002,0x00012070,0x00012071,
    0x00010003,0x00010004,0x00012072,0x00012073,0x00010005,0x00010006,0x00012074,0x00012075,
    0x00010007,0x00012076,0x00012077,0x00012078,0x00012079,0x0001207a,0x0001207b,0x0001207c,
    0x0001207d,0x0001207e,0x0001207f,0x0001801e,0x0001801f,0x0001a001,0x00018020,0x00018021,
    0x00028022,0x00010008,0x00010009,0x00018023,0x00018024,0x0001000a,0x0001000b,0x00018025,
    0x00018026,0x0001000c,0x0001000d,0x00018027,0x00018028,0x0001000e,0x0001000f,0x00018029,
    0x0001802a,0x00010010,0x00010011,0x0001802b,0x0001802c,0x00010012,0x00010013,0x0001802d,
    0x0001802e,0x00010014,0x00010015,0x0001802f,0x0001a002,0x00010016,0x00010017,0x00018030,
    0x00018031,0x00010018,0x00010019,0x00018032,0x00018033,0x0001001a,0x0001001b,0x00018034,
    0x00018035,0x0001001c,0x0001001d,0x00018036,0x00018037,0x0001001e,0x0001001f,0x00018038,
    0x00018039,0x0002803a,0x0002803b,0x0002803c,0x0002803d,0x0002803e,0x0002a003,0x0001803f,
    0x00050000,0x00010001,0x00010002,0x00010003,0x00012000,0x00012001,0x00012002,0x00012003,
    0x00012004,0x00012005,0x00012006,0x00012007,0x00012008,0x00012009,0x0001200a,0x0001200b,
    0x0001200c,0x0001200d,0x0001200e,0x0001200f,0x00012010,0x00012011,0x00012012,0x00012013,
    0x00012014,0x00012015,0x00012016,0x00012017,0x00012018,0x00012019,0x0001201a,0x0001201b,
    0x0001201c,0x0001201d,0x0001201e,0x0001201f,0x00012020,0x00012021,0x00014000,0x00014001,
    0x00014002,0x00014000,0x00016000,0x00016001,0x00016002,0x00016003,0x00030004,0x00010005,
    0x00030006,0x00010007,0x00030008,0x00010009,0x0003000a,0x0001000b,0x0003000c,0x0001000d,
    0x0003000e,0x0001000f,0x00030010,0x00010011,0x00030012,0x00010013,0x00012022,0x00012023,
    0x00010014,0x00010015,0x00012024,0x00012025,0x00010016,0x00010017,0x00012026,0x00012027,
    0x00010018,0x00010019,0x00012028,0x00012029,0x0001001a,0x0001001b,0x0001202a,0x0001202b,
    0x0001001c,0x0001001d,0x0001202c,0x0001202d,0x0001001e,0x0001001f,0x0001202e,0x0001202f,
    0x00010020,0x00010021,0x00012030,0x00012031,0x00010022,0x00010023,0x00012032,0x00012033,
    0x00010024,0x00010025,0x00012034,0x00012035,0x00010026,0x00010027,0x00012036,0x00012037,
    0x00010028,0x00010029,0x00012038,0x00012039,0x0001002a,0x0001002b,0x0001203a,0x0001203b,
    0x0001002c,0x0001002d,0x0001203c,0x0001203d,0x0001002e,0x0001002f,0x0001203e,0x0001203f,
    0x00010000,0x00010001,0x00012040,0x00012041,0x00010002,0x00010003,0x00012042,0x00012043,
    0x00010004,0x00010005,0x00012044,0x00012045,0x00010006,0x00010007,0x00012046,0x00012047,
    0x00010008,0x00010009,0x00012048,0x00012049,0x0001204a,0x0001204b,0x0001204c,0x0001204d,
    0x0001204e,0x0001204f,0x00012050,0x00012051,0x00014001,0x00014002,0x00014000,0x00016004,
    0x00016005,0x00016006,0x00018000,0x00018001,0x00018002,0x00018003,0x00028004,0x0001000a,
    0x0001000b,0x00018005,0x00018006,0x0001000c,0x0001000d,0x00018007,0x00018008,0x0001000e,
    0x0001000f,0x00018009,0x0001800a,0x00010010,0x00010011,0x0001800b,0x0001800c,0x00010012,
    0x00010013,0x00012052,0x00012053,0x00010014,0x00010015,0x00012054,0x00012055,0x00010016,
    0x00010017,0x00012056,0x00012057,0x00010018,0x00010019,0x00012058,0x00012059,0x0001001a,
    0x0001001b,0x0001205a,0x0001205b,0x0001001c,0x0001001d,0x0001205c,0x0001205d,0x0001001e,
    0x0001001f,0x0001205e,0x0001205f,0x00010020,0x00010021,0x00012060,0x00012061,0x00010022,
    0x00010023,0x00012062,0x00012063,0x00010024,0x00010025,0x00012064,0x00012065,0x00010026,
    0x00010027,0x00012066,0x00012067,0x00010028,0x00010029,0x00012068,0x00012069,0x0001002a,
    0x0001002b,0x0001206a,0x0001206b,0x0001002c,0x0001002d,0x0001206c,0x0001206d,0x0001002e,
    0x0001002f,0x0001206e,0x0001206f,0x00010000,0x00010001,0x00012070,0x00012071,0x00010002,
    0x00010003,0x00012072,0x00012073,0x00010004,0x00010005,0x00012074,0x00012075,0x00010006,
    0x00012076,0x00012077,0x00012078,0x00012079,0x0001207a,0x0001207b,0x0001207c,0x0001207d,
    0x0001207e,0x0001207f,0x00012080,0x00012081,0x00014001,0x00014002,0x00014000,0x00016007,
    0x00016008,0x00016009,0x0001800d,0x0001800e,0x0001a000,0x0001800f,0x00018010,0x00028011,
    0x00010007,0x00010008,0x00018012,0x00018013,0x00010009,0x0001000a,0x00018014,0x00018015,
    0x0001000b,0x0001000c,0x00018016,0x00018017,0x0001000d,0x0001000e,0x00018018,0x00018019,
    0x0001000f,0x00010010,0x0001801a,0x0001801b,0x00010011,0x00010012,0x0001801c,0x0001801d,
    0x00010013,0x00010014,0x00012082,0x00012083,0x00010015,0x00010016,0x00012084,0x00012085,
    0x00010017,0x00010018,0x00012086,0x00012087,0x00010019,0x0001001a,0x00012088,0x00012089,
    0x0001001b,0x0001001c,0x0001208a,0x0001208b,0x0001001d,0x0001001e,0x0001208c,0x0001208d,
    0x0001001f,0x00010020,0x0001208e,0x0001208f,0x00010021,0x00010022,0x00012090,0x00012091,
    0x00010023,0x00010024,0x00012092,0x00012093,0x00010025,0x00010026,0x00012094,0x00012095,
    0x00010027,0x00010028,0x00012096,0x00012097,0x00010029,0x0001002a,0x00012098,0x00012099,
    0x0001002b,0x0001002c,0x0001209a,0x0001209b,0x0001002d,0x0001002e,0x0001209c,0x0001209d,
    0x0001002f,0x00010000,0x0001209e,0x0001209f,0x00010001,0x00010002,0x000120a0,0x000120a1,
    0x00010003,0x00010004,0x000120a2,0x000120a3,0x00010005,0x00010006,0x000120a4,0x000120a5,
    0x00010007,0x000120a6,0x000120a7,0x000120a8,0x000120a9,0x000120aa,0x000120ab,0x000120ac,
    0x000120ad,0x000120ae,0x000120af,0x000120b0,0x000120b1,0x00014001,0x00014002,0x0001600a,
    0x0001600b,0x0001801e,0x0001801f,0x0001a001,0x00018020,0x00018021,0x00028022,0x00010008,
    0x00010009,0x00018023,0x00018024,0x0001000a,0x0001000b,0x00018025,0x00018026,0x0001000c,
    0x0001000d,0x00018027,0x00018028,0x0001000e,0x0001000f,0x00018029,0x0001802a,0x00010010,
    0x00010011,0x0001802b,0x0001802c,0x00010012,0x00010013,0x000120b2,0x000120b3,0x00010014,
    0x00010015,0x000120b4,0x000120b5,0x00010016,0x00010017,0x000120b6,0x000120b7,0x00010018,
    0x00010019,0x000120b8,0x000120b9,0x0001001a,0x0001001b,0x000120ba,0x000120bb,0x0001001c,
    0x0001001d,0x000120bc,0x000120bd,0x0001001e,0x0001001f,0x000120be,0x000120bf,0x00010020,
    0x00010021,0x0001802d,0x0001802e,0x00010022,0x00010023,0x0001802f,0x0001a002,0x00010024,
    0x00010025,0x00030026,0x00010027,0x00018030,0x00018031,0x00010028,0x00010029,0x00018032,
    0x00018033,0x0001002a,0x0001002b,0x00018034,0x00018035,0x0001002c,0x0001002d,0x00018036,
    0x00018037,0x0001002e,0x0001002f,0x00018038,0x00018039,0x0002803a,0x0002803b,0x0002803c,
    0x0002803d,0x0002803e,0x0002a003,0x0001803f,0x00050000,0x00010001,0x00010002,0x00010003,
    0x00012000,0x00012001,0x00012002,0x00012003,0x00012004,0x00012005,0x00012006,0x00012007,
    0x00012008,0x00012009,0x0001200a,0x0001200b,0x0001200c,0x0001200d,0x0001200e,0x0001200f,
    0x00012010,0x00012011,0x00012012,0x00012013,0x00012014,0x00012015,0x00012016,0x00012017,
    0x00012018,0x00012019,0x0001201a,0x0001201b,0x0001201c,0x0001201d,0x0001201e,0x0001201f,
    0x00012020,0x00012021,0x00014000,0x00014001,0x00014002,0x00014003,0x00016000,0x00016001,
    0x00016002,0x00016003,0x00030004,0x00010005,0x00030006,0x00010007,0x00030008,0x00010009,
    0x0003000a,0x0001000b,0x0003000c,0x0001000d,0x0003000e,0x0001000f,0x00030010,0x00010011,
    0x00030012,0x00010013,0x00012022,0x00012023,0x00010014,0x00010015,0x00012024,0x00012025,
    0x00010016,0x00010017,0x00012026,0x00012027,0x00010018,0x00010019,0x00012028,0x00012029,
    0x0001001a,0x0001001b,0x0001202a,0x0001202b,0x0001001c,0x0001001d,0x0001202c,0x0001202d,
    0x0001001e,0x0001001f,0x0001202e,0x0001202f,0x00010020,0x00010021,0x00012030,0x00012031,
    0x00010022,0x00010023,0x00012032,0x00012033,0x00010024,0x00010025,0x00012034,0x00012035,
    0x00010026,0x00010027,0x00012036,0x00012037,0x00010028,0x00010029,0x00012038,0x00012039,
    0x0001002a,0x0001002b,0x0001203a,0x0001203b,0x0001002c,0x0001002d,0x0001203c,0x0001203d,
    0x0001002e,0x0001002f,0x0001203e,0x0001203f,0x00010030,0x00010031,0x00012040,0x00012041,
    0x00010032,0x00010033,0x00012042,0x00012043,0x00010034,0x00010035,0x00012044,0x00012045,
    0x00010036,0x00010037,0x00012046,0x00012047,0x00010038,0x00010039,0x00012048,0x00012049,
    0x0001003a,0x0001003b,0x0001204a,0x0001204b,0x0001003c,0x0001003d,0x0001204c,0x0001204d,
    0x0001003e,0x0001003f,0x0001204e,0x0001204f,0x00010000,0x00010001,0x00012050,0x00012051,
    0x00010002,0x00010003,0x00012052,0x00012053,0x00012054,0x00012055,0x00012056,0x00012057,
    0x00012058,0x00012059,0x0001205a,0x0001205b,0x0001205c,0x0001205d,0x0001205e,0x0001205f,
    0x00012060,0x00012061,0x00014000,0x00014001,0x00014002,0x00014003,0x00016004,0x00016005,
    0x00016006,0x00016007,0x00018000,0x00018001,0x00010004,0x00010005,0x00018002,0x00018003,
    0x00010006,0x00010007,0x00018004,0x00018005,0x00010008,0x00010009,0x00018006,0x00018007,
    0x0001000a,0x0001000b,0x00018008,0x00018009,0x0001000c,0x0001000d,0x0001800a,0x0001800b,
    0x0001000e,0x0001000f,0x0001800c,0x0001800d,0x00010010,0x00010011,0x0001800e,0x0001a000,
    0x00010012,0x00010013,0x00012062,0x00012063,0x00010014,0x00010015,0x00012064,0x00012065,
    0x00010016,0x00010017,0x00012066,0x00012067,0x00010018,0x00010019,0x00012068,0x00012069,
    0x0001001a,0x0001001b,0x0001206a,0x0001206b,0x0001001c,0x0001001d,0x0001206c,0x0001206d,
    0x0001001e,0x0001001f,0x0001206e,0x0001206f,0x00010020,0x00010021,0x00012070,0x00012071,
    0x00010022,0x00010023,0x00012072,0x00012073,0x00010024,0x00010025,0x00012074,0x00012075,
    0x00010026,0x00010027,0x00012076,0x00012077,0x00010028,0x00010029,0x00012078,0x00012079,
    0x0001002a,0x0001002b,0x0001207a,0x0001207b,0x0001002c,0x0001002d,0x0001207c,0x0001207d,
    0x0001002e,0x0001002f,0x0001207e,0x0001207f,0x00010030,0x00010031,0x00012080,0x00012081,
    0x00010032,0x00010033,0x00012082,0x00012083,0x00010034,0x00010035,0x00012084,0x00012085,
    0x00010036,0x00010037,0x00012086,0x00012087,0x00010038,0x00010039,0x00012088,0x00012089,
    0x0001003a,0x0001003b,0x0001208a,0x0001208b,0x0001003c,0x0001003d,0x0001208c,0x0001208d,
    0x0001003e,0x0001003f,0x0001208e,0x0001208f,0x00010000,0x00010001,0x00012090,0x00012091,
    0x00010002,0x00010003,0x00012092,0x00012093,0x00012094,0x00012095,0x00012096,0x00012097,
    0x00012098,0x00012099,0x0001209a,0x0001209b,0x0001209c,0x0001209d,0x0001209e,0x0001209f,
    0x000120a0,0x000120a1,0x00014000,0x00014001,0x00014002,0x00014003,0x00016008,0x00016009,
    0x0001600a,0x0001600b,0x0001800f,0x00018010,0x00010004,0x00010005,0x00018011,0x00018012,
    0x00010006,0x00010007,0x00018013,0x00018014,0x00010008,0x00010009,0x00018015,0x00018016,
    0x0001000a,0x0001000b,0x00018017,0x00018018,0x0001000c,0x0001000d,0x00018019,0x0001801a,
    0x0001000e,0x0001000f,0x0001801b,0x0001801c,0x00010010,0x00010011,0x0001801d,0x0001801e,
    0x00010012,0x00010013,0x000120a2,0x000120a3,0x00010014,0x00010015,0x000120a4,0x000120a5,
    0x00010016,0x00010017,0x000120a6,0x000120a7,0x00010018,0x00010019,0x000120a8,0x000120a9,
    0x0001001a,0x0001001b,0x000120aa,0x000120ab,0x0001001c,0x0001001d,0x000120ac,0x000120ad,
    0x0001001e,0x0001001f,0x000120ae,0x000120af,0x00010020,0x00010021,0x000120b0,0x000120b1,
    0x00010022,0x00010023,0x000120b2,0x000120b3,0x00010024,0x00010025,0x000120b4,0x000120b5,
    0x00010026,0x00010027,0x000120b6,0x000120b7,0x00010028,0x00010029,0x000120b8,0x000120b9,
    0x0001002a,0x0001002b,0x000120ba,0x000120bb,0x0001002c,0x0001002d,0x000120bc,0x000120bd,
    0x0001002e,0x0001002f,0x000120be,0x000120bf,0x00010030,0x00010031,0x000120c0,0x000120c1,
    0x00010032,0x00010033,0x000120c2,0x000120c3,0x00010034,0x00010035,0x000120c4,0x000120c5,
    0x00010036,0x00010037,0x000120c6,0x000120c7,0x00010038,0x00010039,0x000120c8,0x000120c9,
    0x0001003a,0x0001003b,0x000120ca,0x000120cb,0x0001003c,0x0001003d,0x000120cc,0x000120cd,
    0x0001003e,0x0001003f,0x000120ce,0x000120cf,0x00010000,0x00010001,0x000120d0,0x000120d1,
    0x00010002,0x00010003,0x000120d2,0x000120d3,0x000120d4,0x000120d5,0x000120d6,0x000120d7,
    0x000120d8,0x000120d9,0x000120da,0x000120db,0x000120dc,0x000120dd,0x000120de,0x000120df,
    0x000120e0,0x000120e1,0x00014000,0x00014001,0x00014002,0x00014003,0x0001600c,0x0001600d,
    0x0001600e,0x0001600f,0x0001801f,0x0001a001,0x00010004,0x00010005,0x00018020,0x00018021,
    0x00010006,0x00010007,0x00018022,0x00018023,0x00010008,0x00010009,0x00018024,0x00018025,
    0x0001000a,0x0001000b,0x00018026,0x00018027,0x0001000c,0x0001000d,0x00018028,0x00018029,
    0x0001000e,0x0001000f,0x0001802a,0x0001802b,0x00010010,0x00010011,0x0001802c,0x0001802d,
    0x00010012,0x00010013,0x000120e2,0x000120e3,0x00010014,0x00010015,0x000120e4,0x000120e5,
    0x00010016,0x00010017,0x000120e6,0x000120e7,0x00010018,0x00010019,0x000120e8,0x000120e9,
    0x0001001a,0x0001001b,0x000120ea,0x000120eb,0x0001001c,0x0001001d,0x000120ec,0x000120ed,
    0x0001001e,0x0001001f,0x000120ee,0x000120ef,0x00010020,0x00010021,0x000120f0,0x000120f1,
    0x00010022,0x00010023,0x000120f2,0x000120f3,0x00010024,0x00010025,0x000120f4,0x000120f5,
    0x00010026,0x00010027,0x000120f6,0x000120f7,0x00010028,0x00010029,0x000120f8,0x000120f9,
    0x0001002a,0x0001002b,0x000120fa,0x000120fb,0x0001002c,0x0001002d,0x000120fc,0x000120fd,
    0x0001002e,0x0001002f,0x000120fe,0x000120ff,0x00010030,0x00010031,0x0001802e,0x0001a002,
    0x00010032,0x00010033,0x0001802f,0x00020034,0x00010035,0x00030036,0x00010037,0x00018030,
    0x00018031,0x00010038,0x00010039,0x00018032,0x00018033,0x0001003a,0x0001003b,0x00018034,
    0x00018035,0x0001003c,0x0001003d,0x00018036,0x00018037,0x0001003e,0x0001003f,0x00018038,
    0x00018039,0x0002803a,0x0002803b,0x0002803c,0x0002803d,0x0002803e,0x0002803f,0x0001a003,
    0x00050000,0x00010001,0x00010002,0x00010003,0x00012000,0x00012001,0x00012002,0x00012003,
    0x00012004,0x00012005,0x00012006,0x00012007,0x00012008,0x00012009,0x0001200a,0x0001200b,
    0x0001200c,0x0001200d,0x0001200e,0x0001200f,0x00012010,0x00012011,0x00012012,0x00012013,
    0x00012014,0x00012015,0x00012016,0x00012017,0x00012018,0x00012019,0x0001201a,0x0001201b,
    0x0001201c,0x0001201d,0x0001201e,0x0001201f,0x00012020,0x00012021,0x00014000,0x00014001,
    0x00014002,0x00014003,0x00016000,0x00016001,0x00016002,0x00016003,0x00030004,0x00010005,
    0x00030006,0x00010007,0x00030008,0x00010009,0x0003000a,0x0001000b,0x0003000c,0x0001000d,
    0x0003000e,0x0001000f,0x00030010,0x00010011,0x00030012,0x00010013,0x00012022,0x00012023,
    0x00010014,0x00010015,0x00012024,0x00012025,0x00010016,0x00010017,0x00012026,0x00012027,
    0x00010018,0x00010019,0x00012028,0x00012029,0x0001001a,0x0001001b,0x0001202a,0x0001202b,
    0x0001001c,0x0001001d,0x0001202c,0x0001202d,0x0001001e,0x0001001f,0x0001202e,0x0001202f,
    0x00010020,0x00010021,0x00012030,0x00012031,0x00010022,0x00010023,0x00012032,0x00012033,
    0x00010024,0x00010025,0x00012034,0x00012035,0x00010026,0x00010027,0x00012036,0x00012037,
    0x00010028,0x00010029,0x00012038,0x00012039,0x0001002a,0x0001002b,0x0001203a,0x0001203b,
    0x0001002c,0x0001002d,0x0001203c,0x0001203d,0x0001002e,0x0001002f,0x0001203e,0x0001203f,
    0x00010030,0x00010031,0x00012040,0x00012041,0x00010032,0x00010033,0x00012042,0x00012043,
    0x00010034,0x00010035,0x00012044,0x00012045,0x00010036,0x00010037,0x00012046,0x00012047,
    0x00010038,0x00010039,0x00012048,0x00012049,0x0001003a,0x0001003b,0x0001204a,0x0001204b,
    0x0001003c,0x0001003d,0x0001204c,0x0001204d,0x0001003e,0x0001003f,0x0001204e,0x0001204f,
    0x00010040,0x00010041,0x00012050,0x00012051,0x00010042,0x00010043,0x00012052,0x00012053,
    0x00012054,0x00012055,0x00012056,0x00012057,0x00012058,0x00012059,0x0001205a,0x0001205b,
    0x0001205c,0x0001205d,0x0001205e,0x0001205f,0x00012060,0x00012061,0x00014004,0x00014000,
    0x00014001,0x00014002,0x00016004,0x00016005,0x00016006,0x00016007,0x00030044,0x00010045,
    0x00030046,0x00010047,0x00018000,0x00018001,0x00010048,0x00010049,0x00018002,0x00018003,
    0x0001004a,0x0001004b,0x00018004,0x00018005,0x0001004c,0x0001004d,0x00018006,0x00018007,
    0x0001004e,0x0001004f,0x00018008,0x00018009,0x00010000,0x00010001,0x0001800a,0x0001800b,
    0x00010002,0x00010003,0x00012062,0x00012063,0x00010004,0x00010005,0x00012064,0x00012065,
    0x00010006,0x00010007,0x00012066,0x00012067,0x00010008,0x00010009,0x00012068,0x00012069,
    0x0001000a,0x0001000b,0x0001206a,0x0001206b,0x0001000c,0x0001000d,0x0001206c,0x0001206d,
    0x0001000e,0x0001000f,0x0001206e,0x0001206f,0x00010010,0x00010011,0x00012070,0x00012071,
    0x00010012,0x00010013,0x00012072,0x00012073,0x00010014,0x00010015,0x00012074,0x00012075,
    0x00010016,0x00010017,0x00012076,0x00012077,0x00010018,0x00010019,0x00012078,0x00012079,
    0x0001001a,0x0001001b,0x0001207a,0x0001207b,0x0001001c,0x0001001d,0x0001207c,0x0001207d,
    0x0001001e,0x0001001f,0x0001207e,0x0001207f,0x00010020,0x00010021,0x00012080,0x00012081,
    0x00010022,0x00010023,0x00012082,0x00012083,0x00010024,0x00010025,0x00012084,0x00012085,
    0x00010026,0x00010027,0x00012086,0x00012087,0x00010028,0x00010029,0x00012088,0x00012089,
    0x0001002a,0x0001002b,0x0001208a,0x0001208b,0x0001002c,0x0001002d,0x0001208c,0x0001208d,
    0x0001002e,0x0001002f,0x0001208e,0x0001208f,0x00010030,0x00010031,0x00012090,0x00012091,
    0x00010032,0x00010033,0x00012092,0x00012093,0x00012094,0x00012095,0x00012096,0x00012097,
    0x00012098,0x00012099,0x0001209a,0x0001209b,0x0001209c,0x0001209d,0x0001209e,0x0001209f,
    0x000120a0,0x000120a1,0x00014003,0x00014004,0x00014000,0x00014001,0x00016008,0x00016009,
    0x0001600a,0x0001600b,0x0001800c,0x0001800d,0x00010034,0x00010035,0x0001a000,0x0001800e,
    0x00010036,0x00010037,0x0001800f,0x00020038,0x00010039,0x0003003a,0x0001003b,0x0003003c,
    0x0001003d,0x0003003e,0x0001003f,0x00030040,0x00010041,0x00030042,0x00010043,0x000120a2,
    0x000120a3,0x00010044,0x00010045,0x000120a4,0x000120a5,0x00010046,0x00010047,0x000120a6,
    0x000120a7,0x00010048,0x00010049,0x000120a8,0x000120a9,0x0001004a,0x0001004b,0x000120aa,
    0x000120ab,0x0001004c,0x0001004d,0x000120ac,0x000120ad,0x0001004e,0x0001004f,0x000120ae,
    0x000120af,0x00010000,0x00010001,0x000120b0,0x000120b1,0x00010002,0x00010003,0x000120b2,
    0x000120b3,0x00010004,0x00010005,0x000120b4,0x000120b5,0x00010006,0x00010007,0x000120b6,
    0x000120b7,0x00010008,0x00010009,0x000120b8,0x000120b9,0x000120ba,0x000120bb,0x000120bc,
    0x000120bd,0x000120be,0x000120bf,0x000120c0,0x000120c1,0x00014002,0x00014003,0x0001600c,
    0x0001600d,0x00018010,0x00018011,0x00018012,0x00018013,0x00028014,0x0001000a,0x0001000b,
    0x00018015,0x00018016,0x0001000c,0x0001000d,0x00018017,0x00018018,0x0001000e,0x0001000f,
    0x00018019,0x0001801a,0x00010010,0x00010011,0x0001801b,0x0001801c,0x00010012,0x00010013,
    0x000120c2,0x000120c3,0x00010014,0x00010015,0x000120c4,0x000120c5,0x00010016,0x00010017,
    0x000120c6,0x000120c7,0x00010018,0x00010019,0x000120c8,0x000120c9,0x0001001a,0x0001001b,
    0x000120ca,0x000120cb,0x0001001c,0x0001001d,0x000120cc,0x000120cd,0x0001001e,0x0001001f,
    0x000120ce,0x000120cf,0x00010020,0x00010021,0x000120d0,0x000120d1,0x00010022,0x00010023,
    0x000120d2,0x000120d3,0x00010024,0x00010025,0x000120d4,0x000120d5,0x00010026,0x00010027,
    0x000120d6,0x000120d7,0x00010028,0x00010029,0x000120d8,0x000120d9,0x0001002a,0x0001002b,
    0x000120da,0x000120db,0x0001002c,0x0001002d,0x000120dc,0x000120dd,0x0001002e,0x0001002f,
    0x000120de,0x000120df,0x00010030,0x00010031,0x000120e0,0x000120e1,0x00010032,0x00010033,
    0x000120e2,0x000120e3,0x00010034,0x00010035,0x000120e4,0x000120e5,0x00010036,0x00010037,
    0x000120e6,0x000120e7,0x00010038,0x00010039,0x000120e8,0x000120e9,0x0001003a,0x0001003b,
    0x000120ea,0x000120eb,0x0001003c,0x0001003d,0x000120ec,0x000120ed,0x0001003e,0x0001003f,
    0x000120ee,0x000120ef,0x00010040,0x00010041,0x000120f0,0x000120f1,0x00010042,0x00010043,
    0x000120f2,0x000120f3,0x000120f4,0x000120f5,0x000120f6,0x000120f7,0x000120f8,0x000120f9,
    0x000120fa,0x000120fb,0x000120fc,0x000120fd,0x000120fe,0x000120ff,0x00012100,0x00012101,
    0x00014004,0x00014000,0x00014001,0x00014002,0x0001600e,0x0001600f,0x00016010,0x00016011,
    0x0001801d,0x0001801e,0x00010044,0x00010045,0x0001801f,0x0001a001,0x00010046,0x00010047,
    0x00018020,0x00018021,0x00010048,0x00010049,0x00018022,0x00018023,0x0001004a,0x0001004b,
    0x00018024,0x00018025,0x0001004c,0x0001004d,0x00018026,0x00018027,0x0001004e,0x0001004f,
    0x00018028,0x00018029,0x00010000,0x00010001,0x0001802a,0x0001802b,0x00010002,0x00010003,
    0x00012102,0x00012103,0x00010004,0x00010005,0x00012104,0x00012105,0x00010006,0x00010007,
    0x00012106,0x00012107,0x00010008,0x00010009,0x00012108,0x00012109,0x0001000a,0x0001000b,
    0x0001210a,0x0001210b,0x0001000c,0x0001000d,0x0001210c,0x0001210d,0x0001000e,0x0001000f,
    0x0001210e,0x0001210f,0x00010010,0x00010011,0x00012110,0x00012111,0x00010012,0x00010013,
    0x00012112,0x00012113,0x00010014,0x00010015,0x00012114,0x00012115,0x00010016,0x00010017,
    0x00012116,0x00012117,0x00010018,0x00010019,0x00012118,0x00012119,0x0001001a,0x0001001b,
    0x0001211a,0x0001211b,0x0001001c,0x0001001d,0x0001211c,0x0001211d,0x0001001e,0x0001001f,
    0x0001211e,0x0001211f,0x00010020,0x00010021,0x00012120,0x00012121,0x00010022,0x00010023,
    0x00012122,0x00012123,0x00010024,0x00010025,0x00012124,0x00012125,0x00010026,0x00010027,
    0x00012126,0x00012127,0x00010028,0x00010029,0x00012128,0x00012129,0x0001002a,0x0001002b,
    0x0001212a,0x0001212b,0x0001002c,0x0001002d,0x0001212c,0x0001212d,0x0001002e,0x0001002f,
    0x0001212e,0x0001212f,0x00010030,0x00010031,0x00012130,0x00012131,0x00010032,0x00010033,
    0x00012132,0x00012133,0x00012134,0x00012135,0x00012136,0x00012137,0x00012138,0x00012139,
    0x0001213a,0x0001213b,0x0001213c,0x0001213d,0x0001213e,0x0001213f,0x00014003,0x00014004,
    0x00016012,0x00016013,0x0001802c,0x0001802d,0x0001a002,0x0001802e,0x00010034,0x00010035,
    0x0001802f,0x00020036,0x00010037,0x00030038,0x00010039,0x0003003a,0x0001003b,0x0003003c,
    0x0001003d,0x0003003e,0x0001003f,0x00030040,0x00010041,0x00030042,0x00010043,0x00030044,
    0x00010045,0x00030046,0x00010047,0x00018030,0x00018031,0x00010048,0x00010049,0x00018032,
    0x00018033,0x0001004a,0x0001004b,0x00018034,0x00018035,0x0001004c,0x0001004d,0x00018036,
    0x00018037,0x0001004e,0x0001004f,0x00018038,0x00018039,0x0002803a,0x0002803b,0x0002803c,
    0x0002803d,0x0002803e,0x0002803f,0x0001a003,0x00050000,0x00010001,0x00010002,0x00010003,
    0x00012000,0x00012001,0x00012002,0x00012003,0x00012004,0x00012005,0x00012006,0x00012007,
    0x00012008,0x00012009,0x0001200a,0x0001200b,0x0001200c,0x0001200d,0x0001200e,0x0001200f,
    0x00012010,0x00012011,0x00012012,0x00012013,0x00012014,0x00012015,0x00012016,0x00012017,
    0x00012018,0x00012019,0x0001201a,0x0001201b,0x0001201c,0x0001201d,0x0001201e,0x0001201f,
    0x00012020,0x00012021,0x00014000,0x00014001,0x00014002,0x00014003,0x00016000,0x00016001,
    0x00016002,0x00016003,0x00030004,0x00010005,0x00030006,0x00010007,0x00030008,0x00010009,
    0x0003000a,0x0001000b,0x0003000c,0x0001000d,0x0003000e,0x0001000f,0x00030010,0x00010011,
    0x00030012,0x00010013,0x00012022,0x00012023,0x00010014,0x00010015,0x00012024,0x00012025,
    0x00010016,0x00010017,0x00012026,0x00012027,0x00010018,0x00010019,0x00012028,0x00012029,
    0x0001001a,0x0001001b,0x0001202a,0x0001202b,0x0001001c,0x0001001d,0x0001202c,0x0001202d,
    0x0001001e,0x0001001f,0x0001202e,0x0001202f,0x00010020,0x00010021,0x00012030,0x00012031,
    0x00010022,0x00010023,0x00012032,0x00012033,0x00010024,0x00010025,0x00012034,0x00012035,
    0x00010026,0x00010027,0x00012036,0x00012037,0x00010028,0x00010029,0x00012038,0x00012039,
    0x0001002a,0x0001002b,0x0001203a,0x0001203b,0x0001002c,0x0001002d,0x0001203c,0x0001203d,
    0x0001002e,0x0001002f,0x0001203e,0x0001203f,0x00010030,0x00010031,0x00012040,0x00012041,
    0x00010032,0x00010033,0x00012042,0x00012043,0x00010034,0x00010035,0x00012044,0x00012045,
    0x00010036,0x00010037,0x00012046,0x00012047,0x00010038,0x00010039,0x00012048,0x00012049,
    0x0001003a,0x0001003b,0x0001204a,0x0001204b,0x0001003c,0x0001003d,0x0001204c,0x0001204d,
    0x0001003e,0x0001003f,0x0001204e,0x0001204f,0x00010040,0x00010041,0x00012050,0x00012051,
    0x00010042,0x00010043,0x00012052,0x00012053,0x00012054,0x00012055,0x00012056,0x00012057,
    0x00012058,0x00012059,0x0001205a,0x0001205b,0x0001205c,0x0001205d,0x0001205e,0x0001205f,
    0x00012060,0x00012061,0x00014004,0x00014005,0x00014000,0x00014001,0x00016004,0x00016005,
    0x00016006,0x00016007,0x00030044,0x00010045,0x00030046,0x00010047,0x00030048,0x00010049,
    0x0003004a,0x0001004b,0x0003004c,0x0001004d,0x0003004e,0x0001004f,0x00030050,0x00010051,
    0x00030052,0x00010053,0x00012062,0x00012063,0x00010054,0x00010055,0x00012064,0x00012065,
    0x00010056,0x00010057,0x00012066,0x00012067,0x00010058,0x00010059,0x00012068,0x00012069,
    0x0001005a,0x0001005b,0x0001206a,0x0001206b,0x0001005c,0x0001005d,0x0001206c,0x0001206d,
    0x0001005e,0x0001005f,0x0001206e,0x0001206f,0x00010000,0x00010001,0x00012070,0x00012071,
    0x00010002,0x00010003,0x00012072,0x00012073,0x00010004,0x00010005,0x00012074,0x00012075,
    0x00010006,0x00010007,0x00012076,0x00012077,0x00010008,0x00010009,0x00012078,0x00012079,
    0x0001207a,0x0001207b,0x0001207c,0x0001207d,0x0001207e,0x0001207f,0x00012080,0x00012081,
    0x00014002,0x00014003,0x00016008,0x00016009,0x00018000,0x00018001,0x00018002,0x00018003,
    0x00028004,0x0001000a,0x0001000b,0x00018005,0x00018006,0x0001000c,0x0001000d,0x00018007,
    0x00018008,0x0001000e,0x0001000f,0x00018009,0x0001800a,0x00010010,0x00010011,0x0001800b,
    0x0001800c,0x00010012,0x00010013,0x00012082,0x00012083,0x00010014,0x00010015,0x00012084,
    0x00012085,0x00010016,0x00010017,0x00012086,0x00012087,0x00010018,0x00010019,0x00012088,
    0x00012089,0x0001001a,0x0001001b,0x0001208a,0x0001208b,0x0001001c,0x0001001d,0x0001208c,
    0x0001208d,0x0001001e,0x0001001f,0x0001208e,0x0001208f,0x00010020,0x00010021,0x00012090,
    0x00012091,0x00010022,0x00010023,0x00012092,0x00012093,0x00010024,0x00010025,0x00012094,
    0x00012095,0x00010026,0x00010027,0x00012096,0x00012097,0x00010028,0x00010029,0x00012098,
    0x00012099,0x0001002a,0x0001002b,0x0001209a,0x0001209b,0x0001002c,0x0001002d,0x0001209c,
    0x0001209d,0x0001002e,0x0001002f,0x0001209e,0x0001209f,0x00010030,0x00010031,0x000120a0,
    0x000120a1,0x00010032,0x00010033,0x000120a2,0x000120a3,0x00010034,0x00010035,0x000120a4,
    0x000120a5,0x00010036,0x00010037,0x000120a6,0x000120a7,0x00010038,0x00010039,0x000120a8,
    0x000120a9,0x0001003a,0x0001003b,0x000120aa,0x000120ab,0x0001003c,0x0001003d,0x000120ac,
    0x000120ad,0x0001003e,0x0001003f,0x000120ae,0x000120af,0x00010040,0x00010041,0x000120b0,
    0x000120b1,0x00010042,0x00010043,0x000120b2,0x000120b3,0x000120b4,0x000120b5,0x000120b6,
    0x000120b7,0x000120b8,0x000120b9,0x000120ba,0x000120bb,0x000120bc,0x000120bd,0x000120be,
    0x000120bf,0x000120c0,0x000120c1,0x00014004,0x00014005,0x00014000,0x00014001,0x0001600a,
    0x0001600b,0x0001600c,0x0001600d,0x0001800d,0x0001800e,0x00010044,0x00010045,0x0001a000,
    0x0001800f,0x00010046,0x00010047,0x00030048,0x00010049,0x0003004a,0x0001004b,0x0003004c,
    0x0001004d,0x0003004e,0x0001004f,0x00030050,0x00010051,0x00030052,0x00010053,0x000120c2,
    0x000120c3,0x00010054,0x00010055,0x000120c4,0x000120c5,0x00010056,0x00010057,0x000120c6,
    0x000120c7,0x00010058,0x00010059,0x000120c8,0x000120c9,0x0001005a,0x0001005b,0x000120ca,
    0x000120cb,0x0001005c,0x0001005d,0x000120cc,0x000120cd,0x0001005e,0x0001005f,0x000120ce,
    0x000120cf,0x00010000,0x00010001,0x000120d0,0x000120d1,0x00010002,0x00010003,0x000120d2,
    0x000120d3,0x00010004,0x00010005,0x000120d4,0x000120d5,0x00010006,0x00010007,0x000120d6,
    0x000120d7,0x00010008,0x00010009,0x000120d8,0x000120d9,0x000120da,0x000120db,0x000120dc,
    0x000120dd,0x000120de,0x000120df,0x000120e0,0x000120e1,0x00014002,0x00014003,0x0001600e,
    0x0001600f,0x00018010,0x00018011,0x00018012,0x00018013,0x00028014,0x0001000a,0x0001000b,
    0x00018015,0x00018016,0x0001000c,0x0001000d,0x00018017,0x00018018,0x0001000e,0x0001000f,
    0x00018019,0x0001801a,0x00010010,0x00010011,0x0001801b,0x0001801c,0x00010012,0x00010013,
    0x000120e2,0x000120e3,0x00010014,0x00010015,0x000120e4,0x000120e5,0x00010016,0x00010017,
    0x000120e6,0x000120e7,0x00010018,0x00010019,0x000120e8,0x000120e9,0x0001001a,0x0001001b,
    0x000120ea,0x000120eb,0x0001001c,0x0001001d,0x000120ec,0x000120ed,0x0001001e,0x0001001f,
    0x000120ee,0x000120ef,0x00010020,0x00010021,0x000120f0,0x000120f1,0x00010022,0x00010023,
    0x000120f2,0x000120f3,0x00010024,0x00010025,0x000120f4,0x000120f5,0x00010026,0x00010027,
    0x000120f6,0x000120f7,0x00010028,0x00010029,0x000120f8,0x000120f9,0x0001002a,0x0001002b,
    0x000120fa,0x000120fb,0x0001002c,0x0001002d,0x000120fc,0x000120fd,0x0001002e,0x0001002f,
    0x000120fe,0x000120ff,0x00010030,0x00010031,0x00012100,0x00012101,0x00010032,0x00010033,
    0x00012102,0x00012103,0x00010034,0x00010035,0x00012104,0x00012105,0x00010036,0x00010037,
    0x00012106,0x00012107,0x00010038,0x00010039,0x00012108,0x00012109,0x0001003a,0x0001003b,
    0x0001210a,0x0001210b,0x0001003c,0x0001003d,0x0001210c,0x0001210d,0x0001003e,0x0001003f,
    0x0001210e,0x0001210f,0x00010040,0x00010041,0x00012110,0x00012111,0x00010042,0x00010043,
    0x00012112,0x00012113,0x00012114,0x00012115,0x00012116,0x00012117,0x00012118,0x00012119,
    0x0001211a,0x0001211b,0x0001211c,0x0001211d,0x0001211e,0x0001211f,0x00012120,0x00012121,
    0x00014004,0x00014005,0x00014000,0x00014001,0x00016010,0x00016011,0x00016012,0x00016013,
    0x0001801d,0x0001801e,0x00010044,0x00010045,0x0001801f,0x0001a001,0x00010046,0x00010047,
    0x00030048,0x00010049,0x0003004a,0x0001004b,0x0003004c,0x0001004d,0x0003004e,0x0001004f,
    0x00030050,0x00010051,0x00030052,0x00010053,0x00012122,0x00012123,0x00010054,0x00010055,
    0x00012124,0x00012125,0x00010056,0x00010057,0x00012126,0x00012127,0x00010058,0x00010059,
    0x00012128,0x00012129,0x0001005a,0x0001005b,0x0001212a,0x0001212b,0x0001005c,0x0001005d,
    0x0001212c,0x0001212d,0x0001005e,0x0001005f,0x0001212e,0x0001212f,0x00010000,0x00010001,
    0x00012130,0x00012131,0x00010002,0x00010003,0x00012132,0x00012133,0x00010004,0x00010005,
    0x00012134,0x00012135,0x00010006,0x00010007,0x00012136,0x00012137,0x00010008,0x00010009,
    0x00012138,0x00012139,0x0001213a,0x0001213b,0x0001213c,0x0001213d,0x0001213e,0x0001213f,
    0x00012140,0x00012141,0x00014002,0x00014003,0x00016014,0x00016015,0x00018020,0x00018021,
    0x00018022,0x00018023,0x00028024,0x0001000a,0x0001000b,0x00018025,0x00018026,0x0001000c,
    0x0001000d,0x00018027,0x00018028,0x0001000e,0x0001000f,0x00018029,0x0001802a,0x00010010,
    0x00010011,0x0001802b,0x0001802c,0x00010012,0x00010013,0x00012142,0x00012143,0x00010014,
    0x00010015,0x00012144,0x00012145,0x00010016,0x00010017,0x00012146,0x00012147,0x00010018,
    0x00010019,0x00012148,0x00012149,0x0001001a,0x0001001b,0x0001214a,0x0001214b,0x0001001c,
    0x0001001d,0x0001214c,0x0001214d,0x0001001e,0x0001001f,0x0001214e,0x0001214f,0x00010020,
    0x00010021,0x00012150,0x00012151,0x00010022,0x00010023,0x00012152,0x00012153,0x00010024,
    0x00010025,0x00012154,0x00012155,0x00010026,0x00010027,0x00012156,0x00012157,0x00010028,
    0x00010029,0x00012158,0x00012159,0x0001002a,0x0001002b,0x0001215a,0x0001215b,0x0001002c,
    0x0001002d,0x0001215c,0x0001215d,0x0001002e,0x0001002f,0x0001215e,0x0001215f,0x00010030,
    0x00010031,0x00012160,0x00012161,0x00010032,0x00010033,0x00012162,0x00012163,0x00010034,
    0x00010035,0x00012164,0x00012165,0x00010036,0x00010037,0x00012166,0x00012167,0x00010038,
    0x00010039,0x00012168,0x00012169,0x0001003a,0x0001003b,0x0001216a,0x0001216b,0x0001003c,
    0x0001003d,0x0001216c,0x0001216d,0x0001003e,0x0001003f,0x0001216e,0x0001216f,0x00010040,
    0x00010041,0x00012170,0x00012171,0x00010042,0x00010043,0x00012172,0x00012173,0x00012174,
    0x00012175,0x00012176,0x00012177,0x00012178,0x00012179,0x0001217a,0x0001217b,0x0001217c,
    0x0001217d,0x0001217e,0x0001217f,0x00014004,0x00014005,0x00016016,0x00016017,0x0001802d,
    0x0001802e,0x0001a002,0x0001802f,0x00010044,0x00010045,0x00030046,0x00010047,0x00030048,
    0x00010049,0x0003004a,0x0001004b,0x0003004c,0x0001004d,0x0003004e,0x0001004f,0x00030050,
    0x00010051,0x00030052,0x00010053,0x00030054,0x00010055,0x00030056,0x00010057,0x00018030,
    0x00018031,0x00010058,0x00010059,0x00018032,0x00018033,0x0001005a,0x0001005b,0x00018034,
    0x00018035,0x0001005c,0x0001005d,0x00018036,0x00018037,0x0001005e,0x0001005f,0x00018038,
    0x00018039,0x0002803a,0x0002803b,0x0002803c,0x0002803d,0x0002803e,0x0002803f,0x0001a003,
    0x00050000,0x00010001,0x00010002,0x00010003,0x00012000,0x00012001,0x00012002,0x00012003,
    0x00012004,0x00012005,0x00012006,0x00012007,0x00012008,0x00012009,0x0001200a,0x0001200b,
    0x0001200c,0x0001200d,0x0001200e,0x0001200f,0x00012000,0x00012001,0x00012002,0x00012003,
    0x00012004,0x00012005,0x00012006,0x00012007,0x00012008,0x00012009,0x0001200a,0x0001200b,
    0x0001200c,0x0001200d,0x0001200e,0x0001200f,0x00014000,0x00014001,0x00016000,0x00016000,
    0x00050004,0x00010005,0x00030006,0x00010007,0x00018000,0x00018001,0x00010008,0x00010009,
    0x00018002,0x00018003,0x0001000a,0x0001000b,0x00018004,0x00018005,0x0001000c,0x0001000d,
    0x00018006,0x00018007,0x0001000e,0x0001000f,0x00018008,0x00018009,0x00010010,0x00010011,
    0x0001800a,0x0001800b,0x00010012,0x00010013,0x0001800c,0x0001800d,0x00010014,0x00010015,
    0x0001800e,0x0001a000,0x00010016,0x00010017,0x0001800f,0x00018010,0x00010018,0x00010019,
    0x00018011,0x00018012,0x0001001a,0x0001001b,0x00018013,0x00018014,0x0001001c,0x0001001d,
    0x00018015,0x00018016,0x0001001e,0x0001001f,0x00018017,0x00018018,0x00018019,0x0001801a,
    0x0002801b,0x0002801c,0x0002801d,0x0002801e,0x0002801f,0x0001a001,0x00050000,0x00010001,
    0x00010002,0x00010003,0x00012000,0x00012001,0x00012002,0x00012003,0x00012004,0x00012005,
    0x00012006,0x00012007,0x00012008,0x00012009,0x0001200a,0x0001200b,0x0001200c,0x0001200d,
    0x0001200e,0x0001200f,0x00012010,0x00012011,0x00012012,0x00012013,0x00012014,0x00012015,
    0x00012016,0x00012017,0x00012018,0x00012019,0x0001201a,0x0001201b,0x0001201c,0x0001201d,
    0x0001201e,0x0001201f,0x00012000,0x00012001,0x00014000,0x00014001,0x00014002,0x00014003,
    0x00016000,0x00016001,0x00016000,0x00016001,0x00030004,0x00010005,0x00030006,0x00010007,
    0x00030008,0x00010009,0x0003000a,0x0001000b,0x0003000c,0x0001000d,0x0003000e,0x0001000f,
    0x00030010,0x00010011,0x00030012,0x00010013,0x00012002,0x00012003,0x00010014,0x00010015,
    0x00012004,0x00012005,0x00010016,0x00010017,0x00012006,0x00012007,0x00010018,0x00010019,
    0x00012008,0x00012009,0x0001001a,0x0001001b,0x0001200a,0x0001200b,0x0001001c,0x0001001d,
    0x0001200c,0x0001200d,0x0001001e,0x0001001f,0x0001200e,0x0001200f,0x00010020,0x00010021,
    0x00012010,0x00012011,0x00010022,0x00010023,0x00012012,0x00012013,0x00010024,0x00010025,
    0x00012014,0x00012015,0x00010026,0x00010027,0x00012016,0x00012017,0x00010028,0x00010029,
    0x00012018,0x00012019,0x0001201a,0x0001201b,0x0001201c,0x0001201d,0x0001201e,0x0001201f,
    0x00018000,0x00018001,0x00018002,0x00018003,0x00028004,0x0001002a,0x0001002b,0x00018005,
    0x00018006,0x0001002c,0x0001002d,0x00018007,0x00018008,0x0001002e,0x0001002f,0x00018009,
    0x0001800a,0x00010030,0x00010031,0x0001800b,0x0001800c,0x00010032,0x00010033,0x0001800d,
    0x0001800e,0x00010034,0x00010035,0x0001a000,0x0001800f,0x00010036,0x00010037,0x00018010,
    0x00018011,0x00010038,0x00010039,0x00018012,0x00018013,0x0001003a,0x0001003b,0x00018014,
    0x00018015,0x0001003c,0x0001003d,0x00018016,0x00018017,0x0001003e,0x0001003f,0x00018018,
    0x00018019,0x0002801a,0x0002801b,0x0002801c,0x0002801d,0x0002801e,0x0002801f,0x0001a001,
    0x00050000,0x00010001,0x00010002,0x00010003,0x00012000,0x00012001,0x00012002,0x00012003,
    0x00012004,0x00012005,0x00012006,0x00012007,0x00012008,0x00012009,0x0001200a,0x0001200b,
    0x0001200c,0x0001200d,0x0001200e,0x0001200f,0x00012010,0x00012011,0x00012012,0x00012013,
    0x00012014,0x00012015,0x00012016,0x00012017,0x00012018,0x00012019,0x0001201a,0x0001201b,
    0x0001201c,0x0001201d,0x0001201e,0x0001201f,0x00012020,0x00012021,0x00014000,0x00014001,
    0x00014002,0x00014003,0x00016000,0x00016001,0x00016002,0x00016000,0x00030004,0x00010005,
    0x00030006,0x00010007,0x00030008,0x00010009,0x0003000a,0x0001000b,0x0003000c,0x0001000d,
    0x0003000e,0x0001000f,0x00030010,0x00010011,0x00030012,0x00010013,0x00012022,0x00012023,
    0x00010014,0x00010015,0x00012024,0x00012025,0x00010016,0x00010017,0x00012026,0x00012027,
    0x00010018,0x00010019,0x00012028,0x00012029,0x0001001a,0x0001001b,0x0001202a,0x0001202b,
    0x0001001c,0x0001001d,0x0001202c,0x0001202d,0x0001001e,0x0001001f,0x0001202e,0x0001202f,
    0x00010020,0x00010021,0x00012000,0x00012001,0x00010022,0x00010023,0x00012002,0x00012003,
    0x00010024,0x00010025,0x00012004,0x00012005,0x00010026,0x00010027,0x00012006,0x00012007,
    0x00010028,0x00010029,0x00012008,0x00012009,0x0001002a,0x0001002b,0x0001200a,0x0001200b,
    0x0001002c,0x0001002d,0x0001200c,0x0001200d,0x0001002e,0x0001002f,0x0001200e,0x0001200f,
    0x00010030,0x00010031,0x00012010,0x00012011,0x00010032,0x00010033,0x00012012,0x00012013,
    0x00010034,0x00010035,0x00012014,0x00012015,0x00010036,0x00010037,0x00012016,0x00012017,
    0x00010038,0x00010039,0x00012018,0x00012019,0x0001201a,0x0001201b,0x0001201c,0x0001201d,
    0x0001201e,0x0001201f,0x00012020,0x00012021,0x00014004,0x00014005,0x00016001,0x00016002,
    0x00018000,0x00018001,0x00018002,0x00018003,0x00028004,0x0001003a,0x0001003b,0x00018005,
    0x00018006,0x0001003c,0x0001003d,0x00018007,0x00018008,0x0001003e,0x0001003f,0x00018009,
    0x0001800a,0x00010040,0x00010041,0x0001800b,0x0001800c,0x00010042,0x00010043,0x00012022,
    0x00012023,0x00010044,0x00010045,0x00012024,0x00012025,0x00010046,0x00010047,0x00012026,
    0x00012027,0x00010048,0x00010049,0x00012028,0x00012029,0x0001004a,0x0001004b,0x0001202a,
    0x0001202b,0x0001004c,0x0001004d,0x0001202c,0x0001202d,0x0001004e,0x0001004f,0x0001202e,
    0x0001202f,0x00010050,0x00010051,0x0001800d,0x0001800e,0x00010052,0x00010053,0x0001a000,
    0x0001800f,0x00010054,0x00010055,0x00030056,0x00010057,0x00018010,0x00018011,0x00010058,
    0x00010059,0x00018012,0x00018013,0x0001005a,0x0001005b,0x00018014,0x00018015,0x0001005c,
    0x0001005d,0x00018016,0x00018017,0x0001005e,0x0001005f,0x00018018,0x00018019,0x0002801a,
    0x0002801b,0x0002801c,0x0002801d,0x0002801e,0x0002801f,0x0001a001,0x00050000,0x00010001,
    0x00010002,0x00010003,0x00012000,0x00012001,0x00012002,0x00012003,0x00012004,0x00012005,
    0x00012006,0x00012007,0x00012008,0x00012009,0x0001200a,0x0001200b,0x0001200c,0x0001200d,
    0x0001200e,0x0001200f,0x00012010,0x00012011,0x00012012,0x00012013,0x00012014,0x00012015,
    0x00012016,0x00012017,0x00012018,0x00012019,0x0001201a,0x0001201b,0x0001201c,0x0001201d,
    0x0001201e,0x0001201f,0x00012020,0x00012021,0x00014000,0x00014001,0x00014002,0x00014003,
    0x00016000,0x00016001,0x00016002,0x00016003,0x00030004,0x00010005,0x00030006,0x00010007,
    0x00030008,0x00010009,0x0003000a,0x0001000b,0x0003000c,0x0001000d,0x0003000e,0x0001000f,
    0x00030010,0x00010011,0x00030012,0x00010013,0x00012022,0x00012023,0x00010014,0x00010015,
    0x00012024,0x00012025,0x00010016,0x00010017,0x00012026,0x00012027,0x00010018,0x00010019,
    0x00012028,0x00012029,0x0001001a,0x0001001b,0x0001202a,0x0001202b,0x0001001c,0x0001001d,
    0x0001202c,0x0001202d,0x0001001e,0x0001001f,0x0001202e,0x0001202f,0x00010020,0x00010021,
    0x00012030,0x00012031,0x00010022,0x00010023,0x00012032,0x00012033,0x00010024,0x00010025,
    0x00012034,0x00012035,0x00010026,0x00010027,0x00012036,0x00012037,0x00010028,0x00010029,
    0x00012038,0x00012039,0x0001002a,0x0001002b,0x0001203a,0x0001203b,0x0001002c,0x0001002d,
    0x0001203c,0x0001203d,0x0001002e,0x0001002f,0x0001203e,0x0001203f,0x00010030,0x00010031,
    0x00012000,0x00012001,0x00010032,0x00010033,0x00012002,0x00012003,0x00010034,0x00010035,
    0x00012004,0x00012005,0x00010036,0x00010037,0x00012006,0x00012007,0x00010038,0x00010039,
    0x00012008,0x00012009,0x0001003a,0x0001003b,0x0001200a,0x0001200b,0x0001003c,0x0001003d,
    0x0001200c,0x0001200d,0x0001003e,0x0001003f,0x0001200e,0x0001200f,0x00010040,0x00010041,
    0x00012010,0x00012011,0x00010042,0x00010043,0x00012012,0x00012013,0x00012014,0x00012015,
    0x00012016,0x00012017,0x00012018,0x00012019,0x0001201a,0x0001201b,0x0001201c,0x0001201d,
    0x0001201e,0x0001201f,0x00012020,0x00012021,0x00014004,0x00014005,0x00014006,0x00014007,
    0x00016000,0x00016001,0x00016002,0x00016003,0x00018000,0x00018001,0x00010044,0x00010045,
    0x00018002,0x00018003,0x00010046,0x00010047,0x00018004,0x00018005,0x00010048,0x00010049,
    0x00018006,0x00018007,0x0001004a,0x0001004b,0x00018008,0x00018009,0x0001004c,0x0001004d,
    0x0001800a,0x0001800b,0x0001004e,0x0001004f,0x0001800c,0x0001800d,0x00010050,0x00010051,
    0x0001800e,0x0001a000,0x00010052,0x00010053,0x00012022,0x00012023,0x00010054,0x00010055,
    0x00012024,0x00012025,0x00010056,0x00010057,0x00012026,0x00012027,0x00010058,0x00010059,
    0x00012028,0x00012029,0x0001005a,0x0001005b,0x0001202a,0x0001202b,0x0001005c,0x0001005d,
    0x0001202c,0x0001202d,0x0001005e,0x0001005f,0x0001202e,0x0001202f,0x00010060,0x00010061,
    0x00012030,0x00012031,0x00010062,0x00010063,0x00012032,0x00012033,0x00010064,0x00010065,
    0x00012034,0x00012035,0x00010066,0x00010067,0x00012036,0x00012037,0x00010068,0x00010069,
    0x00012038,0x00012039,0x0001006a,0x0001006b,0x0001203a,0x0001203b,0x0001006c,0x0001006d,
    0x0001203c,0x0001203d,0x0001006e,0x0001006f,0x0001203e,0x0001203f,0x00010070,0x00010071,
    0x0001800f,0x00020072,0x00010073,0x00030074,0x00010075,0x00030076,0x00010077,0x00018010,
    0x00018011,0x00010078,0x00010079,0x00018012,0x00018013,0x0001007a,0x0001007b,0x00018014,
    0x00018015,0x0001007c,0x0001007d,0x00018016,0x00018017,0x0001007e,0x0001007f,0x00018018,
    0x00018019,0x0002801a,0x0002801b,0x0002801c,0x0002801d,0x0002801e,0x0002801f,0x0001a001,
    0x00050000,0x00010001,0x00010002,0x00010003,0x00012000,0x00012001,0x00012002,0x00012003,
    0x00012004,0x00012005,0x00012006,0x00012007,0x00012008,0x00012009,0x0001200a,0x0001200b,
    0x0001200c,0x0001200d,0x0001200e,0x0001200f,0x00012010,0x00012011,0x00012012,0x00012013,
    0x00012014,0x00012015,0x00012016,0x00012017,0x00012018,0x00012019,0x0001201a,0x0001201b,
    0x0001201c,0x0001201d,0x0001201e,0x0001201f,0x00012020,0x00012021,0x00014000,0x00014001,
    0x00014002,0x00014003,0x00016000,0x00016001,0x00016002,0x00016003,0x00030004,0x00010005,
    0x00030006,0x00010007,0x00030008,0x00010009,0x0003000a,0x0001000b,0x0003000c,0x0001000d,
    0x0003000e,0x0001000f,0x00030010,0x00010011,0x00030012,0x00010013,0x00012022,0x00012023,
    0x00010014,0x00010015,0x00012024,0x00012025,0x00010016,0x00010017,0x00012026,0x00012027,
    0x00010018,0x00010019,0x00012028,0x00012029,0x0001001a,0x0001001b,0x0001202a,0x0001202b,
    0x0001001c,0x0001001d,0x0001202c,0x0001202d,0x0001001e,0x0001001f,0x0001202e,0x0001202f,
    0x00010020,0x00010021,0x00012030,0x00012031,0x00010022,0x00010023,0x00012032,0x00012033,
    0x00010024,0x00010025,0x00012034,0x00012035,0x00010026,0x00010027,0x00012036,0x00012037,
    0x00010028,0x00010029,0x00012038,0x00012039,0x0001002a,0x0001002b,0x0001203a,0x0001203b,
    0x0001002c,0x0001002d,0x0001203c,0x0001203d,0x0001002e,0x0001002f,0x0001203e,0x0001203f,
    0x00010030,0x00010031,0x00012040,0x00012041,0x00010032,0x00010033,0x00012042,0x00012043,
    0x00010034,0x00010035,0x00012044,0x00012045,0x00010036,0x00010037,0x00012046,0x00012047,
    0x00010038,0x00010039,0x00012048,0x00012049,0x0001003a,0x0001003b,0x0001204a,0x0001204b,
    0x0001003c,0x0001003d,0x0001204c,0x0001204d,0x0001003e,0x0001003f,0x0001204e,0x0001204f,
    0x00010040,0x00010041,0x00012000,0x00012001,0x00010042,0x00010043,0x00012002,0x00012003,
    0x00012004,0x00012005,0x00012006,0x00012007,0x00012008,0x00012009,0x0001200a,0x0001200b,
    0x0001200c,0x0001200d,0x0001200e,0x0001200f,0x00012010,0x00012011,0x00014004,0x00014005,
    0x00014006,0x00014007,0x00016004,0x00016000,0x00016001,0x00016002,0x00030044,0x00010045,
    0x00030046,0x00010047,0x00018000,0x00018001,0x00010048,0x00010049,0x00018002,0x00018003,
    0x0001004a,0x0001004b,0x00018004,0x00018005,0x0001004c,0x0001004d,0x00018006,0x00018007,
    0x0001004e,0x0001004f,0x00018008,0x00018009,0x00010050,0x00010051,0x0001800a,0x0001800b,
    0x00010052,0x00010053,0x00012012,0x00012013,0x00010054,0x00010055,0x00012014,0x00012015,
    0x00010056,0x00010057,0x00012016,0x00012017,0x00010058,0x00010059,0x00012018,0x00012019,
    0x0001005a,0x0001005b,0x0001201a,0x0001201b,0x0001005c,0x0001005d,0x0001201c,0x0001201d,
    0x0001005e,0x0001005f,0x0001201e,0x0001201f,0x00010060,0x00010061,0x00012020,0x00012021,
    0x00010062,0x00010063,0x00012022,0x00012023,0x00010064,0x00010065,0x00012024,0x00012025,
    0x00010066,0x00010067,0x00012026,0x00012027,0x00010068,0x00010069,0x00012028,0x00012029,
    0x0001006a,0x0001006b,0x0001202a,0x0001202b,0x0001006c,0x0001006d,0x0001202c,0x0001202d,
    0x0001006e,0x0001006f,0x0001202e,0x0001202f,0x00010070,0x00010071,0x00012030,0x00012031,
    0x00010072,0x00010073,0x00012032,0x00012033,0x00010074,0x00010075,0x00012034,0x00012035,
    0x00010076,0x00010077,0x00012036,0x00012037,0x00010078,0x00010079,0x00012038,0x00012039,
    0x0001007a,0x0001007b,0x0001203a,0x0001203b,0x0001007c,0x0001007d,0x0001203c,0x0001203d,
    0x0001007e,0x0001007f,0x0001203e,0x0001203f,0x00010080,0x00010081,0x00012040,0x00012041,
    0x00010082,0x00010083,0x00012042,0x00012043,0x00012044,0x00012045,0x00012046,0x00012047,
    0x00012048,0x00012049,0x0001204a,0x0001204b,0x0001204c,0x0001204d,0x0001204e,0x0001204f,
    0x00014008,0x00014009,0x00016003,0x00016004,0x0001800c,0x0001800d,0x0001a000,0x0001800e,
    0x00010084,0x00010085,0x0001800f,0x00020086,0x00010087,0x00030088,0x00010089,0x0003008a,
    0x0001008b,0x0003008c,0x0001008d,0x0003008e,0x0001008f,0x00030090,0x00010091,0x00030092,
    0x00010093,0x00030094,0x00010095,0x00030096,0x00010097,0x00018010,0x00018011,0x00010098,
    0x00010099,0x00018012,0x00018013,0x0001009a,0x0001009b,0x00018014,0x00018015,0x0001009c,
    0x0001009d,0x00018016,0x00018017,0x0001009e,0x0001009f,0x00018018,0x00018019,0x0002801a,
    0x0002801b,0x0002801c,0x0002801d,0x0002801e,0x0002801f,0x0001a001,0x00050000,0x00010001,
    0x00010002,0x00010003,0x00012000,0x00012001,0x00012002,0x00012003,0x00012004,0x00012005,
    0x00012006,0x00012007,0x00012008,0x00012009,0x0001200a,0x0001200b,0x0001200c,0x0001200d,
    0x0001200e,0x0001200f,0x00012010,0x00012011,0x00012012,0x00012013,0x00012014,0x00012015,
    0x00012016,0x00012017,0x00012018,0x00012019,0x0001201a,0x0001201b,0x0001201c,0x0001201d,
    0x0001201e,0x0001201f,0x00012020,0x00012021,0x00014000,0x00014001,0x00014002,0x00014003,
    0x00016000,0x00016001,0x00016002,0x00016003,0x00030004,0x00010005,0x00030006,0x00010007,
    0x00030008,0x00010009,0x0003000a,0x0001000b,0x0003000c,0x0001000d,0x0003000e,0x0001000f,
    0x00030010,0x00010011,0x00030012,0x00010013,0x00012022,0x00012023,0x00010014,0x00010015,
    0x00012024,0x00012025,0x00010016,0x00010017,0x00012026,0x00012027,0x00010018,0x00010019,
    0x00012028,0x00012029,0x0001001a,0x0001001b,0x0001202a,0x0001202b,0x0001001c,0x0001001d,
    0x0001202c,0x0001202d,0x0001001e,0x0001001f,0x0001202e,0x0001202f,0x00010020,0x00010021,
    0x00012030,0x00012031,0x00010022,0x00010023,0x00012032,0x00012033,0x00010024,0x00010025,
    0x00012034,0x00012035,0x00010026,0x00010027,0x00012036,0x00012037,0x00010028,0x00010029,
    0x00012038,0x00012039,0x0001002a,0x0001002b,0x0001203a,0x0001203b,0x0001002c,0x0001002d,
    0x0001203c,0x0001203d,0x0001002e,0x0001002f,0x0001203e,0x0001203f,0x00010030,0x00010031,
    0x00012040,0x00012041,0x00010032,0x00010033,0x00012042,0x00012043,0x00010034,0x00010035,
    0x00012044,0x00012045,0x00010036,0x00010037,0x00012046,0x00012047,0x00010038,0x00010039,
    0x00012048,0x00012049,0x0001003a,0x0001003b,0x0001204a,0x0001204b,0x0001003c,0x0001003d,
    0x0001204c,0x0001204d,0x0001003e,0x0001003f,0x0001204e,0x0001204f,0x00010040,0x00010041,
    0x00012050,0x00012051,0x00010042,0x00010043,0x00012052,0x00012053,0x00012054,0x00012055,
    0x00012056,0x00012057,0x00012058,0x00012059,0x0001205a,0x0001205b,0x0001205c,0x0001205d,
    0x0001205e,0x0001205f,0x00012000,0x00012001,0x00014004,0x00014005,0x00014006,0x00014007,
    0x00016004,0x00016005,0x00016000,0x00016001,0x00030044,0x00010045,0x00030046,0x00010047,
    0x00030048,0x00010049,0x0003004a,0x0001004b,0x0003004c,0x0001004d,0x0003004e,0x0001004f,
    0x00030050,0x00010051,0x00030052,0x00010053,0x00012002,0x00012003,0x00010054,0x00010055,
    0x00012004,0x00012005,0x00010056,0x00010057,0x00012006,0x00012007,0x00010058,0x00010059,
    0x00012008,0x00012009,0x0001005a,0x0001005b,0x0001200a,0x0001200b,0x0001005c,0x0001005d,
    0x0001200c,0x0001200d,0x0001005e,0x0001005f,0x0001200e,0x0001200f,0x00010060,0x00010061,
    0x00012010,0x00012011,0x00010062,0x00010063,0x00012012,0x00012013,0x00010064,0x00010065,
    0x00012014,0x00012015,0x00010066,0x00010067,0x00012016,0x00012017,0x00010068,0x00010069,
    0x00012018,0x00012019,0x0001201a,0x0001201b,0x0001201c,0x0001201d,0x0001201e,0x0001201f,
    0x00012020,0x00012021,0x00014008,0x00014009,0x00016002,0x00016003,0x00018000,0x00018001,
    0x00018002,0x00018003,0x00028004,0x0001006a,0x0001006b,0x00018005,0x00018006,0x0001006c,
    0x0001006d,0x00018007,0x00018008,0x0001006e,0x0001006f,0x00018009,0x0001800a,0x00010070,
    0x00010071,0x0001800b,0x0001800c,0x00010072,0x00010073,0x00012022,0x00012023,0x00010074,
    0x00010075,0x00012024,0x00012025,0x00010076,0x00010077,0x00012026,0x00012027,0x00010078,
    0x00010079,0x00012028,0x00012029,0x0001007a,0x0001007b,0x0001202a,0x0001202b,0x0001007c,
    0x0001007d,0x0001202c,0x0001202d,0x0001007e,0x0001007f,0x0001202e,0x0001202f,0x00010080,
    0x00010081,0x00012030,0x00012031,0x00010082,0x00010083,0x00012032,0x00012033,0x00010084,
    0x00010085,0x00012034,0x00012035,0x00010086,0x00010087,0x00012036,0x00012037,0x00010088,
    0x00010089,0x00012038,0x00012039,0x0001008a,0x0001008b,0x0001203a,0x0001203b,0x0001008c,
    0x0001008d,0x0001203c,0x0001203d,0x0001008e,0x0001008f,0x0001203e,0x0001203f,0x00010090,
    0x00010091,0x00012040,0x00012041,0x00010092,0x00010093,0x00012042,0x00012043,0x00010094,
    0x00010095,0x00012044,0x00012045,0x00010096,0x00010097,0x00012046,0x00012047,0x00010098,
    0x00010099,0x00012048,0x00012049,0x0001009a,0x0001009b,0x0001204a,0x0001204b,0x0001009c,
    0x0001009d,0x0001204c,0x0001204d,0x0001009e,0x0001009f,0x0001204e,0x0001204f,0x000100a0,
    0x000100a1,0x00012050,0x00012051,0x000100a2,0x000100a3,0x00012052,0x00012053,0x00012054,
    0x00012055,0x00012056,0x00012057,0x00012058,0x00012059,0x0001205a,0x0001205b,0x0001205c,
    0x0001205d,0x0001205e,0x0001205f,0x0001400a,0x0001400b,0x00016004,0x00016005,0x0001800d,
    0x0001800e,0x0001a000,0x0001800f,0x000100a4,0x000100a5,0x000300a6,0x000100a7,0x000300a8,
    0x000100a9,0x000300aa,0x000100ab,0x000300ac,0x000100ad,0x000300ae,0x000100af,0x000300b0,
    0x000100b1,0x000300b2,0x000100b3,0x000300b4,0x000100b5,0x000300b6,0x000100b7,0x00018010,
    0x00018011,0x000100b8,0x000100b9,0x00018012,0x00018013,0x000100ba,0x000100bb,0x00018014,
    0x00018015,0x000100bc,0x000100bd,0x00018016,0x00018017,0x000100be,0x000100bf,0x00018018,
    0x00018019,0x0002801a,0x0002801b,0x0002801c,0x0002801d,0x0002801e,0x0002801f,0x0001a001,
    0x00050000,0x00010001,0x00010002,0x00010003,0x00012000,0x00012001,0x00012002,0x00012003,
    0x00012004,0x00012005,0x00012006,0x00012007,0x00012008,0x00012009,0x0001200a,0x0001200b,
    0x0001200c,0x0001200d,0x0001200e,0x0001200f,0x00012010,0x00012011,0x00012012,0x00012013,
    0x00012014,0x00012015,0x00012016,0x00012017,0x00012018,0x00012019,0x0001201a,0x0001201b,
    0x0001201c,0x0001201d,0x0001201e,0x0001201f,0x00012000,0x00012001,0x00014000,0x00014000,
    0x00014001,0x00014001,0x00016000,0x00016001,0x00016000,0x00016001,0x00030004,0x00010005,
    0x00030006,0x00010007,0x00018000,0x00018001,0x00010008,0x00010009,0x00018002,0x00018003,
    0x0001000a,0x0001000b,0x00018004,0x00018005,0x0001000c,0x0001000d,0x00018006,0x00018007,
    0x0001000e,0x0001000f,0x00018008,0x00018009,0x00010000,0x00010001,0x0001800a,0x0001800b,
    0x00010002,0x00010003,0x00012002,0x00012003,0x00010004,0x00010005,0x00012004,0x00012005,
    0x00010006,0x00010007,0x00012006,0x00012007,0x00010008,0x00010009,0x00012008,0x00012009,
    0x0001000a,0x0001000b,0x0001200a,0x0001200b,0x0001000c,0x0001000d,0x0001200c,0x0001200d,
    0x0001000e,0x0001000f,0x0001200e,0x0001200f,0x00010010,0x00010011,0x00012010,0x00012011,
    0x00010012,0x00010013,0x00012012,0x00012013,0x00010014,0x00010015,0x00012014,0x00012015,
    0x00012016,0x00012017,0x00012018,0x00012019,0x0001201a,0x0001201b,0x0001201c,0x0001201d,
    0x0001201e,0x0001201f,0x0001800c,0x0001800d,0x0001a000,0x0001800e,0x0001800f,0x00028010,
    0x00010016,0x00010017,0x00018011,0x00018012,0x00010018,0x00010019,0x00018013,0x00018014,
    0x0001001a,0x0001001b,0x00018015,0x00018016,0x0001001c,0x0001001d,0x00018017,0x00018018,
    0x0001001e,0x0001001f,0x00018019,0x0001801a,0x00010010,0x00010011,0x0001801b,0x0001801c,
    0x00010012,0x00010013,0x0001801d,0x0001801e,0x00010014,0x00010015,0x0001801f,0x0001a001,
    0x00010016,0x00010017,0x00018020,0x00018021,0x00010018,0x00010019,0x00018022,0x00018023,
    0x0001001a,0x0001001b,0x00018024,0x00018025,0x0001001c,0x0001001d,0x00018026,0x00018027,
    0x0001001e,0x0001001f,0x00018028,0x00018029,0x0001802a,0x0001802b,0x0002802c,0x0002802d,
    0x0002802e,0x0002a002,0x0001802f,0x00018030,0x00028031,0x00028032,0x00028033,0x00028034,
    0x00028035,0x00028036,0x00028037,0x00028038,0x00028039,0x0002803a,0x0002803b,0x0002803c,
    0x0002803d,0x0002803e,0x0002803f,0x0001a003,0x00050000,0x00010001,0x00010002,0x00010003,
    0x00012000,0x00012001,0x00012002,0x00012003,0x00012004,0x00012005,0x00012006,0x00012007,
    0x00012008,0x00012009,0x0001200a,0x0001200b,0x0001200c,0x0001200d,0x0001200e,0x0001200f,
    0x00012010,0x00012011,0x00012012,0x00012013,0x00012014,0x00012015,0x00012016,0x00012017,
    0x00012018,0x00012019,0x0001201a,0x0001201b,0x0001201c,0x0001201d,0x0001201e,0x0001201f,
    0x00012020,0x00012021,0x00014000,0x00014001,0x00014000,0x00014001,0x00016000,0x00016001,
    0x00016002,0x00016003,0x00030004,0x00010005,0x00030006,0x00010007,0x00030008,0x00010009,
    0x0003000a,0x0001000b,0x0003000c,0x0001000d,0x0003000e,0x0001000f,0x00030010,0x00010011,
    0x00030012,0x00010013,0x00012022,0x00012023,0x00010014,0x00010015,0x00012024,0x00012025,
    0x00010016,0x00010017,0x00012026,0x00012027,0x00010018,0x00010019,0x00012028,0x00012029,
    0x0001001a,0x0001001b,0x0001202a,0x0001202b,0x0001001c,0x0001001d,0x0001202c,0x0001202d,
    0x0001001e,0x0001001f,0x0001202e,0x0001202f,0x00010000,0x00010001,0x00012030,0x00012031,
    0x00010002,0x00010003,0x00012032,0x00012033,0x00010004,0x00010005,0x00012034,0x00012035,
    0x00010006,0x00010007,0x00012036,0x00012037,0x00010008,0x00010009,0x00012038,0x00012039,
    0x0001203a,0x0001203b,0x0001203c,0x0001203d,0x0001203e,0x0001203f,0x00012000,0x00012001,
    0x00014002,0x00014003,0x00016000,0x00016001,0x00018000,0x00018001,0x00018002,0x00018003,
    0x00028004,0x0001000a,0x0001000b,0x00018005,0x00018006,0x0001000c,0x0001000d,0x00018007,
    0x00018008,0x0001000e,0x0001000f,0x00018009,0x0001800a,0x00010010,0x00010011,0x0001800b,
    0x0001800c,0x00010012,0x00010013,0x00012002,0x00012003,0x00010014,0x00010015,0x00012004,
    0x00012005,0x00010016,0x00010017,0x00012006,0x00012007,0x00010018,0x00010019,0x00012008,
    0x00012009,0x0001001a,0x0001001b,0x0001200a,0x0001200b,0x0001001c,0x0001001d,0x0001200c,
    0x0001200d,0x0001001e,0x0001001f,0x0001200e,0x0001200f,0x00010020,0x00010021,0x00012010,
    0x00012011,0x00010022,0x00010023,0x00012012,0x00012013,0x00010024,0x00010025,0x00012014,
    0x00012015,0x00010026,0x00012016,0x00012017,0x00012018,0x00012019,0x0001201a,0x0001201b,
    0x0001201c,0x0001201d,0x0001201e,0x0001201f,0x00012020,0x00012021,0x00014002,0x00014003,
    0x00016002,0x00016003,0x0001800d,0x0001800e,0x0001a000,0x0001800f,0x00018010,0x00028011,
    0x00010027,0x00010028,0x00018012,0x00018013,0x00010029,0x0001002a,0x00018014,0x00018015,
    0x0001002b,0x0001002c,0x00018016,0x00018017,0x0001002d,0x0001002e,0x00018018,0x00018019,
    0x0001002f,0x00010030,0x0001801a,0x0001801b,0x00010031,0x00010032,0x0001801c,0x0001801d,
    0x00010033,0x00010034,0x00012022,0x00012023,0x00010035,0x00010036,0x00012024,0x00012025,
    0x00010037,0x00010038,0x00012026,0x00012027,0x00010039,0x0001003a,0x00012028,0x00012029,
    0x0001003b,0x0001003c,0x0001202a,0x0001202b,0x0001003d,0x0001003e,0x0001202c,0x0001202d,
    0x0001003f,0x00010020,0x0001202e,0x0001202f,0x00010021,0x00010022,0x00012030,0x00012031,
    0x00010023,0x00010024,0x00012032,0x00012033,0x00010025,0x00010026,0x00012034,0x00012035,
    0x00010027,0x00012036,0x00012037,0x00012038,0x00012039,0x0001203a,0x0001203b,0x0001203c,
    0x0001203d,0x0001203e,0x0001203f,0x0001801e,0x0001801f,0x0001a001,0x00018020,0x00018021,
    0x00028022,0x00010028,0x00010029,0x00018023,0x00018024,0x0001002a,0x0001002b,0x00018025,
    0x00018026,0x0001002c,0x0001002d,0x00018027,0x00018028,0x0001002e,0x0001002f,0x00018029,
    0x0001802a,0x00010030,0x00010031,0x0001802b,0x0001802c,0x00010032,0x00010033,0x0001802d,
    0x0001802e,0x00010034,0x00010035,0x0001802f,0x0001a002,0x00010036,0x00010037,0x00018030,
    0x00018031,0x00010038,0x00010039,0x00018032,0x00018033,0x0001003a,0x0001003b,0x00018034,
    0x00018035,0x0001003c,0x0001003d,0x00018036,0x00018037,0x0001003e,0x0001003f,0x00018038,
    0x00018039,0x0002803a,0x0002803b,0x0002803c,0x0002803d,0x0002803e,0x0002a003,0x0001803f,
    0x00050000,0x00010001,0x00010002,0x00010003,0x00012000,0x00012001,0x00012002,0x00012003,
    0x00012004,0x00012005,0x00012006,0x00012007,0x00012008,0x00012009,0x0001200a,0x0001200b,
    0x0001200c,0x0001200d,0x0001200e,0x0001200f,0x00012010,0x00012011,0x00012012,0x00012013,
    0x00012014,0x00012015,0x00012016,0x00012017,0x00012018,0x00012019,0x0001201a,0x0001201b,
    0x0001201c,0x0001201d,0x0001201e,0x0001201f,0x00012020,0x00012021,0x00014000,0x00014001,
    0x00014002,0x00014000,0x00016000,0x00016001,0x00016002,0x00016003,0x00030004,0x00010005,
    0x00030006,0x00010007,0x00030008,0x00010009,0x0003000a,0x0001000b,0x0003000c,0x0001000d,
    0x0003000e,0x0001000f,0x00030010,0x00010011,0x00030012,0x00010013,0x00012022,0x00012023,
    0x00010014,0x00010015,0x00012024,0x00012025,0x00010016,0x00010017,0x00012026,0x00012027,
    0x00010018,0x00010019,0x00012028,0x00012029,0x0001001a,0x0001001b,0x0001202a,0x0001202b,
    0x0001001c,0x0001001d,0x0001202c,0x0001202d,0x0001001e,0x0001001f,0x0001202e,0x0001202f,
    0x00010020,0x00010021,0x00012030,0x00012031,0x00010022,0x00010023,0x00012032,0x00012033,
    0x00010024,0x00010025,0x00012034,0x00012035,0x00010026,0x00010027,0x00012036,0x00012037,
    0x00010028,0x00010029,0x00012038,0x00012039,0x0001002a,0x0001002b,0x0001203a,0x0001203b,
    0x0001002c,0x0001002d,0x0001203c,0x0001203d,0x0001002e,0x0001002f,0x0001203e,0x0001203f,
    0x00010000,0x00010001,0x00012040,0x00012041,0x00010002,0x00010003,0x00012042,0x00012043,
    0x00010004,0x00010005,0x00012044,0x00012045,0x00010006,0x00010007,0x00012046,0x00012047,
    0x00010008,0x00010009,0x00012048,0x00012049,0x0001204a,0x0001204b,0x0001204c,0x0001204d,
    0x0001204e,0x0001204f,0x00012050,0x00012051,0x00014001,0x00014002,0x00014003,0x00016004,
    0x00016005,0x00016000,0x00018000,0x00018001,0x00018002,0x00018003,0x00028004,0x0001000a,
    0x0001000b,0x00018005,0x00018006,0x0001000c,0x0001000d,0x00018007,0x00018008,0x0001000e,
    0x0001000f,0x00018009,0x0001800a,0x00010010,0x00010011,0x0001800b,0x0001800c,0x00010012,
    0x00010013,0x00012052,0x00012053,0x00010014,0x00010015,0x00012054,0x00012055,0x00010016,
    0x00010017,0x00012056,0x00012057,0x00010018,0x00010019,0x00012058,0x00012059,0x0001001a,
    0x0001001b,0x0001205a,0x0001205b,0x0001001c,0x0001001d,0x0001205c,0x0001205d,0x0001001e,
    0x0001001f,0x0001205e,0x0001205f,0x00010020,0x00010021,0x00012000,0x00012001,0x00010022,
    0x00010023,0x00012002,0x00012003,0x00010024,0x00010025,0x00012004,0x00012005,0x00010026,
    0x00010027,0x00012006,0x00012007,0x00010028,0x00010029,0x00012008,0x00012009,0x0001002a,
    0x0001002b,0x0001200a,0x0001200b,0x0001002c,0x0001002d,0x0001200c,0x0001200d,0x0001002e,
    0x0001002f,0x0001200e,0x0001200f,0x00010030,0x00010031,0x00012010,0x00012011,0x00010032,
    0x00010033,0x00012012,0x00012013,0x00010034,0x00010035,0x00012014,0x00012015,0x00010036,
    0x00012016,0x00012017,0x00012018,0x00012019,0x0001201a,0x0001201b,0x0001201c,0x0001201d,
    0x0001201e,0x0001201f,0x00012020,0x00012021,0x00014004,0x00014005,0x00014003,0x00016001,
    0x00016002,0x00016003,0x0001800d,0x0001800e,0x0001a000,0x0001800f,0x00018010,0x00028011,
    0x00010037,0x00010038,0x00018012,0x00018013,0x00010039,0x0001003a,0x00018014,0x00018015,
    0x0001003b,0x0001003c,0x00018016,0x00018017,0x0001003d,0x0001003e,0x00018018,0x00018019,
    0x0001003f,0x00010040,0x0001801a,0x0001801b,0x00010041,0x00010042,0x0001801c,0x0001801d,
    0x00010043,0x00010044,0x00012022,0x00012023,0x00010045,0x00010046,0x00012024,0x00012025,
    0x00010047,0x00010048,0x00012026,0x00012027,0x00010049,0x0001004a,0x00012028,0x00012029,
    0x0001004b,0x0001004c,0x0001202a,0x0001202b,0x0001004d,0x0001004e,0x0001202c,0x0001202d,
    0x0001004f,0x00010050,0x0001202e,0x0001202f,0x00010051,0x00010052,0x00012030,0x00012031,
    0x00010053,0x00010054,0x00012032,0x00012033,0x00010055,0x00010056,0x00012034,0x00012035,
    0x00010057,0x00010058,0x00012036,0x00012037,0x00010059,0x0001005a,0x00012038,0x00012039,
    0x0001005b,0x0001005c,0x0001203a,0x0001203b,0x0001005d,0x0001005e,0x0001203c,0x0001203d,
    0x0001005f,0x00010030,0x0001203e,0x0001203f,0x00010031,0x00010032,0x00012040,0x00012041,
    0x00010033,0x00010034,0x00012042,0x00012043,0x00010035,0x00010036,0x00012044,0x00012045,
    0x00010037,0x00012046,0x00012047,0x00012048,0x00012049,0x0001204a,0x0001204b,0x0001204c,
    0x0001204d,0x0001204e,0x0001204f,0x00012050,0x00012051,0x00014004,0x00014005,0x00016004,
    0x00016005,0x0001801e,0x0001801f,0x0001a001,0x00018020,0x00018021,0x00028022,0x00010038,
    0x00010039,0x00018023,0x00018024,0x0001003a,0x0001003b,0x00018025,0x00018026,0x0001003c,
    0x0001003d,0x00018027,0x00018028,0x0001003e,0x0001003f,0x00018029,0x0001802a,0x00010040,
    0x00010041,0x0001802b,0x0001802c,0x00010042,0x00010043,0x00012052,0x00012053,0x00010044,
    0x00010045,0x00012054,0x00012055,0x00010046,0x00010047,0x00012056,0x00012057,0x00010048,
    0x00010049,0x00012058,0x00012059,0x0001004a,0x0001004b,0x0001205a,0x0001205b,0x0001004c,
    0x0001004d,0x0001205c,0x0001205d,0x0001004e,0x0001004f,0x0001205e,0x0001205f,0x00010050,
    0x00010051,0x0001802d,0x0001802e,0x00010052,0x00010053,0x0001802f,0x0001a002,0x00010054,
    0x00010055,0x00030056,0x00010057,0x00018030,0x00018031,0x00010058,0x00010059,0x00018032,
    0x00018033,0x0001005a,0x0001005b,0x00018034,0x00018035,0x0001005c,0x0001005d,0x00018036,
    0x00018037,0x0001005e,0x0001005f,0x00018038,0x00018039,0x0002803a,0x0002803b,0x0002803c,
    0x0002803d,0x0002803e,0x0002a003,0x0001803f,0x00050000,0x00010001,0x00010002,0x00010003,
    0x00012000,0x00012001,0x00012002,0x00012003,0x00012004,0x00012005,0x00012006,0x00012007,
    0x00012008,0x00012009,0x0001200a,0x0001200b,0x0001200c,0x0001200d,0x0001200e,0x0001200f,
    0x00012010,0x00012011,0x00012012,0x00012013,0x00012014,0x00012015,0x00012016,0x00012017,
    0x00012018,0x00012019,0x0001201a,0x0001201b,0x0001201c,0x0001201d,0x0001201e,0x0001201f,
    0x00012020,0x00012021,0x00014000,0x00014001,0x00014002,0x00014003,0x00016000,0x00016001,
    0x00016002,0x00016003,0x00030004,0x00010005,0x00030006,0x00010007,0x00030008,0x00010009,
    0x0003000a,0x0001000b,0x0003000c,0x0001000d,0x0003000e,0x0001000f,0x00030010,0x00010011,
    0x00030012,0x00010013,0x00012022,0x00012023,0x00010014,0x00010015,0x00012024,0x00012025,
    0x00010016,0x00010017,0x00012026,0x00012027,0x00010018,0x00010019,0x00012028,0x00012029,
    0x0001001a,0x0001001b,0x0001202a,0x0001202b,0x0001001c,0x0001001d,0x0001202c,0x0001202d,
    0x0001001e,0x0001001f,0x0001202e,0x0001202f,0x00010020,0x00010021,0x00012030,0x00012031,
    0x00010022,0x00010023,0x00012032,0x00012033,0x00010024,0x00010025,0x00012034,0x00012035,
    0x00010026,0x00010027,0x00012036,0x00012037,0x00010028,0x00010029,0x00012038,0x00012039,
    0x0001002a,0x0001002b,0x0001203a,0x0001203b,0x0001002c,0x0001002d,0x0001203c,0x0001203d,
    0x0001002e,0x0001002f,0x0001203e,0x0001203f,0x00010030,0x00010031,0x00012040,0x00012041,
    0x00010032,0x00010033,0x00012042,0x00012043,0x00010034,0x00010035,0x00012044,0x00012045,
    0x00010036,0x00010037,0x00012046,0x00012047,0x00010038,0x00010039,0x00012048,0x00012049,
    0x0001003a,0x0001003b,0x0001204a,0x0001204b,0x0001003c,0x0001003d,0x0001204c,0x0001204d,
    0x0001003e,0x0001003f,0x0001204e,0x0001204f,0x00010000,0x00010001,0x00012050,0x00012051,
    0x00010002,0x00010003,0x00012052,0x00012053,0x00012054,0x00012055,0x00012056,0x00012057,
    0x00012058,0x00012059,0x0001205a,0x0001205b,0x0001205c,0x0001205d,0x0001205e,0x0001205f,
    0x00012060,0x00012061,0x00014000,0x00014001,0x00014002,0x00014003,0x00016004,0x00016005,
    0x00016006,0x00016007,0x00018000,0x00018001,0x00010004,0x00010005,0x00018002,0x00018003,
    0x00010006,0x00010007,0x00018004,0x00018005,0x00010008,0x00010009,0x00018006,0x00018007,
    0x0001000a,0x0001000b,0x00018008,0x00018009,0x0001000c,0x0001000d,0x0001800a,0x0001800b,
    0x0001000e,0x0001000f,0x0001800c,0x0001800d,0x00010010,0x00010011,0x0001800e,0x0001a000,
    0x00010012,0x00010013,0x00012062,0x00012063,0x00010014,0x00010015,0x00012064,0x00012065,
    0x00010016,0x00010017,0x00012066,0x00012067,0x00010018,0x00010019,0x00012068,0x00012069,
    0x0001001a,0x0001001b,0x0001206a,0x0001206b,0x0001001c,0x0001001d,0x0001206c,0x0001206d,
    0x0001001e,0x0001001f,0x0001206e,0x0001206f,0x00010020,0x00010021,0x00012070,0x00012071,
    0x00010022,0x00010023,0x00012072,0x00012073,0x00010024,0x00010025,0x00012074,0x00012075,
    0x00010026,0x00010027,0x00012076,0x00012077,0x00010028,0x00010029,0x00012078,0x00012079,
    0x0001002a,0x0001002b,0x0001207a,0x0001207b,0x0001002c,0x0001002d,0x0001207c,0x0001207d,
    0x0001002e,0x0001002f,0x0001207e,0x0001207f,0x00010030,0x00010031,0x00012000,0x00012001,
    0x00010032,0x00010033,0x00012002,0x00012003,0x00010034,0x00010035,0x00012004,0x00012005,
    0x00010036,0x00010037,0x00012006,0x00012007,0x00010038,0x00010039,0x00012008,0x00012009,
    0x0001003a,0x0001003b,0x0001200a,0x0001200b,0x0001003c,0x0001003d,0x0001200c,0x0001200d,
    0x0001003e,0x0001003f,0x0001200e,0x0001200f,0x00010040,0x00010041,0x00012010,0x00012011,
    0x00010042,0x00010043,0x00012012,0x00012013,0x00012014,0x00012015,0x00012016,0x00012017,
    0x00012018,0x00012019,0x0001201a,0x0001201b,0x0001201c,0x0001201d,0x0001201e,0x0001201f,
    0x00012020,0x00012021,0x00014004,0x00014005,0x00014006,0x00014007,0x00016000,0x00016001,
    0x00016002,0x00016003,0x0001800f,0x00018010,0x00010044,0x00010045,0x00018011,0x00018012,
    0x00010046,0x00010047,0x00018013,0x00018014,0x00010048,0x00010049,0x00018015,0x00018016,
    0x0001004a,0x0001004b,0x00018017,0x00018018,0x0001004c,0x0001004d,0x00018019,0x0001801a,
    0x0001004e,0x0001004f,0x0001801b,0x0001801c,0x00010050,0x00010051,0x0001801d,0x0001801e,
    0x00010052,0x00010053,0x00012022,0x00012023,0x00010054,0x00010055,0x00012024,0x00012025,
    0x00010056,0x00010057,0x00012026,0x00012027,0x00010058,0x00010059,0x00012028,0x00012029,
    0x0001005a,0x0001005b,0x0001202a,0x0001202b,0x0001005c,0x0001005d,0x0001202c,0x0001202d,
    0x0001005e,0x0001005f,0x0001202e,0x0001202f,0x00010060,0x00010061,0x00012030,0x00012031,
    0x00010062,0x00010063,0x00012032,0x00012033,0x00010064,0x00010065,0x00012034,0x00012035,
    0x00010066,0x00010067,0x00012036,0x00012037,0x00010068,0x00010069,0x00012038,0x00012039,
    0x0001006a,0x0001006b,0x0001203a,0x0001203b,0x0001006c,0x0001006d,0x0001203c,0x0001203d,
    0x0001006e,0x0001006f,0x0001203e,0x0001203f,0x00010070,0x00010071,0x00012040,0x00012041,
    0x00010072,0x00010073,0x00012042,0x00012043,0x00010074,0x00010075,0x00012044,0x00012045,
    0x00010076,0x00010077,0x00012046,0x00012047,0x00010078,0x00010079,0x00012048,0x00012049,
    0x0001007a,0x0001007b,0x0001204a,0x0001204b,0x0001007c,0x0001007d,0x0001204c,0x0001204d,
    0x0001007e,0x0001007f,0x0001204e,0x0001204f,0x00010040,0x00010041,0x00012050,0x00012051,
    0x00010042,0x00010043,0x00012052,0x00012053,0x00012054,0x00012055,0x00012056,0x00012057,
    0x00012058,0x00012059,0x0001205a,0x0001205b,0x0001205c,0x0001205d,0x0001205e,0x0001205f,
    0x00012060,0x00012061,0x00014004,0x00014005,0x00014006,0x00014007,0x00016004,0x00016005,
    0x00016006,0x00016007,0x0001801f,0x0001a001,0x00010044,0x00010045,0x00018020,0x00018021,
    0x00010046,0x00010047,0x00018022,0x00018023,0x00010048,0x00010049,0x00018024,0x00018025,
    0x0001004a,0x0001004b,0x00018026,0x00018027,0x0001004c,0x0001004d,0x00018028,0x00018029,
    0x0001004e,0x0001004f,0x0001802a,0x0001802b,0x00010050,0x00010051,0x0001802c,0x0001802d,
    0x00010052,0x00010053,0x00012062,0x00012063,0x00010054,0x00010055,0x00012064,0x00012065,
    0x00010056,0x00010057,0x00012066,0x00012067,0x00010058,0x00010059,0x00012068,0x00012069,
    0x0001005a,0x0001005b,0x0001206a,0x0001206b,0x0001005c,0x0001005d,0x0001206c,0x0001206d,
    0x0001005e,0x0001005f,0x0001206e,0x0001206f,0x00010060,0x00010061,0x00012070,0x00012071,
    0x00010062,0x00010063,0x00012072,0x00012073,0x00010064,0x00010065,0x00012074,0x00012075,
    0x00010066,0x00010067,0x00012076,0x00012077,0x00010068,0x00010069,0x00012078,0x00012079,
    0x0001006a,0x0001006b,0x0001207a,0x0001207b,0x0001006c,0x0001006d,0x0001207c,0x0001207d,
    0x0001006e,0x0001006f,0x0001207e,0x0001207f,0x00010070,0x00010071,0x0001802e,0x0001a002,
    0x00010072,0x00010073,0x0001802f,0x00020074,0x00010075,0x00030076,0x00010077,0x00018030,
    0x00018031,0x00010078,0x00010079,0x00018032,0x00018033,0x0001007a,0x0001007b,0x00018034,
    0x00018035,0x0001007c,0x0001007d,0x00018036,0x00018037,0x0001007e,0x0001007f,0x00018038,
    0x00018039,0x0002803a,0x0002803b,0x0002803c,0x0002803d,0x0002803e,0x0002803f,0x0001a003,
    0x00050000,0x00010001,0x00010002,0x00010003,0x00012000,0x00012001,0x00012002,0x00012003,
    0x00012004,0x00012005,0x00012006,0x00012007,0x00012008,0x00012009,0x0001200a,0x0001200b,
    0x0001200c,0x0001200d,0x0001200e,0x0001200f,0x00012010,0x00012011,0x00012012,0x00012013,
    0x00012014,0x00012015,0x00012016,0x00012017,0x00012018,0x00012019,0x0001201a,0x0001201b,
    0x0001201c,0x0001201d,0x0001201e,0x0001201f,0x00012020,0x00012021,0x00014000,0x00014001,
    0x00014002,0x00014003,0x00016000,0x00016001,0x00016002,0x00016003,0x00030004,0x00010005,
    0x00030006,0x00010007,0x00030008,0x00010009,0x0003000a,0x0001000b,0x0003000c,0x0001000d,
    0x0003000e,0x0001000f,0x00030010,0x00010011,0x00030012,0x00010013,0x00012022,0x00012023,
    0x00010014,0x00010015,0x00012024,0x00012025,0x00010016,0x00010017,0x00012026,0x00012027,
    0x00010018,0x00010019,0x00012028,0x00012029,0x0001001a,0x0001001b,0x0001202a,0x0001202b,
    0x0001001c,0x0001001d,0x0001202c,0x0001202d,0x0001001e,0x0001001f,0x0001202e,0x0001202f,
    0x00010020,0x00010021,0x00012030,0x00012031,0x00010022,0x00010023,0x00012032,0x00012033,
    0x00010024,0x00010025,0x00012034,0x00012035,0x00010026,0x00010027,0x00012036,0x00012037,
    0x00010028,0x00010029,0x00012038,0x00012039,0x0001002a,0x0001002b,0x0001203a,0x0001203b,
    0x0001002c,0x0001002d,0x0001203c,0x0001203d,0x0001002e,0x0001002f,0x0001203e,0x0001203f,
    0x00010030,0x00010031,0x00012040,0x00012041,0x00010032,0x00010033,0x00012042,0x00012043,
    0x00010034,0x00010035,0x00012044,0x00012045,0x00010036,0x00010037,0x00012046,0x00012047,
    0x00010038,0x00010039,0x00012048,0x00012049,0x0001003a,0x0001003b,0x0001204a,0x0001204b,
    0x0001003c,0x0001003d,0x0001204c,0x0001204d,0x0001003e,0x0001003f,0x0001204e,0x0001204f,
    0x00010040,0x00010041,0x00012050,0x00012051,0x00010042,0x00010043,0x00012052,0x00012053,
    0x00012054,0x00012055,0x00012056,0x00012057,0x00012058,0x00012059,0x0001205a,0x0001205b,
    0x0001205c,0x0001205d,0x0001205e,0x0001205f,0x00012060,0x00012061,0x00014004,0x00014000,
    0x00014001,0x00014002,0x00016004,0x00016005,0x00016006,0x00016007,0x00030044,0x00010045,
    0x00030046,0x00010047,0x00018000,0x00018001,0x00010048,0x00010049,0x00018002,0x00018003,
    0x0001004a,0x0001004b,0x00018004,0x00018005,0x0001004c,0x0001004d,0x00018006,0x00018007,
    0x0001004e,0x0001004f,0x00018008,0x00018009,0x00010000,0x00010001,0x0001800a,0x0001800b,
    0x00010002,0x00010003,0x00012062,0x00012063,0x00010004,0x00010005,0x00012064,0x00012065,
    0x00010006,0x00010007,0x00012066,0x00012067,0x00010008,0x00010009,0x00012068,0x00012069,
    0x0001000a,0x0001000b,0x0001206a,0x0001206b,0x0001000c,0x0001000d,0x0001206c,0x0001206d,
    0x0001000e,0x0001000f,0x0001206e,0x0001206f,0x00010010,0x00010011,0x00012070,0x00012071,
    0x00010012,0x00010013,0x00012072,0x00012073,0x00010014,0x00010015,0x00012074,0x00012075,
    0x00010016,0x00010017,0x00012076,0x00012077,0x00010018,0x00010019,0x00012078,0x00012079,
    0x0001001a,0x0001001b,0x0001207a,0x0001207b,0x0001001c,0x0001001d,0x0001207c,0x0001207d,
    0x0001001e,0x0001001f,0x0001207e,0x0001207f,0x00010020,0x00010021,0x00012080,0x00012081,
    0x00010022,0x00010023,0x00012082,0x00012083,0x00010024,0x00010025,0x00012084,0x00012085,
    0x00010026,0x00010027,0x00012086,0x00012087,0x00010028,0x00010029,0x00012088,0x00012089,
    0x0001002a,0x0001002b,0x0001208a,0x0001208b,0x0001002c,0x0001002d,0x0001208c,0x0001208d,
    0x0001002e,0x0001002f,0x0001208e,0x0001208f,0x00010030,0x00010031,0x00012090,0x00012091,
    0x00010032,0x00010033,0x00012092,0x00012093,0x00012094,0x00012095,0x00012096,0x00012097,
    0x00012098,0x00012099,0x0001209a,0x0001209b,0x0001209c,0x0001209d,0x0001209e,0x0001209f,
    0x00012000,0x00012001,0x00014003,0x00014004,0x00014005,0x00014006,0x00016008,0x00016009,
    0x00016000,0x00016001,0x0001800c,0x0001800d,0x00010034,0x00010035,0x0001a000,0x0001800e,
    0x00010036,0x00010037,0x0001800f,0x00020038,0x00010039,0x0003003a,0x0001003b,0x0003003c,
    0x0001003d,0x0003003e,0x0001003f,0x00030040,0x00010041,0x00030042,0x00010043,0x00012002,
    0x00012003,0x00010044,0x00010045,0x00012004,0x00012005,0x00010046,0x00010047,0x00012006,
    0x00012007,0x00010048,0x00010049,0x00012008,0x00012009,0x0001004a,0x0001004b,0x0001200a,
    0x0001200b,0x0001004c,0x0001004d,0x0001200c,0x0001200d,0x0001004e,0x0001004f,0x0001200e,
    0x0001200f,0x00010050,0x00010051,0x00012010,0x00012011,0x00010052,0x00010053,0x00012012,
    0x00012013,0x00010054,0x00010055,0x00012014,0x00012015,0x00010056,0x00010057,0x00012016,
    0x00012017,0x00010058,0x00010059,0x00012018,0x00012019,0x0001201a,0x0001201b,0x0001201c,
    0x0001201d,0x0001201e,0x0001201f,0x00012020,0x00012021,0x00014007,0x00014008,0x00016002,
    0x00016003,0x00018010,0x00018011,0x00018012,0x00018013,0x00028014,0x0001005a,0x0001005b,
    0x00018015,0x00018016,0x0001005c,0x0001005d,0x00018017,0x00018018,0x0001005e,0x0001005f,
    0x00018019,0x0001801a,0x00010060,0x00010061,0x0001801b,0x0001801c,0x00010062,0x00010063,
    0x00012022,0x00012023,0x00010064,0x00010065,0x00012024,0x00012025,0x00010066,0x00010067,
    0x00012026,0x00012027,0x00010068,0x00010069,0x00012028,0x00012029,0x0001006a,0x0001006b,
    0x0001202a,0x0001202b,0x0001006c,0x0001006d,0x0001202c,0x0001202d,0x0001006e,0x0001006f,
    0x0001202e,0x0001202f,0x00010070,0x00010071,0x00012030,0x00012031,0x00010072,0x00010073,
    0x00012032,0x00012033,0x00010074,0x00010075,0x00012034,0x00012035,0x00010076,0x00010077,
    0x00012036,0x00012037,0x00010078,0x00010079,0x00012038,0x00012039,0x0001007a,0x0001007b,
    0x0001203a,0x0001203b,0x0001007c,0x0001007d,0x0001203c,0x0001203d,0x0001007e,0x0001007f,
    0x0001203e,0x0001203f,0x00010080,0x00010081,0x00012040,0x00012041,0x00010082,0x00010083,
    0x00012042,0x00012043,0x00010084,0x00010085,0x00012044,0x00012045,0x00010086,0x00010087,
    0x00012046,0x00012047,0x00010088,0x00010089,0x00012048,0x00012049,0x0001008a,0x0001008b,
    0x0001204a,0x0001204b,0x0001008c,0x0001008d,0x0001204c,0x0001204d,0x0001008e,0x0001008f,
    0x0001204e,0x0001204f,0x00010090,0x00010091,0x00012050,0x00012051,0x00010092,0x00010093,
    0x00012052,0x00012053,0x00012054,0x00012055,0x00012056,0x00012057,0x00012058,0x00012059,
    0x0001205a,0x0001205b,0x0001205c,0x0001205d,0x0001205e,0x0001205f,0x00012060,0x00012061,
    0x00014009,0x00014005,0x00014006,0x00014007,0x00016004,0x00016005,0x00016006,0x00016007,
    0x0001801d,0x0001801e,0x00010094,0x00010095,0x0001801f,0x0001a001,0x00010096,0x00010097,
    0x00018020,0x00018021,0x00010098,0x00010099,0x00018022,0x00018023,0x0001009a,0x0001009b,
    0x00018024,0x00018025,0x0001009c,0x0001009d,0x00018026,0x00018027,0x0001009e,0x0001009f,
    0x00018028,0x00018029,0x00010050,0x00010051,0x0001802a,0x0001802b,0x00010052,0x00010053,
    0x00012062,0x00012063,0x00010054,0x00010055,0x00012064,0x00012065,0x00010056,0x00010057,
    0x00012066,0x00012067,0x00010058,0x00010059,0x00012068,0x00012069,0x0001005a,0x0001005b,
    0x0001206a,0x0001206b,0x0001005c,0x0001005d,0x0001206c,0x0001206d,0x0001005e,0x0001005f,
    0x0001206e,0x0001206f,0x00010060,0x00010061,0x00012070,0x00012071,0x00010062,0x00010063,
    0x00012072,0x00012073,0x00010064,0x00010065,0x00012074,0x00012075,0x00010066,0x00010067,
    0x00012076,0x00012077,0x00010068,0x00010069,0x00012078,0x00012079,0x0001006a,0x0001006b,
    0x0001207a,0x0001207b,0x0001006c,0x0001006d,0x0001207c,0x0001207d,0x0001006e,0x0001006f,
    0x0001207e,0x0001207f,0x00010070,0x00010071,0x00012080,0x00012081,0x00010072,0x00010073,
    0x00012082,0x00012083,0x00010074,0x00010075,0x00012084,0x00012085,0x00010076,0x00010077,
    0x00012086,0x00012087,0x00010078,0x00010079,0x00012088,0x00012089,0x0001007a,0x0001007b,
    0x0001208a,0x0001208b,0x0001007c,0x0001007d,0x0001208c,0x0001208d,0x0001007e,0x0001007f,
    0x0001208e,0x0001208f,0x00010080,0x00010081,0x00012090,0x00012091,0x00010082,0x00010083,
    0x00012092,0x00012093,0x00012094,0x00012095,0x00012096,0x00012097,0x00012098,0x00012099,
    0x0001209a,0x0001209b,0x0001209c,0x0001209d,0x0001209e,0x0001209f,0x00014008,0x00014009,
    0x00016008,0x00016009,0x0001802c,0x0001802d,0x0001a002,0x0001802e,0x00010084,0x00010085,
    0x0001802f,0x00020086,0x00010087,0x00030088,0x00010089,0x0003008a,0x0001008b,0x0003008c,
    0x0001008d,0x0003008e,0x0001008f,0x00030090,0x00010091,0x00030092,0x00010093,0x00030094,
    0x00010095,0x00030096,0x00010097,0x00018030,0x00018031,0x00010098,0x00010099,0x00018032,
    0x00018033,0x0001009a,0x0001009b,0x00018034,0x00018035,0x0001009c,0x0001009d,0x00018036,
    0x00018037,0x0001009e,0x0001009f,0x00018038,0x00018039,0x0002803a,0x0002803b,0x0002803c,
    0x0002803d,0x0002803e,0x0002803f,0x0001a003,0x00050000,0x00010001,0x00010002,0x00010003,
    0x00012000,0x00012001,0x00012002,0x00012003,0x00012004,0x00012005,0x00012006,0x00012007,
    0x00012008,0x00012009,0x0001200a,0x0001200b,0x0001200c,0x0001200d,0x0001200e,0x0001200f,
    0x00012010,0x00012011,0x00012012,0x00012013,0x00012014,0x00012015,0x00012016,0x00012017,
    0x00012018,0x00012019,0x0001201a,0x0001201b,0x0001201c,0x0001201d,0x0001201e,0x0001201f,
    0x00012020,0x00012021,0x00014000,0x00014001,0x00014002,0x00014003,0x00016000,0x00016001,
    0x00016002,0x00016003,0x00030004,0x00010005,0x00030006,0x00010007,0x00030008,0x00010009,
    0x0003000a,0x0001000b,0x0003000c,0x0001000d,0x0003000e,0x0001000f,0x00030010,0x00010011,
    0x00030012,0x00010013,0x00012022,0x00012023,0x00010014,0x00010015,0x00012024,0x00012025,
    0x00010016,0x00010017,0x00012026,0x00012027,0x00010018,0x00010019,0x00012028,0x00012029,
    0x0001001a,0x0001001b,0x0001202a,0x0001202b,0x0001001c,0x0001001d,0x0001202c,0x0001202d,
    0x0001001e,0x0001001f,0x0001202e,0x0001202f,0x00010020,0x00010021,0x00012030,0x00012031,
    0x00010022,0x00010023,0x00012032,0x00012033,0x00010024,0x00010025,0x00012034,0x00012035,
    0x00010026,0x00010027,0x00012036,0x00012037,0x00010028,0x00010029,0x00012038,0x00012039,
    0x0001002a,0x0001002b,0x0001203a,0x0001203b,0x0001002c,0x0001002d,0x0001203c,0x0001203d,
    0x0001002e,0x0001002f,0x0001203e,0x0001203f,0x00010030,0x00010031,0x00012040,0x00012041,
    0x00010032,0x00010033,0x00012042,0x00012043,0x00010034,0x00010035,0x00012044,0x00012045,
    0x00010036,0x00010037,0x00012046,0x00012047,0x00010038,0x00010039,0x00012048,0x00012049,
    0x0001003a,0x0001003b,0x0001204a,0x0001204b,0x0001003c,0x0001003d,0x0001204c,0x0001204d,
    0x0001003e,0x0001003f,0x0001204e,0x0001204f,0x00010040,0x00010041,0x00012050,0x00012051,
    0x00010042,0x00010043,0x00012052,0x00012053,0x00012054,0x00012055,0x00012056,0x00012057,
    0x00012058,0x00012059,0x0001205a,0x0001205b,0x0001205c,0x0001205d,0x0001205e,0x0001205f,
    0x00012060,0x00012061,0x00014004,0x00014005,0x00014000,0x00014001,0x00016004,0x00016005,
    0x00016006,0x00016007,0x00030044,0x00010045,0x00030046,0x00010047,0x00030048,0x00010049,
    0x0003004a,0x0001004b,0x0003004c,0x0001004d,0x0003004e,0x0001004f,0x00030050,0x00010051,
    0x00030052,0x00010053,0x00012062,0x00012063,0x00010054,0x00010055,0x00012064,0x00012065,
    0x00010056,0x00010057,0x00012066,0x00012067,0x00010058,0x00010059,0x00012068,0x00012069,
    0x0001005a,0x0001005b,0x0001206a,0x0001206b,0x0001005c,0x0001005d,0x0001206c,0x0001206d,
    0x0001005e,0x0001005f,0x0001206e,0x0001206f,0x00010000,0x00010001,0x00012070,0x00012071,
    0x00010002,0x00010003,0x00012072,0x00012073,0x00010004,0x00010005,0x00012074,0x00012075,
    0x00010006,0x00010007,0x00012076,0x00012077,0x00010008,0x00010009,0x00012078,0x00012079,
    0x0001207a,0x0001207b,0x0001207c,0x0001207d,0x0001207e,0x0001207f,0x00012080,0x00012081,
    0x00014002,0x00014003,0x00016008,0x00016009,0x00018000,0x00018001,0x00018002,0x00018003,
    0x00028004,0x0001000a,0x0001000b,0x00018005,0x00018006,0x0001000c,0x0001000d,0x00018007,
    0x00018008,0x0001000e,0x0001000f,0x00018009,0x0001800a,0x00010010,0x00010011,0x0001800b,
    0x0001800c,0x00010012,0x00010013,0x00012082,0x00012083,0x00010014,0x00010015,0x00012084,
    0x00012085,0x00010016,0x00010017,0x00012086,0x00012087,0x00010018,0x00010019,0x00012088,
    0x00012089,0x0001001a,0x0001001b,0x0001208a,0x0001208b,0x0001001c,0x0001001d,0x0001208c,
    0x0001208d,0x0001001e,0x0001001f,0x0001208e,0x0001208f,0x00010020,0x00010021,0x00012090,
    0x00012091,0x00010022,0x00010023,0x00012092,0x00012093,0x00010024,0x00010025,0x00012094,
    0x00012095,0x00010026,0x00010027,0x00012096,0x00012097,0x00010028,0x00010029,0x00012098,
    0x00012099,0x0001002a,0x0001002b,0x0001209a,0x0001209b,0x0001002c,0x0001002d,0x0001209c,
    0x0001209d,0x0001002e,0x0001002f,0x0001209e,0x0001209f,0x00010030,0x00010031,0x000120a0,
    0x000120a1,0x00010032,0x00010033,0x000120a2,0x000120a3,0x00010034,0x00010035,0x000120a4,
    0x000120a5,0x00010036,0x00010037,0x000120a6,0x000120a7,0x00010038,0x00010039,0x000120a8,
    0x000120a9,0x0001003a,0x0001003b,0x000120aa,0x000120ab,0x0001003c,0x0001003d,0x000120ac,
    0x000120ad,0x0001003e,0x0001003f,0x000120ae,0x000120af,0x00010040,0x00010041,0x000120b0,
    0x000120b1,0x00010042,0x00010043,0x000120b2,0x000120b3,0x000120b4,0x000120b5,0x000120b6,
    0x000120b7,0x000120b8,0x000120b9,0x000120ba,0x000120bb,0x000120bc,0x000120bd,0x000120be,
    0x000120bf,0x00012000,0x00012001,0x00014004,0x00014005,0x00014006,0x00014007,0x0001600a,
    0x0001600b,0x00016000,0x00016001,0x0001800d,0x0001800e,0x00010044,0x00010045,0x0001a000,
    0x0001800f,0x00010046,0x00010047,0x00030048,0x00010049,0x0003004a,0x0001004b,0x0003004c,
    0x0001004d,0x0003004e,0x0001004f,0x00030050,0x00010051,0x00030052,0x00010053,0x00012002,
    0x00012003,0x00010054,0x00010055,0x00012004,0x00012005,0x00010056,0x00010057,0x00012006,
    0x00012007,0x00010058,0x00010059,0x00012008,0x00012009,0x0001005a,0x0001005b,0x0001200a,
    0x0001200b,0x0001005c,0x0001005d,0x0001200c,0x0001200d,0x0001005e,0x0001005f,0x0001200e,
    0x0001200f,0x00010060,0x00010061,0x00012010,0x00012011,0x00010062,0x00010063,0x00012012,
    0x00012013,0x00010064,0x00010065,0x00012014,0x00012015,0x00010066,0x00010067,0x00012016,
    0x00012017,0x00010068,0x00010069,0x00012018,0x00012019,0x0001201a,0x0001201b,0x0001201c,
    0x0001201d,0x0001201e,0x0001201f,0x00012020,0x00012021,0x00014008,0x00014009,0x00016002,
    0x00016003,0x00018010,0x00018011,0x00018012,0x00018013,0x00028014,0x0001006a,0x0001006b,
    0x00018015,0x00018016,0x0001006c,0x0001006d,0x00018017,0x00018018,0x0001006e,0x0001006f,
    0x00018019,0x0001801a,0x00010070,0x00010071,0x0001801b,0x0001801c,0x00010072,0x00010073,
    0x00012022,0x00012023,0x00010074,0x00010075,0x00012024,0x00012025,0x00010076,0x00010077,
    0x00012026,0x00012027,0x00010078,0x00010079,0x00012028,0x00012029,0x0001007a,0x0001007b,
    0x0001202a,0x0001202b,0x0001007c,0x0001007d,0x0001202c,0x0001202d,0x0001007e,0x0001007f,
    0x0001202e,0x0001202f,0x00010080,0x00010081,0x00012030,0x00012031,0x00010082,0x00010083,
    0x00012032,0x00012033,0x00010084,0x00010085,0x00012034,0x00012035,0x00010086,0x00010087,
    0x00012036,0x00012037,0x00010088,0x00010089,0x00012038,0x00012039,0x0001008a,0x0001008b,
    0x0001203a,0x0001203b,0x0001008c,0x0001008d,0x0001203c,0x0001203d,0x0001008e,0x0001008f,
    0x0001203e,0x0001203f,0x00010090,0x00010091,0x00012040,0x00012041,0x00010092,0x00010093,
    0x00012042,0x00012043,0x00010094,0x00010095,0x00012044,0x00012045,0x00010096,0x00010097,
    0x00012046,0x00012047,0x00010098,0x00010099,0x00012048,0x00012049,0x0001009a,0x0001009b,
    0x0001204a,0x0001204b,0x0001009c,0x0001009d,0x0001204c,0x0001204d,0x0001009e,0x0001009f,
    0x0001204e,0x0001204f,0x000100a0,0x000100a1,0x00012050,0x00012051,0x000100a2,0x000100a3,
    0x00012052,0x00012053,0x00012054,0x00012055,0x00012056,0x00012057,0x00012058,0x00012059,
    0x0001205a,0x0001205b,0x0001205c,0x0001205d,0x0001205e,0x0001205f,0x00012060,0x00012061,
    0x0001400a,0x0001400b,0x00014006,0x00014007,0x00016004,0x00016005,0x00016006,0x00016007,
    0x0001801d,0x0001801e,0x000100a4,0x000100a5,0x0001801f,0x0001a001,0x000100a6,0x000100a7,
    0x000300a8,0x000100a9,0x000300aa,0x000100ab,0x000300ac,0x000100ad,0x000300ae,0x000100af,
    0x000300b0,0x000100b1,0x000300b2,0x000100b3,0x00012062,0x00012063,0x000100b4,0x000100b5,
    0x00012064,0x00012065,0x000100b6,0x000100b7,0x00012066,0x00012067,0x000100b8,0x000100b9,
    0x00012068,0x00012069,0x000100ba,0x000100bb,0x0001206a,0x0001206b,0x000100bc,0x000100bd,
    0x0001206c,0x0001206d,0x000100be,0x000100bf,0x0001206e,0x0001206f,0x00010060,0x00010061,
    0x00012070,0x00012071,0x00010062,0x00010063,0x00012072,0x00012073,0x00010064,0x00010065,
    0x00012074,0x00012075,0x00010066,0x00010067,0x00012076,0x00012077,0x00010068,0x00010069,
    0x00012078,0x00012079,0x0001207a,0x0001207b,0x0001207c,0x0001207d,0x0001207e,0x0001207f,
    0x00012080,0x00012081,0x00014008,0x00014009,0x00016008,0x00016009,0x00018020,0x00018021,
    0x00018022,0x00018023,0x00028024,0x0001006a,0x0001006b,0x00018025,0x00018026,0x0001006c,
    0x0001006d,0x00018027,0x00018028,0x0001006e,0x0001006f,0x00018029,0x0001802a,0x00010070,
    0x00010071,0x0001802b,0x0001802c,0x00010072,0x00010073,0x00012082,0x00012083,0x00010074,
    0x00010075,0x00012084,0x00012085,0x00010076,0x00010077,0x00012086,0x00012087,0x00010078,
    0x00010079,0x00012088,0x00012089,0x0001007a,0x0001007b,0x0001208a,0x0001208b,0x0001007c,
    0x0001007d,0x0001208c,0x0001208d,0x0001007e,0x0001007f,0x0001208e,0x0001208f,0x00010080,
    0x00010081,0x00012090,0x00012091,0x00010082,0x00010083,0x00012092,0x00012093,0x00010084,
    0x00010085,0x00012094,0x00012095,0x00010086,0x00010087,0x00012096,0x00012097,0x00010088,
    0x00010089,0x00012098,0x00012099,0x0001008a,0x0001008b,0x0001209a,0x0001209b,0x0001008c,
    0x0001008d,0x0001209c,0x0001209d,0x0001008e,0x0001008f,0x0001209e,0x0001209f,0x00010090,
    0x00010091,0x000120a0,0x000120a1,0x00010092,0x00010093,0x000120a2,0x000120a3,0x00010094,
    0x00010095,0x000120a4,0x000120a5,0x00010096,0x00010097,0x000120a6,0x000120a7,0x00010098,
    0x00010099,0x000120a8,0x000120a9,0x0001009a,0x0001009b,0x000120aa,0x000120ab,0x0001009c,
    0x0001009d,0x000120ac,0x000120ad,0x0001009e,0x0001009f,0x000120ae,0x000120af,0x000100a0,
    0x000100a1,0x000120b0,0x000120b1,0x000100a2,0x000100a3,0x000120b2,0x000120b3,0x000120b4,
    0x000120b5,0x000120b6,0x000120b7,0x000120b8,0x000120b9,0x000120ba,0x000120bb,0x000120bc,
    0x000120bd,0x000120be,0x000120bf,0x0001400a,0x0001400b,0x0001600a,0x0001600b,0x0001802d,
    0x0001802e,0x0001a002,0x0001802f,0x000100a4,0x000100a5,0x000300a6,0x000100a7,0x000300a8,
    0x000100a9,0x000300aa,0x000100ab,0x000300ac,0x000100ad,0x000300ae,0x000100af,0x000300b0,
    0x000100b1,0x000300b2,0x000100b3,0x000300b4,0x000100b5,0x000300b6,0x000100b7,0x00018030,
    0x00018031,0x000100b8,0x000100b9,0x00018032,0x00018033,0x000100ba,0x000100bb,0x00018034,
    0x00018035,0x000100bc,0x000100bd,0x00018036,0x00018037,0x000100be,0x000100bf,0x00018038,
    0x00018039,0x0002803a,0x0002803b,0x0002803c,0x0002803d,0x0002803e,0x0002803f,0x0001a003,
    0x00050000,0x00010001,0x00010002,0x00010003,0x00012000,0x00012001,0x00012002,0x00012003,
    0x00012004,0x00012005,0x00012006,0x00012007,0x00012008,0x00012009,0x0001200a,0x0001200b,
    0x0001200c,0x0001200d,0x0001200e,0x0001200f,0x00012010,0x00012011,0x00012012,0x00012013,
    0x00012014,0x00012015,0x00012016,0x00012017,0x00012018,0x00012019,0x0001201a,0x0001201b,
    0x0001201c,0x0001201d,0x0001201e,0x0001201f,0x00012020,0x00012021,0x00014000,0x00014000,
    0x00014000,0x00014000,0x00016000,0x00016001,0x00016002,0x00016003,0x00030004,0x00010005,
    0x00030006,0x00010007,0x00018000,0x00018001,0x00010008,0x00010009,0x00018002,0x00018003,
    0x0001000a,0x0001000b,0x00018004,0x00018005,0x0001000c,0x0001000d,0x00018006,0x00018007,
    0x0001000e,0x0001000f,0x00018008,0x00018009,0x00010000,0x00010001,0x0001800a,0x0001800b,
    0x00010002,0x00010003,0x00012022,0x00012023,0x00010004,0x00010005,0x00012024,0x00012025,
    0x00010006,0x00010007,0x00012026,0x00012027,0x00010008,0x00010009,0x00012028,0x00012029,
    0x0001000a,0x0001000b,0x0001202a,0x0001202b,0x0001000c,0x0001000d,0x0001202c,0x0001202d,
    0x0001000e,0x0001000f,0x0001202e,0x0001202f,0x00010000,0x00010001,0x00012030,0x00012031,
    0x00010002,0x00010003,0x00012032,0x00012033,0x00010004,0x00010005,0x00012034,0x00012035,
    0x00012036,0x00012037,0x00012038,0x00012039,0x0001203a,0x0001203b,0x0001203c,0x0001203d,
    0x0001203e,0x0001203f,0x00012000,0x00012001,0x00014001,0x00014001,0x00016000,0x00016001,
    0x0001800c,0x0001800d,0x0001a000,0x0001800e,0x0001800f,0x00028010,0x00010006,0x00010007,
    0x00018011,0x00018012,0x00010008,0x00010009,0x00018013,0x00018014,0x0001000a,0x0001000b,
    0x00018015,0x00018016,0x0001000c,0x0001000d,0x00018017,0x00018018,0x0001000e,0x0001000f,
    0x00018019,0x0001801a,0x00010000,0x00010001,0x0001801b,0x0001801c,0x00010002,0x00010003,
    0x00012002,0x00012003,0x00010004,0x00010005,0x00012004,0x00012005,0x00010006,0x00012006,
    0x00012007,0x00012008,0x00012009,0x0001200a,0x0001200b,0x0001200c,0x0001200d,0x0001200e,
    0x0001200f,0x00012010,0x00012011,0x00014001,0x00016002,0x0001801d,0x0001801e,0x0001801f,
    0x0001a001,0x00018020,0x00018021,0x00010007,0x00010008,0x00018022,0x00018023,0x00010009,
    0x0001000a,0x00018024,0x00018025,0x0001000b,0x0001000c,0x00018026,0x00018027,0x0001000d,
    0x0001000e,0x00018028,0x00018029,0x0001000f,0x00010010,0x0001802a,0x0001802b,0x00010011,
    0x00010012,0x0001802c,0x0001802d,0x00010013,0x00010014,0x00012012,0x00012013,0x00010015,
    0x00010016,0x00012014,0x00012015,0x00010017,0x00012016,0x00012017,0x00012018,0x00012019,
    0x0001201a,0x0001201b,0x0001201c,0x0001201d,0x0001201e,0x0001201f,0x00012020,0x00012021,
    0x00014001,0x00016003,0x0001802e,0x0001802f,0x0001a002,0x00018030,0x00018031,0x00028032,
    0x00010018,0x00010019,0x00018033,0x00018034,0x0001001a,0x0001001b,0x00018035,0x00018036,
    0x0001001c,0x0001001d,0x00018037,0x00018038,0x0001001e,0x0001001f,0x00018039,0x0001803a,
    0x00010010,0x00010011,0x0001803b,0x0001803c,0x00010012,0x00010013,0x00012022,0x00012023,
    0x00010014,0x00010015,0x00012024,0x00012025,0x00010016,0x00012026,0x00012027,0x00012028,
    0x00012029,0x0001202a,0x0001202b,0x0001202c,0x0001202d,0x0001202e,0x0001202f,0x00012030,
    0x00012031,0x0001803d,0x0001803e,0x0001803f,0x0001a003,0x00018040,0x00018041,0x00010017,
    0x00010018,0x00018042,0x00018043,0x00010019,0x0001001a,0x00018044,0x00018045,0x0001001b,
    0x0001001c,0x00018046,0x00018047,0x0001001d,0x0001001e,0x00018048,0x00018049,0x0001001f,
    0x00010010,0x0001804a,0x0001804b,0x00010011,0x00010012,0x0001804c,0x0001804d,0x00010013,
    0x00010014,0x00012032,0x00012033,0x00010015,0x00010016,0x00012034,0x00012035,0x00010017,
    0x00012036,0x00012037,0x00012038,0x00012039,0x0001203a,0x0001203b,0x0001203c,0x0001203d,
    0x0001203e,0x0001203f,0x0001804e,0x0001804f,0x0001a004,0x00018050,0x00018051,0x00028052,
    0x00010018,0x00010019,0x00018053,0x00018054,0x0001001a,0x0001001b,0x00018055,0x00018056,
    0x0001001c,0x0001001d,0x00018057,0x00018058,0x0001001e,0x0001001f,0x00018059,0x0001805a,
    0x00010010,0x00010011,0x0001805b,0x0001805c,0x00010012,0x00010013,0x0001805d,0x0001805e,
    0x00010014,0x00010015,0x0001805f,0x0001a005,0x00010016,0x00010017,0x00018060,0x00018061,
    0x00010018,0x00010019,0x00018062,0x00018063,0x0001001a,0x0001001b,0x00018064,0x00018065,
    0x0001001c,0x0001001d,0x00018066,0x00018067,0x0001001e,0x0001001f,0x00018068,0x00018069,
    0x0001806a,0x0001806b,0x0002806c,0x0002806d,0x0002806e,0x0002a006,0x0001806f,0x00018070,
    0x00028071,0x00028072,0x00028073,0x00028074,0x00028075,0x00028076,0x00028077,0x00028078,
    0x00028079,0x0002807a,0x0002807b,0x0002807c,0x0002807d,0x0002807e,0x0002807f,0x0001a007,
    0x00050000,0x00010001,0x00010002,0x00010003,0x00012000,0x00012001,0x00012002,0x00012003,
    0x00012004,0x00012005,0x00012006,0x00012007,0x00012008,0x00012009,0x0001200a,0x0001200b,
    0x0001200c,0x0001200d,0x0001200e,0x0001200f,0x00012010,0x00012011,0x00012012,0x00012013,
    0x00012014,0x00012015,0x00012016,0x00012017,0x00012018,0x00012019,0x0001201a,0x0001201b,
    0x0001201c,0x0001201d,0x0001201e,0x0001201f,0x00012020,0x00012021,0x00014000,0x00014001,
    0x00014000,0x00014001,0x00016000,0x00016001,0x00016002,0x00016003,0x00030004,0x00010005,
    0x00030006,0x00010007,0x00030008,0x00010009,0x0003000a,0x0001000b,0x0003000c,0x0001000d,
    0x0003000e,0x0001000f,0x00030010,0x00010011,0x00030012,0x00010013,0x00012022,0x00012023,
    0x00010014,0x00010015,0x00012024,0x00012025,0x00010016,0x00010017,0x00012026,0x00012027,
    0x00010018,0x00010019,0x00012028,0x00012029,0x0001001a,0x0001001b,0x0001202a,0x0001202b,
    0x0001001c,0x0001001d,0x0001202c,0x0001202d,0x0001001e,0x0001001f,0x0001202e,0x0001202f,
    0x00010000,0x00010001,0x00012030,0x00012031,0x00010002,0x00010003,0x00012032,0x00012033,
    0x00010004,0x00010005,0x00012034,0x00012035,0x00010006,0x00010007,0x00012036,0x00012037,
    0x00010008,0x00010009,0x00012038,0x00012039,0x0001203a,0x0001203b,0x0001203c,0x0001203d,
    0x0001203e,0x0001203f,0x00012040,0x00012041,0x00014000,0x00014001,0x00016004,0x00016005,
    0x00018000,0x00018001,0x00018002,0x00018003,0x00028004,0x0001000a,0x0001000b,0x00018005,
    0x00018006,0x0001000c,0x0001000d,0x00018007,0x00018008,0x0001000e,0x0001000f,0x00018009,
    0x0001800a,0x00010010,0x00010011,0x0001800b,0x0001800c,0x00010012,0x00010013,0x00012042,
    0x00012043,0x00010014,0x00010015,0x00012044,0x00012045,0x00010016,0x00010017,0x00012046,
    0x00012047,0x00010018,0x00010019,0x00012048,0x00012049,0x0001001a,0x0001001b,0x0001204a,
    0x0001204b,0x0001001c,0x0001001d,0x0001204c,0x0001204d,0x0001001e,0x0001001f,0x0001204e,
    0x0001204f,0x00010000,0x00010001,0x00012050,0x00012051,0x00010002,0x00010003,0x00012052,
    0x00012053,0x00010004,0x00010005,0x00012054,0x00012055,0x00010006,0x00012056,0x00012057,
    0x00012058,0x00012059,0x0001205a,0x0001205b,0x0001205c,0x0001205d,0x0001205e,0x0001205f,
    0x00012060,0x00012061,0x00014000,0x00014001,0x00016006,0x00016007,0x0001800d,0x0001800e,
    0x0001a000,0x0001800f,0x00018010,0x00028011,0x00010007,0x00010008,0x00018012,0x00018013,
    0x00010009,0x0001000a,0x00018014,0x00018015,0x0001000b,0x0001000c,0x00018016,0x00018017,
    0x0001000d,0x0001000e,0x00018018,0x00018019,0x0001000f,0x00010010,0x0001801a,0x0001801b,
    0x00010011,0x00010012,0x0001801c,0x0001801d,0x00010013,0x00010014,0x00012062,0x00012063,
    0x00010015,0x00010016,0x00012064,0x00012065,0x00010017,0x00010018,0x00012066,0x00012067,
    0x00010019,0x0001001a,0x00012068,0x00012069,0x0001001b,0x0001001c,0x0001206a,0x0001206b,
    0x0001001d,0x0001001e,0x0001206c,0x0001206d,0x0001001f,0x00010000,0x0001206e,0x0001206f,
    0x00010001,0x00010002,0x00012070,0x00012071,0x00010003,0x00010004,0x00012072,0x00012073,
    0x00010005,0x00010006,0x00012074,0x00012075,0x00010007,0x00012076,0x00012077,0x00012078,
    0x00012079,0x0001207a,0x0001207b,0x0001207c,0x0001207d,0x0001207e,0x0001207f,0x00012000,
    0x00012001,0x00014002,0x00014003,0x00016000,0x00016001,0x0001801e,0x0001801f,0x0001a001,
    0x00018020,0x00018021,0x00028022,0x00010008,0x00010009,0x00018023,0x00018024,0x0001000a,
    0x0001000b,0x00018025,0x00018026,0x0001000c,0x0001000d,0x00018027,0x00018028,0x0001000e,
    0x0001000f,0x00018029,0x0001802a,0x00010010,0x00010011,0x0001802b,0x0001802c,0x00010012,
    0x00010013,0x00012002,0x00012003,0x00010014,0x00010015,0x00012004,0x00012005,0x00010016,
    0x00010017,0x00012006,0x00012007,0x00010018,0x00010019,0x00012008,0x00012009,0x0001001a,
    0x0001001b,0x0001200a,0x0001200b,0x0001001c,0x0001001d,0x0001200c,0x0001200d,0x0001001e,
    0x0001001f,0x0001200e,0x0001200f,0x00010020,0x00010021,0x00012010,0x00012011,0x00010022,
    0x00010023,0x00012012,0x00012013,0x00010024,0x00010025,0x00012014,0x00012015,0x00010026,
    0x00012016,0x00012017,0x00012018,0x00012019,0x0001201a,0x0001201b,0x0001201c,0x0001201d,
    0x0001201e,0x0001201f,0x00012020,0x00012021,0x00014002,0x00014003,0x00016002,0x00016003,
    0x0001802d,0x0001802e,0x0001802f,0x0001a002,0x00018030,0x00018031,0x00010027,0x00010028,
    0x00018032,0x00018033,0x00010029,0x0001002a,0x00018034,0x00018035,0x0001002b,0x0001002c,
    0x00018036,0x00018037,0x0001002d,0x0001002e,0x00018038,0x00018039,0x0001002f,0x00010030,
    0x0001803a,0x0001803b,0x00010031,0x00010032,0x0001803c,0x0001803d,0x00010033,0x00010034,
    0x00012022,0x00012023,0x00010035,0x00010036,0x00012024,0x00012025,0x00010037,0x00010038,
    0x00012026,0x00012027,0x00010039,0x0001003a,0x00012028,0x00012029,0x0001003b,0x0001003c,
    0x0001202a,0x0001202b,0x0001003d,0x0001003e,0x0001202c,0x0001202d,0x0001003f,0x00010020,
    0x0001202e,0x0001202f,0x00010021,0x00010022,0x00012030,0x00012031,0x00010023,0x00010024,
    0x00012032,0x00012033,0x00010025,0x00010026,0x00012034,0x00012035,0x00010027,0x00012036,
    0x00012037,0x00012038,0x00012039,0x0001203a,0x0001203b,0x0001203c,0x0001203d,0x0001203e,
    0x0001203f,0x00012040,0x00012041,0x00014002,0x00014003,0x00016004,0x00016005,0x0001803e,
    0x0001803f,0x0001a003,0x00018040,0x00018041,0x00028042,0x00010028,0x00010029,0x00018043,
    0x00018044,0x0001002a,0x0001002b,0x00018045,0x00018046,0x0001002c,0x0001002d,0x00018047,
    0x00018048,0x0001002e,0x0001002f,0x00018049,0x0001804a,0x00010030,0x00010031,0x0001804b,
    0x0001804c,0x00010032,0x00010033,0x00012042,0x00012043,0x00010034,0x00010035,0x00012044,
    0x00012045,0x00010036,0x00010037,0x00012046,0x00012047,0x00010038,0x00010039,0x00012048,
    0x00012049,0x0001003a,0x0001003b,0x0001204a,0x0001204b,0x0001003c,0x0001003d,0x0001204c,
    0x0001204d,0x0001003e,0x0001003f,0x0001204e,0x0001204f,0x00010020,0x00010021,0x00012050,
    0x00012051,0x00010022,0x00010023,0x00012052,0x00012053,0x00010024,0x00010025,0x00012054,
    0x00012055,0x00010026,0x00012056,0x00012057,0x00012058,0x00012059,0x0001205a,0x0001205b,
    0x0001205c,0x0001205d,0x0001205e,0x0001205f,0x00012060,0x00012061,0x00014002,0x00014003,
    0x00016006,0x00016007,0x0001804d,0x0001804e,0x0001804f,0x0001a004,0x00018050,0x00018051,
    0x00010027,0x00010028,0x00018052,0x00018053,0x00010029,0x0001002a,0x00018054,0x00018055,
    0x0001002b,0x0001002c,0x00018056,0x00018057,0x0001002d,0x0001002e,0x00018058,0x00018059,
    0x0001002f,0x00010030,0x0001805a,0x0001805b,0x00010031,0x00010032,0x0001805c,0x0001805d,
    0x00010033,0x00010034,0x00012062,0x00012063,0x00010035,0x00010036,0x00012064,0x00012065,
    0x00010037,0x00010038,0x00012066,0x00012067,0x00010039,0x0001003a,0x00012068,0x00012069,
    0x0001003b,0x0001003c,0x0001206a,0x0001206b,0x0001003d,0x0001003e,0x0001206c,0x0001206d,
    0x0001003f,0x00010020,0x0001206e,0x0001206f,0x00010021,0x00010022,0x00012070,0x00012071,
    0x00010023,0x00010024,0x00012072,0x00012073,0x00010025,0x00010026,0x00012074,0x00012075,
    0x00010027,0x00012076,0x00012077,0x00012078,0x00012079,0x0001207a,0x0001207b,0x0001207c,
    0x0001207d,0x0001207e,0x0001207f,0x0001805e,0x0001805f,0x0001a005,0x00018060,0x00018061,
    0x00028062,0x00010028,0x00010029,0x00018063,0x00018064,0x0001002a,0x0001002b,0x00018065,
    0x00018066,0x0001002c,0x0001002d,0x00018067,0x00018068,0x0001002e,0x0001002f,0x00018069,
    0x0001806a,0x00010030,0x00010031,0x0001806b,0x0001806c,0x00010032,0x00010033,0x0001806d,
    0x0001806e,0x00010034,0x00010035,0x0001806f,0x0001a006,0x00010036,0x00010037,0x00018070,
    0x00018071,0x00010038,0x00010039,0x00018072,0x00018073,0x0001003a,0x0001003b,0x00018074,
    0x00018075,0x0001003c,0x0001003d,0x00018076,0x00018077,0x0001003e,0x0001003f,0x00018078,
    0x00018079,0x0002807a,0x0002807b,0x0002807c,0x0002807d,0x0002807e,0x0002a007,0x0001807f,
    0x00050000,0x00010001,0x00010002,0x00010003,0x00012000,0x00012001,0x00012002,0x00012003,
    0x00012004,0x00012005,0x00012006,0x00012007,0x00012008,0x00012009,0x0001200a,0x0001200b,
    0x0001200c,0x0001200d,0x0001200e,0x0001200f,0x00012010,0x00012011,0x00012012,0x00012013,
    0x00012014,0x00012015,0x00012016,0x00012017,0x00012018,0x00012019,0x0001201a,0x0001201b,
    0x0001201c,0x0001201d,0x0001201e,0x0001201f,0x00012020,0x00012021,0x00014000,0x00014001,
    0x00014002,0x00014000,0x00016000,0x00016001,0x00016002,0x00016003,0x00030004,0x00010005,
    0x00030006,0x00010007,0x00030008,0x00010009,0x0003000a,0x0001000b,0x0003000c,0x0001000d,
    0x0003000e,0x0001000f,0x00030010,0x00010011,0x00030012,0x00010013,0x00012022,0x00012023,
    0x00010014,0x00010015,0x00012024,0x00012025,0x00010016,0x00010017,0x00012026,0x00012027,
    0x00010018,0x00010019,0x00012028,0x00012029,0x0001001a,0x0001001b,0x0001202a,0x0001202b,
    0x0001001c,0x0001001d,0x0001202c,0x0001202d,0x0001001e,0x0001001f,0x0001202e,0x0001202f,
    0x00010020,0x00010021,0x00012030,0x00012031,0x00010022,0x00010023,0x00012032,0x00012033,
    0x00010024,0x00010025,0x00012034,0x00012035,0x00010026,0x00010027,0x00012036,0x00012037,
    0x00010028,0x00010029,0x00012038,0x00012039,0x0001002a,0x0001002b,0x0001203a,0x0001203b,
    0x0001002c,0x0001002d,0x0001203c,0x0001203d,0x0001002e,0x0001002f,0x0001203e,0x0001203f,
    0x00010000,0x00010001,0x00012040,0x00012041,0x00010002,0x00010003,0x00012042,0x00012043,
    0x00010004,0x00010005,0x00012044,0x00012045,0x00010006,0x00010007,0x00012046,0x00012047,
    0x00010008,0x00010009,0x00012048,0x00012049,0x0001204a,0x0001204b,0x0001204c,0x0001204d,
    0x0001204e,0x0001204f,0x00012050,0x00012051,0x00014001,0x00014002,0x00014000,0x00016004,
    0x00016005,0x00016006,0x00018000,0x00018001,0x00018002,0x00018003,0x00028004,0x0001000a,
    0x0001000b,0x00018005,0x00018006,0x0001000c,0x0001000d,0x00018007,0x00018008,0x0001000e,
    0x0001000f,0x00018009,0x0001800a,0x00010010,0x00010011,0x0001800b,0x0001800c,0x00010012,
    0x00010013,0x00012052,0x00012053,0x00010014,0x00010015,0x00012054,0x00012055,0x00010016,
    0x00010017,0x00012056,0x00012057,0x00010018,0x00010019,0x00012058,0x00012059,0x0001001a,
    0x0001001b,0x0001205a,0x0001205b,0x0001001c,0x0001001d,0x0001205c,0x0001205d,0x0001001e,
    0x0001001f,0x0001205e,0x0001205f,0x00010020,0x00010021,0x00012060,0x00012061,0x00010022,
    0x00010023,0x00012062,0x00012063,0x00010024,0x00010025,0x00012064,0x00012065,0x00010026,
    0x00010027,0x00012066,0x00012067,0x00010028,0x00010029,0x00012068,0x00012069,0x0001002a,
    0x0001002b,0x0001206a,0x0001206b,0x0001002c,0x0001002d,0x0001206c,0x0001206d,0x0001002e,
    0x0001002f,0x0001206e,0x0001206f,0x00010000,0x00010001,0x00012070,0x00012071,0x00010002,
    0x00010003,0x00012072,0x00012073,0x00010004,0x00010005,0x00012074,0x00012075,0x00010006,
    0x00012076,0x00012077,0x00012078,0x00012079,0x0001207a,0x0001207b,0x0001207c,0x0001207d,
    0x0001207e,0x0001207f,0x00012080,0x00012081,0x00014001,0x00014002,0x00014000,0x00016007,
    0x00016008,0x00016009,0x0001800d,0x0001800e,0x0001a000,0x0001800f,0x00018010,0x00028011,
    0x00010007,0x00010008,0x00018012,0x00018013,0x00010009,0x0001000a,0x00018014,0x00018015,
    0x0001000b,0x0001000c,0x00018016,0x00018017,0x0001000d,0x0001000e,0x00018018,0x00018019,
    0x0001000f,0x00010010,0x0001801a,0x0001801b,0x00010011,0x00010012,0x0001801c,0x0001801d,
    0x00010013,0x00010014,0x00012082,0x00012083,0x00010015,0x00010016,0x00012084,0x00012085,
    0x00010017,0x00010018,0x00012086,0x00012087,0x00010019,0x0001001a,0x00012088,0x00012089,
    0x0001001b,0x0001001c,0x0001208a,0x0001208b,0x0001001d,0x0001001e,0x0001208c,0x0001208d,
    0x0001001f,0x00010020,0x0001208e,0x0001208f,0x00010021,0x00010022,0x00012090,0x00012091,
    0x00010023,0x00010024,0x00012092,0x00012093,0x00010025,0x00010026,0x00012094,0x00012095,
    0x00010027,0x00010028,0x00012096,0x00012097,0x00010029,0x0001002a,0x00012098,0x00012099,
    0x0001002b,0x0001002c,0x0001209a,0x0001209b,0x0001002d,0x0001002e,0x0001209c,0x0001209d,
    0x0001002f,0x00010000,0x0001209e,0x0001209f,0x00010001,0x00010002,0x000120a0,0x000120a1,
    0x00010003,0x00010004,0x000120a2,0x000120a3,0x00010005,0x00010006,0x000120a4,0x000120a5,
    0x00010007,0x000120a6,0x000120a7,0x000120a8,0x000120a9,0x000120aa,0x000120ab,0x000120ac,
    0x000120ad,0x000120ae,0x000120af,0x000120b0,0x000120b1,0x00014001,0x00014002,0x00014003,
    0x0001600a,0x0001600b,0x00016000,0x0001801e,0x0001801f,0x0001a001,0x00018020,0x00018021,
    0x00028022,0x00010008,0x00010009,0x00018023,0x00018024,0x0001000a,0x0001000b,0x00018025,
    0x00018026,0x0001000c,0x0001000d,0x00018027,0x00018028,0x0001000e,0x0001000f,0x00018029,
    0x0001802a,0x00010010,0x00010011,0x0001802b,0x0001802c,0x00010012,0x00010013,0x000120b2,
    0x000120b3,0x00010014,0x00010015,0x000120b4,0x000120b5,0x00010016,0x00010017,0x000120b6,
    0x000120b7,0x00010018,0x00010019,0x000120b8,0x000120b9,0x0001001a,0x0001001b,0x000120ba,
    0x000120bb,0x0001001c,0x0001001d,0x000120bc,0x000120bd,0x0001001e,0x0001001f,0x000120be,
    0x000120bf,0x00010020,0x00010021,0x00012000,0x00012001,0x00010022,0x00010023,0x00012002,
    0x00012003,0x00010024,0x00010025,0x00012004,0x00012005,0x00010026,0x00010027,0x00012006,
    0x00012007,0x00010028,0x00010029,0x00012008,0x00012009,0x0001002a,0x0001002b,0x0001200a,
    0x0001200b,0x0001002c,0x0001002d,0x0001200c,0x0001200d,0x0001002e,0x0001002f,0x0001200e,
    0x0001200f,0x00010030,0x00010031,0x00012010,0x00012011,0x00010032,0x00010033,0x00012012,
    0x00012013,0x00010034,0x00010035,0x00012014,0x00012015,0x00010036,0x00012016,0x00012017,
    0x00012018,0x00012019,0x0001201a,0x0001201b,0x0001201c,0x0001201d,0x0001201e,0x0001201f,
    0x00012020,0x00012021,0x00014004,0x00014005,0x00014003,0x00016001,0x00016002,0x00016003,
    0x0001802d,0x0001802e,0x0001802f,0x0001a002,0x00018030,0x00018031,0x00010037,0x00010038,
    0x00018032,0x00018033,0x00010039,0x0001003a,0x00018034,0x00018035,0x0001003b,0x0001003c,
    0x00018036,0x00018037,0x0001003d,0x0001003e,0x00018038,0x00018039,0x0001003f,0x00010040,
    0x0001803a,0x0001803b,0x00010041,0x00010042,0x0001803c,0x0001803d,0x00010043,0x00010044,
    0x00012022,0x00012023,0x00010045,0x00010046,0x00012024,0x00012025,0x00010047,0x00010048,
    0x00012026,0x00012027,0x00010049,0x0001004a,0x00012028,0x00012029,0x0001004b,0x0001004c,
    0x0001202a,0x0001202b,0x0001004d,0x0001004e,0x0001202c,0x0001202d,0x0001004f,0x00010050,
    0x0001202e,0x0001202f,0x00010051,0x00010052,0x00012030,0x00012031,0x00010053,0x00010054,
    0x00012032,0x00012033,0x00010055,0x00010056,0x00012034,0x00012035,0x00010057,0x00010058,
    0x00012036,0x00012037,0x00010059,0x0001005a,0x00012038,0x00012039,0x0001005b,0x0001005c,
    0x0001203a,0x0001203b,0x0001005d,0x0001005e,0x0001203c,0x0001203d,0x0001005f,0x00010030,
    0x0001203e,0x0001203f,0x00010031,0x00010032,0x00012040,0x00012041,0x00010033,0x00010034,
    0x00012042,0x00012043,0x00010035,0x00010036,0x00012044,0x00012045,0x00010037,0x00012046,
    0x00012047,0x00012048,0x00012049,0x0001204a,0x0001204b,0x0001204c,0x0001204d,0x0001204e,
    0x0001204f,0x00012050,0x00012051,0x00014004,0x00014005,0x00014003,0x00016004,0x00016005,
    0x00016006,0x0001803e,0x0001803f,0x0001a003,0x00018040,0x00018041,0x00028042,0x00010038,
    0x00010039,0x00018043,0x00018044,0x0001003a,0x0001003b,0x00018045,0x00018046,0x0001003c,
    0x0001003d,0x00018047,0x00018048,0x0001003e,0x0001003f,0x00018049,0x0001804a,0x00010040,
    0x00010041,0x0001804b,0x0001804c,0x00010042,0x00010043,0x00012052,0x00012053,0x00010044,
    0x00010045,0x00012054,0x00012055,0x00010046,0x00010047,0x00012056,0x00012057,0x00010048,
    0x00010049,0x00012058,0x00012059,0x0001004a,0x0001004b,0x0001205a,0x0001205b,0x0001004c,
    0x0001004d,0x0001205c,0x0001205d,0x0001004e,0x0001004f,0x0001205e,0x0001205f,0x00010050,
    0x00010051,0x00012060,0x00012061,0x00010052,0x00010053,0x00012062,0x00012063,0x00010054,
    0x00010055,0x00012064,0x00012065,0x00010056,0x00010057,0x00012066,0x00012067,0x00010058,
    0x00010059,0x00012068,0x00012069,0x0001005a,0x0001005b,0x0001206a,0x0001206b,0x0001005c,
    0x0001005d,0x0001206c,0x0001206d,0x0001005e,0x0001005f,0x0001206e,0x0001206f,0x00010030,
    0x00010031,0x00012070,0x00012071,0x00010032,0x00010033,0x00012072,0x00012073,0x00010034,
    0x00010035,0x00012074,0x00012075,0x00010036,0x00012076,0x00012077,0x00012078,0x00012079,
    0x0001207a,0x0001207b,0x0001207c,0x0001207d,0x0001207e,0x0001207f,0x00012080,0x00012081,
    0x00014004,0x00014005,0x00014003,0x00016007,0x00016008,0x00016009,0x0001804d,0x0001804e,
    0x0001804f,0x0001a004,0x00018050,0x00018051,0x00010037,0x00010038,0x00018052,0x00018053,
    0x00010039,0x0001003a,0x00018054,0x00018055,0x0001003b,0x0001003c,0x00018056,0x00018057,
    0x0001003d,0x0001003e,0x00018058,0x00018059,0x0001003f,0x00010040,0x0001805a,0x0001805b,
    0x00010041,0x00010042,0x0001805c,0x0001805d,0x00010043,0x00010044,0x00012082,0x00012083,
    0x00010045,0x00010046,0x00012084,0x00012085,0x00010047,0x00010048,0x00012086,0x00012087,
    0x00010049,0x0001004a,0x00012088,0x00012089,0x0001004b,0x0001004c,0x0001208a,0x0001208b,
    0x0001004d,0x0001004e,0x0001208c,0x0001208d,0x0001004f,0x00010050,0x0001208e,0x0001208f,
    0x00010051,0x00010052,0x00012090,0x00012091,0x00010053,0x00010054,0x00012092,0x00012093,
    0x00010055,0x00010056,0x00012094,0x00012095,0x00010057,0x00010058,0x00012096,0x00012097,
    0x00010059,0x0001005a,0x00012098,0x00012099,0x0001005b,0x0001005c,0x0001209a,0x0001209b,
    0x0001005d,0x0001005e,0x0001209c,0x0001209d,0x0001005f,0x00010030,0x0001209e,0x0001209f,
    0x00010031,0x00010032,0x000120a0,0x000120a1,0x00010033,0x00010034,0x000120a2,0x000120a3,
    0x00010035,0x00010036,0x000120a4,0x000120a5,0x00010037,0x000120a6,0x000120a7,0x000120a8,
    0x000120a9,0x000120aa,0x000120ab,0x000120ac,0x000120ad,0x000120ae,0x000120af,0x000120b0,
    0x000120b1,0x00014004,0x00014005,0x0001600a,0x0001600b,0x0001805e,0x0001805f,0x0001a005,
    0x00018060,0x00018061,0x00028062,0x00010038,0x00010039,0x00018063,0x00018064,0x0001003a,
    0x0001003b,0x00018065,0x00018066,0x0001003c,0x0001003d,0x00018067,0x00018068,0x0001003e,
    0x0001003f,0x00018069,0x0001806a,0x00010040,0x00010041,0x0001806b,0x0001806c,0x00010042,
    0x00010043,0x000120b2,0x000120b3,0x00010044,0x00010045,0x000120b4,0x000120b5,0x00010046,
    0x00010047,0x000120b6,0x000120b7,0x00010048,0x00010049,0x000120b8,0x000120b9,0x0001004a,
    0x0001004b,0x000120ba,0x000120bb,0x0001004c,0x0001004d,0x000120bc,0x000120bd,0x0001004e,
    0x0001004f,0x000120be,0x000120bf,0x00010050,0x00010051,0x0001806d,0x0001806e,0x00010052,
    0x00010053,0x0001806f,0x0001a006,0x00010054,0x00010055,0x00030056,0x00010057,0x00018070,
    0x00018071,0x00010058,0x00010059,0x00018072,0x00018073,0x0001005a,0x0001005b,0x00018074,
    0x00018075,0x0001005c,0x0001005d,0x00018076,0x00018077,0x0001005e,0x0001005f,0x00018078,
    0x00018079,0x0002807a,0x0002807b,0x0002807c,0x0002807d,0x0002807e,0x0002a007,0x0001807f,
    0x00050000,0x00010001,0x00010002,0x00010003,0x00012000,0x00012001,0x00012002,0x00012003,
    0x00012004,0x00012005,0x00012006,0x00012007,0x00012008,0x00012009,0x0001200a,0x0001200b,
    0x0001200c,0x0001200d,0x0001200e,0x0001200f,0x00012010,0x00012011,0x00012012,0x00012013,
    0x00012014,0x00012015,0x00012016,0x00012017,0x00012018,0x00012019,0x0001201a,0x0001201b,
    0x0001201c,0x0001201d,0x0001201e,0x0001201f,0x00012020,0x00012021,0x00014000,0x00014001,
    0x00014002,0x00014003,0x00016000,0x00016001,0x00016002,0x00016003,0x00030004,0x00010005,
    0x00030006,0x00010007,0x00030008,0x00010009,0x0003000a,0x0001000b,0x0003000c,0x0001000d,
    0x0003000e,0x0001000f,0x00030010,0x00010011,0x00030012,0x00010013,0x00012022,0x00012023,
    0x00010014,0x00010015,0x00012024,0x00012025,0x00010016,0x00010017,0x00012026,0x00012027,
    0x00010018,0x00010019,0x00012028,0x00012029,0x0001001a,0x0001001b,0x0001202a,0x0001202b,
    0x0001001c,0x0001001d,0x0001202c,0x0001202d,0x0001001e,0x0001001f,0x0001202e,0x0001202f,
    0x00010020,0x00010021,0x00012030,0x00012031,0x00010022,0x00010023,0x00012032,0x00012033,
    0x00010024,0x00010025,0x00012034,0x00012035,0x00010026,0x00010027,0x00012036,0x00012037,
    0x00010028,0x00010029,0x00012038,0x00012039,0x0001002a,0x0001002b,0x0001203a,0x0001203b,
    0x0001002c,0x0001002d,0x0001203c,0x0001203d,0x0001002e,0x0001002f,0x0001203e,0x0001203f,
    0x00010030,0x00010031,0x00012040,0x00012041,0x00010032,0x00010033,0x00012042,0x00012043,
    0x00010034,0x00010035,0x00012044,0x00012045,0x00010036,0x00010037,0x00012046,0x00012047,
    0x00010038,0x00010039,0x00012048,0x00012049,0x0001003a,0x0001003b,0x0001204a,0x0001204b,
    0x0001003c,0x0001003d,0x0001204c,0x0001204d,0x0001003e,0x0001003f,0x0001204e,0x0001204f,
    0x00010000,0x00010001,0x00012050,0x00012051,0x00010002,0x00010003,0x00012052,0x00012053,
    0x00012054,0x00012055,0x00012056,0x00012057,0x00012058,0x00012059,0x0001205a,0x0001205b,
    0x0001205c,0x0001205d,0x0001205e,0x0001205f,0x00012060,0x00012061,0x00014000,0x00014001,
    0x00014002,0x00014003,0x00016004,0x00016005,0x00016006,0x00016007,0x00018000,0x00018001,
    0x00010004,0x00010005,0x00018002,0x00018003,0x00010006,0x00010007,0x00018004,0x00018005,
    0x00010008,0x00010009,0x00018006,0x00018007,0x0001000a,0x0001000b,0x00018008,0x00018009,
    0x0001000c,0x0001000d,0x0001800a,0x0001800b,0x0001000e,0x0001000f,0x0001800c,0x0001800d,
    0x00010010,0x00010011,0x0001800e,0x0001a000,0x00010012,0x00010013,0x00012062,0x00012063,
    0x00010014,0x00010015,0x00012064,0x00012065,0x00010016,0x00010017,0x00012066,0x00012067,
    0x00010018,0x00010019,0x00012068,0x00012069,0x0001001a,0x0001001b,0x0001206a,0x0001206b,
    0x0001001c,0x0001001d,0x0001206c,0x0001206d,0x0001001e,0x0001001f,0x0001206e,0x0001206f,
    0x00010020,0x00010021,0x00012070,0x00012071,0x00010022,0x00010023,0x00012072,0x00012073,
    0x00010024,0x00010025,0x00012074,0x00012075,0x00010026,0x00010027,0x00012076,0x00012077,
    0x00010028,0x00010029,0x00012078,0x00012079,0x0001002a,0x0001002b,0x0001207a,0x0001207b,
    0x0001002c,0x0001002d,0x0001207c,0x0001207d,0x0001002e,0x0001002f,0x0001207e,0x0001207f,
    0x00010030,0x00010031,0x00012080,0x00012081,0x00010032,0x00010033,0x00012082,0x00012083,
    0x00010034,0x00010035,0x00012084,0x00012085,0x00010036,0x00010037,0x00012086,0x00012087,
    0x00010038,0x00010039,0x00012088,0x00012089,0x0001003a,0x0001003b,0x0001208a,0x0001208b,
    0x0001003c,0x0001003d,0x0001208c,0x0001208d,0x0001003e,0x0001003f,0x0001208e,0x0001208f,
    0x00010000,0x00010001,0x00012090,0x00012091,0x00010002,0x00010003,0x00012092,0x00012093,
    0x00012094,0x00012095,0x00012096,0x00012097,0x00012098,0x00012099,0x0001209a,0x0001209b,
    0x0001209c,0x0001209d,0x0001209e,0x0001209f,0x000120a0,0x000120a1,0x00014000,0x00014001,
    0x00014002,0x00014003,0x00016008,0x00016009,0x0001600a,0x0001600b,0x0001800f,0x00018010,
    0x00010004,0x00010005,0x00018011,0x00018012,0x00010006,0x00010007,0x00018013,0x00018014,
    0x00010008,0x00010009,0x00018015,0x00018016,0x0001000a,0x0001000b,0x00018017,0x00018018,
    0x0001000c,0x0001000d,0x00018019,0x0001801a,0x0001000e,0x0001000f,0x0001801b,0x0001801c,
    0x00010010,0x00010011,0x0001801d,0x0001801e,0x00010012,0x00010013,0x000120a2,0x000120a3,
    0x00010014,0x00010015,0x000120a4,0x000120a5,0x00010016,0x00010017,0x000120a6,0x000120a7,
    0x00010018,0x00010019,0x000120a8,0x000120a9,0x0001001a,0x0001001b,0x000120aa,0x000120ab,
    0x0001001c,0x0001001d,0x000120ac,0x000120ad,0x0001001e,0x0001001f,0x000120ae,0x000120af,
    0x00010020,0x00010021,0x000120b0,0x000120b1,0x00010022,0x00010023,0x000120b2,0x000120b3,
    0x00010024,0x00010025,0x000120b4,0x000120b5,0x00010026,0x00010027,0x000120b6,0x000120b7,
    0x00010028,0x00010029,0x000120b8,0x000120b9,0x0001002a,0x0001002b,0x000120ba,0x000120bb,
    0x0001002c,0x0001002d,0x000120bc,0x000120bd,0x0001002e,0x0001002f,0x000120be,0x000120bf,
    0x00010030,0x00010031,0x000120c0,0x000120c1,0x00010032,0x00010033,0x000120c2,0x000120c3,
    0x00010034,0x00010035,0x000120c4,0x000120c5,0x00010036,0x00010037,0x000120c6,0x000120c7,
    0x00010038,0x00010039,0x000120c8,0x000120c9,0x0001003a,0x0001003b,0x000120ca,0x000120cb,
    0x0001003c,0x0001003d,0x000120cc,0x000120cd,0x0001003e,0x0001003f,0x000120ce,0x000120cf,
    0x00010000,0x00010001,0x000120d0,0x000120d1,0x00010002,0x00010003,0x000120d2,0x000120d3,
    0x000120d4,0x000120d5,0x000120d6,0x000120d7,0x000120d8,0x000120d9,0x000120da,0x000120db,
    0x000120dc,0x000120dd,0x000120de,0x000120df,0x000120e0,0x000120e1,0x00014000,0x00014001,
    0x00014002,0x00014003,0x0001600c,0x0001600d,0x0001600e,0x0001600f,0x0001801f,0x0001a001,
    0x00010004,0x00010005,0x00018020,0x00018021,0x00010006,0x00010007,0x00018022,0x00018023,
    0x00010008,0x00010009,0x00018024,0x00018025,0x0001000a,0x0001000b,0x00018026,0x00018027,
    0x0001000c,0x0001000d,0x00018028,0x00018029,0x0001000e,0x0001000f,0x0001802a,0x0001802b,
    0x00010010,0x00010011,0x0001802c,0x0001802d,0x00010012,0x00010013,0x000120e2,0x000120e3,
    0x00010014,0x00010015,0x000120e4,0x000120e5,0x00010016,0x00010017,0x000120e6,0x000120e7,
    0x00010018,0x00010019,0x000120e8,0x000120e9,0x0001001a,0x0001001b,0x000120ea,0x000120eb,
    0x0001001c,0x0001001d,0x000120ec,0x000120ed,0x0001001e,0x0001001f,0x000120ee,0x000120ef,
    0x00010020,0x00010021,0x000120f0,0x000120f1,0x00010022,0x00010023,0x000120f2,0x000120f3,
    0x00010024,0x00010025,0x000120f4,0x000120f5,0x00010026,0x00010027,0x000120f6,0x000120f7,
    0x00010028,0x00010029,0x000120f8,0x000120f9,0x0001002a,0x0001002b,0x000120fa,0x000120fb,
    0x0001002c,0x0001002d,0x000120fc,0x000120fd,0x0001002e,0x0001002f,0x000120fe,0x000120ff,
    0x00010030,0x00010031,0x00012000,0x00012001,0x00010032,0x00010033,0x00012002,0x00012003,
    0x00010034,0x00010035,0x00012004,0x00012005,0x00010036,0x00010037,0x00012006,0x00012007,
    0x00010038,0x00010039,0x00012008,0x00012009,0x0001003a,0x0001003b,0x0001200a,0x0001200b,
    0x0001003c,0x0001003d,0x0001200c,0x0001200d,0x0001003e,0x0001003f,0x0001200e,0x0001200f,
    0x00010040,0x00010041,0x00012010,0x00012011,0x00010042,0x00010043,0x00012012,0x00012013,
    0x00012014,0x00012015,0x00012016,0x00012017,0x00012018,0x00012019,0x0001201a,0x0001201b,
    0x0001201c,0x0001201d,0x0001201e,0x0001201f,0x00012020,0x00012021,0x00014004,0x00014005,
    0x00014006,0x00014007,0x00016000,0x00016001,0x00016002,0x00016003,0x0001802e,0x0001a002,
    0x00010044,0x00010045,0x0001802f,0x00018030,0x00010046,0x00010047,0x00018031,0x00018032,
    0x00010048,0x00010049,0x00018033,0x00018034,0x0001004a,0x0001004b,0x00018035,0x00018036,
    0x0001004c,0x0001004d,0x00018037,0x00018038,0x0001004e,0x0001004f,0x00018039,0x0001803a,
    0x00010050,0x00010051,0x0001803b,0x0001803c,0x00010052,0x00010053,0x00012022,0x00012023,
    0x00010054,0x00010055,0x00012024,0x00012025,0x00010056,0x00010057,0x00012026,0x00012027,
    0x00010058,0x00010059,0x00012028,0x00012029,0x0001005a,0x0001005b,0x0001202a,0x0001202b,
    0x0001005c,0x0001005d,0x0001202c,0x0001202d,0x0001005e,0x0001005f,0x0001202e,0x0001202f,
    0x00010060,0x00010061,0x00012030,0x00012031,0x00010062,0x00010063,0x00012032,0x00012033,
    0x00010064,0x00010065,0x00012034,0x00012035,0x00010066,0x00010067,0x00012036,0x00012037,
    0x00010068,0x00010069,0x00012038,0x00012039,0x0001006a,0x0001006b,0x0001203a,0x0001203b,
    0x0001006c,0x0001006d,0x0001203c,0x0001203d,0x0001006e,0x0001006f,0x0001203e,0x0001203f,
    0x00010070,0x00010071,0x00012040,0x00012041,0x00010072,0x00010073,0x00012042,0x00012043,
    0x00010074,0x00010075,0x00012044,0x00012045,0x00010076,0x00010077,0x00012046,0x00012047,
    0x00010078,0x00010079,0x00012048,0x00012049,0x0001007a,0x0001007b,0x0001204a,0x0001204b,
    0x0001007c,0x0001007d,0x0001204c,0x0001204d,0x0001007e,0x0001007f,0x0001204e,0x0001204f,
    0x00010040,0x00010041,0x00012050,0x00012051,0x00010042,0x00010043,0x00012052,0x00012053,
    0x00012054,0x00012055,0x00012056,0x00012057,0x00012058,0x00012059,0x0001205a,0x0001205b,
    0x0001205c,0x0001205d,0x0001205e,0x0001205f,0x00012060,0x00012061,0x00014004,0x00014005,
    0x00014006,0x00014007,0x00016004,0x00016005,0x00016006,0x00016007,0x0001803d,0x0001803e,
    0x00010044,0x00010045,0x0001803f,0x0001a003,0x00010046,0x00010047,0x00018040,0x00018041,
    0x00010048,0x00010049,0x00018042,0x00018043,0x0001004a,0x0001004b,0x00018044,0x00018045,
    0x0001004c,0x0001004d,0x00018046,0x00018047,0x0001004e,0x0001004f,0x00018048,0x00018049,
    0x00010050,0x00010051,0x0001804a,0x0001804b,0x00010052,0x00010053,0x00012062,0x00012063,
    0x00010054,0x00010055,0x00012064,0x00012065,0x00010056,0x00010057,0x00012066,0x00012067,
    0x00010058,0x00010059,0x00012068,0x00012069,0x0001005a,0x0001005b,0x0001206a,0x0001206b,
    0x0001005c,0x0001005d,0x0001206c,0x0001206d,0x0001005e,0x0001005f,0x0001206e,0x0001206f,
    0x00010060,0x00010061,0x00012070,0x00012071,0x00010062,0x00010063,0x00012072,0x00012073,
    0x00010064,0x00010065,0x00012074,0x00012075,0x00010066,0x00010067,0x00012076,0x00012077,
    0x00010068,0x00010069,0x00012078,0x00012079,0x0001006a,0x0001006b,0x0001207a,0x0001207b,
    0x0001006c,0x0001006d,0x0001207c,0x0001207d,0x0001006e,0x0001006f,0x0001207e,0x0001207f,
    0x00010070,0x00010071,0x00012080,0x00012081,0x00010072,0x00010073,0x00012082,0x00012083,
    0x00010074,0x00010075,0x00012084,0x00012085,0x00010076,0x00010077,0x00012086,0x00012087,
    0x00010078,0x00010079,0x00012088,0x00012089,0x0001007a,0x0001007b,0x0001208a,0x0001208b,
    0x0001007c,0x0001007d,0x0001208c,0x0001208d,0x0001007e,0x0001007f,0x0001208e,0x0001208f,
    0x00010040,0x00010041,0x00012090,0x00012091,0x00010042,0x00010043,0x00012092,0x00012093,
    0x00012094,0x00012095,0x00012096,0x00012097,0x00012098,0x00012099,0x0001209a,0x0001209b,
    0x0001209c,0x0001209d,0x0001209e,0x0001209f,0x000120a0,0x000120a1,0x00014004,0x00014005,
    0x00014006,0x00014007,0x00016008,0x00016009,0x0001600a,0x0001600b,0x0001804c,0x0001804d,
    0x00010044,0x00010045,0x0001804e,0x0001a004,0x00010046,0x0001804f,0x00018050,0x00018051,
    0x00010047,0x00010048,0x00018052,0x00018053,0x00010049,0x0001004a,0x00018054,0x00018055,
    0x0001004b,0x0001004c,0x00018056,0x00018057,0x0001004d,0x0001004e,0x00018058,0x00018059,
    0x0001004f,0x00010050,0x0001805a,0x0001805b,0x00010051,0x00010052,0x0001805c,0x0001805d,
    0x00010053,0x00010054,0x000120a2,0x000120a3,0x00010055,0x00010056,0x000120a4,0x000120a5,
    0x00010057,0x00010058,0x000120a6,0x000120a7,0x00010059,0x0001005a,0x000120a8,0x000120a9,
    0x0001005b,0x0001005c,0x000120aa,0x000120ab,0x0001005d,0x0001005e,0x000120ac,0x000120ad,
    0x0001005f,0x00010060,0x000120ae,0x000120af,0x00010061,0x00010062,0x000120b0,0x000120b1,
    0x00010063,0x00010064,0x000120b2,0x000120b3,0x00010065,0x00010066,0x000120b4,0x000120b5,
    0x00010067,0x00010068,0x000120b6,0x000120b7,0x00010069,0x0001006a,0x000120b8,0x000120b9,
    0x0001006b,0x0001006c,0x000120ba,0x000120bb,0x0001006d,0x0001006e,0x000120bc,0x000120bd,
    0x0001006f,0x00010070,0x000120be,0x000120bf,0x00010071,0x00010072,0x000120c0,0x000120c1,
    0x00010073,0x00010074,0x000120c2,0x000120c3,0x00010075,0x00010076,0x000120c4,0x000120c5,
    0x00010077,0x00010078,0x000120c6,0x000120c7,0x00010079,0x0001007a,0x000120c8,0x000120c9,
    0x0001007b,0x0001007c,0x000120ca,0x000120cb,0x0001007d,0x0001007e,0x000120cc,0x000120cd,
    0x0001007f,0x00010040,0x000120ce,0x000120cf,0x00010041,0x00010042,0x000120d0,0x000120d1,
    0x00010043,0x000120d2,0x000120d3,0x000120d4,0x000120d5,0x000120d6,0x000120d7,0x000120d8,
    0x000120d9,0x000120da,0x000120db,0x000120dc,0x000120dd,0x000120de,0x000120df,0x000120e0,
    0x000120e1,0x00014004,0x00014005,0x00014006,0x00014007,0x0001600c,0x0001600d,0x0001600e,
    0x0001600f,0x0001805e,0x0001805f,0x00010044,0x00010045,0x0001a005,0x00018060,0x00010046,
    0x00010047,0x00018061,0x00018062,0x00010048,0x00010049,0x00018063,0x00018064,0x0001004a,
    0x0001004b,0x00018065,0x00018066,0x0001004c,0x0001004d,0x00018067,0x00018068,0x0001004e,
    0x0001004f,0x00018069,0x0001806a,0x00010050,0x00010051,0x0001806b,0x0001806c,0x00010052,
    0x00010053,0x000120e2,0x000120e3,0x00010054,0x00010055,0x000120e4,0x000120e5,0x00010056,
    0x00010057,0x000120e6,0x000120e7,0x00010058,0x00010059,0x000120e8,0x000120e9,0x0001005a,
    0x0001005b,0x000120ea,0x000120eb,0x0001005c,0x0001005d,0x000120ec,0x000120ed,0x0001005e,
    0x0001005f,0x000120ee,0x000120ef,0x00010060,0x00010061,0x000120f0,0x000120f1,0x00010062,
    0x00010063,0x000120f2,0x000120f3,0x00010064,0x00010065,0x000120f4,0x000120f5,0x00010066,
    0x00010067,0x000120f6,0x000120f7,0x00010068,0x00010069,0x000120f8,0x000120f9,0x0001006a,
    0x0001006b,0x000120fa,0x000120fb,0x0001006c,0x0001006d,0x000120fc,0x000120fd,0x0001006e,
    0x0001006f,0x000120fe,0x000120ff,0x00010070,0x00010071,0x0001806d,0x0001806e,0x00010072,
    0x00010073,0x0001806f,0x0001a006,0x00010074,0x00010075,0x00030076,0x00010077,0x00018070,
    0x00018071,0x00010078,0x00010079,0x00018072,0x00018073,0x0001007a,0x0001007b,0x00018074,
    0x00018075,0x0001007c,0x0001007d,0x00018076,0x00018077,0x0001007e,0x0001007f,0x00018078,
    0x00018079,0x0002807a,0x0002807b,0x0002807c,0x0002807d,0x0002807e,0x0002a007,0x0001807f,
    0x00050000,0x00010001,0x00010002,0x00010003,0x00012000,0x00012001,0x00012002,0x00012003,
    0x00012004,0x00012005,0x00012006,0x00012007,0x00012008,0x00012009,0x0001200a,0x0001200b,
    0x0001200c,0x0001200d,0x0001200e,0x0001200f,0x00012010,0x00012011,0x00012012,0x00012013,
    0x00012014,0x00012015,0x00012016,0x00012017,0x00012018,0x00012019,0x0001201a,0x0001201b,
    0x0001201c,0x0001201d,0x0001201e,0x0001201f,0x00012020,0x00012021,0x00014000,0x00014001,
    0x00014002,0x00014003,0x00016000,0x00016001,0x00016002,0x00016003,0x00030004,0x00010005,
    0x00030006,0x00010007,0x00030008,0x00010009,0x0003000a,0x0001000b,0x0003000c,0x0001000d,
    0x0003000e,0x0001000f,0x00030010,0x00010011,0x00030012,0x00010013,0x00012022,0x00012023,
    0x00010014,0x00010015,0x00012024,0x00012025,0x00010016,0x00010017,0x00012026,0x00012027,
    0x00010018,0x00010019,0x00012028,0x00012029,0x0001001a,0x0001001b,0x0001202a,0x0001202b,
    0x0001001c,0x0001001d,0x0001202c,0x0001202d,0x0001001e,0x0001001f,0x0001202e,0x0001202f,
    0x00010020,0x00010021,0x00012030,0x00012031,0x00010022,0x00010023,0x00012032,0x00012033,
    0x00010024,0x00010025,0x00012034,0x00012035,0x00010026,0x00010027,0x00012036,0x00012037,
    0x00010028,0x00010029,0x00012038,0x00012039,0x0001002a,0x0001002b,0x0001203a,0x0001203b,
    0x0001002c,0x0001002d,0x0001203c,0x0001203d,0x0001002e,0x0001002f,0x0001203e,0x0001203f,
    0x00010030,0x00010031,0x00012040,0x00012041,0x00010032,0x00010033,0x00012042,0x00012043,
    0x00010034,0x00010035,0x00012044,0x00012045,0x00010036,0x00010037,0x00012046,0x00012047,
    0x00010038,0x00010039,0x00012048,0x00012049,0x0001003a,0x0001003b,0x0001204a,0x0001204b,
    0x0001003c,0x0001003d,0x0001204c,0x0001204d,0x0001003e,0x0001003f,0x0001204e,0x0001204f,
    0x00010040,0x00010041,0x00012050,0x00012051,0x00010042,0x00010043,0x00012052,0x00012053,
    0x00012054,0x00012055,0x00012056,0x00012057,0x00012058,0x00012059,0x0001205a,0x0001205b,
    0x0001205c,0x0001205d,0x0001205e,0x0001205f,0x00012060,0x00012061,0x00014004,0x00014000,
    0x00014001,0x00014002,0x00016004,0x00016005,0x00016006,0x00016007,0x00030044,0x00010045,
    0x00030046,0x00010047,0x00018000,0x00018001,0x00010048,0x00010049,0x00018002,0x00018003,
    0x0001004a,0x0001004b,0x00018004,0x00018005,0x0001004c,0x0001004d,0x00018006,0x00018007,
    0x0001004e,0x0001004f,0x00018008,0x00018009,0x00010000,0x00010001,0x0001800a,0x0001800b,
    0x00010002,0x00010003,0x00012062,0x00012063,0x00010004,0x00010005,0x00012064,0x00012065,
    0x00010006,0x00010007,0x00012066,0x00012067,0x00010008,0x00010009,0x00012068,0x00012069,
    0x0001000a,0x0001000b,0x0001206a,0x0001206b,0x0001000c,0x0001000d,0x0001206c,0x0001206d,
    0x0001000e,0x0001000f,0x0001206e,0x0001206f,0x00010010,0x00010011,0x00012070,0x00012071,
    0x00010012,0x00010013,0x00012072,0x00012073,0x00010014,0x00010015,0x00012074,0x00012075,
    0x00010016,0x00010017,0x00012076,0x00012077,0x00010018,0x00010019,0x00012078,0x00012079,
    0x0001001a,0x0001001b,0x0001207a,0x0001207b,0x0001001c,0x0001001d,0x0001207c,0x0001207d,
    0x0001001e,0x0001001f,0x0001207e,0x0001207f,0x00010020,0x00010021,0x00012080,0x00012081,
    0x00010022,0x00010023,0x00012082,0x00012083,0x00010024,0x00010025,0x00012084,0x00012085,
    0x00010026,0x00010027,0x00012086,0x00012087,0x00010028,0x00010029,0x00012088,0x00012089,
    0x0001002a,0x0001002b,0x0001208a,0x0001208b,0x0001002c,0x0001002d,0x0001208c,0x0001208d,
    0x0001002e,0x0001002f,0x0001208e,0x0001208f,0x00010030,0x00010031,0x00012090,0x00012091,
    0x00010032,0x00010033,0x00012092,0x00012093,0x00012094,0x00012095,0x00012096,0x00012097,
    0x00012098,0x00012099,0x0001209a,0x0001209b,0x0001209c,0x0001209d,0x0001209e,0x0001209f,
    0x000120a0,0x000120a1,0x00014003,0x00014004,0x00014000,0x00014001,0x00016008,0x00016009,
    0x0001600a,0x0001600b,0x0001800c,0x0001800d,0x00010034,0x00010035,0x0001a000,0x0001800e,
    0x00010036,0x00010037,0x0001800f,0x00020038,0x00010039,0x0003003a,0x0001003b,0x0003003c,
    0x0001003d,0x0003003e,0x0001003f,0x00030040,0x00010041,0x00030042,0x00010043,0x000120a2,
    0x000120a3,0x00010044,0x00010045,0x000120a4,0x000120a5,0x00010046,0x00010047,0x000120a6,
    0x000120a7,0x00010048,0x00010049,0x000120a8,0x000120a9,0x0001004a,0x0001004b,0x000120aa,
    0x000120ab,0x0001004c,0x0001004d,0x000120ac,0x000120ad,0x0001004e,0x0001004f,0x000120ae,
    0x000120af,0x00010000,0x00010001,0x000120b0,0x000120b1,0x00010002,0x00010003,0x000120b2,
    0x000120b3,0x00010004,0x00010005,0x000120b4,0x000120b5,0x00010006,0x00010007,0x000120b6,
    0x000120b7,0x00010008,0x00010009,0x000120b8,0x000120b9,0x000120ba,0x000120bb,0x000120bc,
    0x000120bd,0x000120be,0x000120bf,0x000120c0,0x000120c1,0x00014002,0x00014003,0x0001600c,
    0x0001600d,0x00018010,0x00018011,0x00018012,0x00018013,0x00028014,0x0001000a,0x0001000b,
    0x00018015,0x00018016,0x0001000c,0x0001000d,0x00018017,0x00018018,0x0001000e,0x0001000f,
    0x00018019,0x0001801a,0x00010010,0x00010011,0x0001801b,0x0001801c,0x00010012,0x00010013,
    0x000120c2,0x000120c3,0x00010014,0x00010015,0x000120c4,0x000120c5,0x00010016,0x00010017,
    0x000120c6,0x000120c7,0x00010018,0x00010019,0x000120c8,0x000120c9,0x0001001a,0x0001001b,
    0x000120ca,0x000120cb,0x0001001c,0x0001001d,0x000120cc,0x000120cd,0x0001001e,0x0001001f,
    0x000120ce,0x000120cf,0x00010020,0x00010021,0x000120d0,0x000120d1,0x00010022,0x00010023,
    0x000120d2,0x000120d3,0x00010024,0x00010025,0x000120d4,0x000120d5,0x00010026,0x00010027,
    0x000120d6,0x000120d7,0x00010028,0x00010029,0x000120d8,0x000120d9,0x0001002a,0x0001002b,
    0x000120da,0x000120db,0x0001002c,0x0001002d,0x000120dc,0x000120dd,0x0001002e,0x0001002f,
    0x000120de,0x000120df,0x00010030,0x00010031,0x000120e0,0x000120e1,0x00010032,0x00010033,
    0x000120e2,0x000120e3,0x00010034,0x00010035,0x000120e4,0x000120e5,0x00010036,0x00010037,
    0x000120e6,0x000120e7,0x00010038,0x00010039,0x000120e8,0x000120e9,0x0001003a,0x0001003b,
    0x000120ea,0x000120eb,0x0001003c,0x0001003d,0x000120ec,0x000120ed,0x0001003e,0x0001003f,
    0x000120ee,0x000120ef,0x00010040,0x00010041,0x000120f0,0x000120f1,0x00010042,0x00010043,
    0x000120f2,0x000120f3,0x000120f4,0x000120f5,0x000120f6,0x000120f7,0x000120f8,0x000120f9,
    0x000120fa,0x000120fb,0x000120fc,0x000120fd,0x000120fe,0x000120ff,0x00012100,0x00012101,
    0x00014004,0x00014000,0x00014001,0x00014002,0x0001600e,0x0001600f,0x00016010,0x00016011,
    0x0001801d,0x0001801e,0x00010044,0x00010045,0x0001801f,0x0001a001,0x00010046,0x00010047,
    0x00018020,0x00018021,0x00010048,0x00010049,0x00018022,0x00018023,0x0001004a,0x0001004b,
    0x00018024,0x00018025,0x0001004c,0x0001004d,0x00018026,0x00018027,0x0001004e,0x0001004f,
    0x00018028,0x00018029,0x00010000,0x00010001,0x0001802a,0x0001802b,0x00010002,0x00010003,
    0x00012102,0x00012103,0x00010004,0x00010005,0x00012104,0x00012105,0x00010006,0x00010007,
    0x00012106,0x00012107,0x00010008,0x00010009,0x00012108,0x00012109,0x0001000a,0x0001000b,
    0x0001210a,0x0001210b,0x0001000c,0x0001000d,0x0001210c,0x0001210d,0x0001000e,0x0001000f,
    0x0001210e,0x0001210f,0x00010010,0x00010011,0x00012110,0x00012111,0x00010012,0x00010013,
    0x00012112,0x00012113,0x00010014,0x00010015,0x00012114,0x00012115,0x00010016,0x00010017,
    0x00012116,0x00012117,0x00010018,0x00010019,0x00012118,0x00012119,0x0001001a,0x0001001b,
    0x0001211a,0x0001211b,0x0001001c,0x0001001d,0x0001211c,0x0001211d,0x0001001e,0x0001001f,
    0x0001211e,0x0001211f,0x00010020,0x00010021,0x00012120,0x00012121,0x00010022,0x00010023,
    0x00012122,0x00012123,0x00010024,0x00010025,0x00012124,0x00012125,0x00010026,0x00010027,
    0x00012126,0x00012127,0x00010028,0x00010029,0x00012128,0x00012129,0x0001002a,0x0001002b,
    0x0001212a,0x0001212b,0x0001002c,0x0001002d,0x0001212c,0x0001212d,0x0001002e,0x0001002f,
    0x0001212e,0x0001212f,0x00010030,0x00010031,0x00012130,0x00012131,0x00010032,0x00010033,
    0x00012132,0x00012133,0x00012134,0x00012135,0x00012136,0x00012137,0x00012138,0x00012139,
    0x0001213a,0x0001213b,0x0001213c,0x0001213d,0x0001213e,0x0001213f,0x00012000,0x00012001,
    0x00014003,0x00014004,0x00014005,0x00014006,0x00016012,0x00016013,0x00016000,0x00016001,
    0x0001802c,0x0001802d,0x00010034,0x00010035,0x0001a002,0x0001802e,0x00010036,0x00010037,
    0x0001802f,0x00020038,0x00010039,0x0003003a,0x0001003b,0x0003003c,0x0001003d,0x0003003e,
    0x0001003f,0x00030040,0x00010041,0x00030042,0x00010043,0x00012002,0x00012003,0x00010044,
    0x00010045,0x00012004,0x00012005,0x00010046,0x00010047,0x00012006,0x00012007,0x00010048,
    0x00010049,0x00012008,0x00012009,0x0001004a,0x0001004b,0x0001200a,0x0001200b,0x0001004c,
    0x0001004d,0x0001200c,0x0001200d,0x0001004e,0x0001004f,0x0001200e,0x0001200f,0x00010050,
    0x00010051,0x00012010,0x00012011,0x00010052,0x00010053,0x00012012,0x00012013,0x00010054,
    0x00010055,0x00012014,0x00012015,0x00010056,0x00010057,0x00012016,0x00012017,0x00010058,
    0x00010059,0x00012018,0x00012019,0x0001201a,0x0001201b,0x0001201c,0x0001201d,0x0001201e,
    0x0001201f,0x00012020,0x00012021,0x00014007,0x00014008,0x00016002,0x00016003,0x00018030,
    0x00018031,0x00018032,0x00018033,0x00028034,0x0001005a,0x0001005b,0x00018035,0x00018036,
    0x0001005c,0x0001005d,0x00018037,0x00018038,0x0001005e,0x0001005f,0x00018039,0x0001803a,
    0x00010060,0x00010061,0x0001803b,0x0001803c,0x00010062,0x00010063,0x00012022,0x00012023,
    0x00010064,0x00010065,0x00012024,0x00012025,0x00010066,0x00010067,0x00012026,0x00012027,
    0x00010068,0x00010069,0x00012028,0x00012029,0x0001006a,0x0001006b,0x0001202a,0x0001202b,
    0x0001006c,0x0001006d,0x0001202c,0x0001202d,0x0001006e,0x0001006f,0x0001202e,0x0001202f,
    0x00010070,0x00010071,0x00012030,0x00012031,0x00010072,0x00010073,0x00012032,0x00012033,
    0x00010074,0x00010075,0x00012034,0x00012035,0x00010076,0x00010077,0x00012036,0x00012037,
    0x00010078,0x00010079,0x00012038,0x00012039,0x0001007a,0x0001007b,0x0001203a,0x0001203b,
    0x0001007c,0x0001007d,0x0001203c,0x0001203d,0x0001007e,0x0001007f,0x0001203e,0x0001203f,
    0x00010080,0x00010081,0x00012040,0x00012041,0x00010082,0x00010083,0x00012042,0x00012043,
    0x00010084,0x00010085,0x00012044,0x00012045,0x00010086,0x00010087,0x00012046,0x00012047,
    0x00010088,0x00010089,0x00012048,0x00012049,0x0001008a,0x0001008b,0x0001204a,0x0001204b,
    0x0001008c,0x0001008d,0x0001204c,0x0001204d,0x0001008e,0x0001008f,0x0001204e,0x0001204f,
    0x00010090,0x00010091,0x00012050,0x00012051,0x00010092,0x00010093,0x00012052,0x00012053,
    0x00012054,0x00012055,0x00012056,0x00012057,0x00012058,0x00012059,0x0001205a,0x0001205b,
    0x0001205c,0x0001205d,0x0001205e,0x0001205f,0x00012060,0x00012061,0x00014009,0x00014005,
    0x00014006,0x00014007,0x00016004,0x00016005,0x00016006,0x00016007,0x0001803d,0x0001803e,
    0x00010094,0x00010095,0x0001803f,0x0001a003,0x00010096,0x00010097,0x00018040,0x00018041,
    0x00010098,0x00010099,0x00018042,0x00018043,0x0001009a,0x0001009b,0x00018044,0x00018045,
    0x0001009c,0x0001009d,0x00018046,0x00018047,0x0001009e,0x0001009f,0x00018048,0x00018049,
    0x00010050,0x00010051,0x0001804a,0x0001804b,0x00010052,0x00010053,0x00012062,0x00012063,
    0x00010054,0x00010055,0x00012064,0x00012065,0x00010056,0x00010057,0x00012066,0x00012067,
    0x00010058,0x00010059,0x00012068,0x00012069,0x0001005a,0x0001005b,0x0001206a,0x0001206b,
    0x0001005c,0x0001005d,0x0001206c,0x0001206d,0x0001005e,0x0001005f,0x0001206e,0x0001206f,
    0x00010060,0x00010061,0x00012070,0x00012071,0x00010062,0x00010063,0x00012072,0x00012073,
    0x00010064,0x00010065,0x00012074,0x00012075,0x00010066,0x00010067,0x00012076,0x00012077,
    0x00010068,0x00010069,0x00012078,0x00012079,0x0001006a,0x0001006b,0x0001207a,0x0001207b,
    0x0001006c,0x0001006d,0x0001207c,0x0001207d,0x0001006e,0x0001006f,0x0001207e,0x0001207f,
    0x00010070,0x00010071,0x00012080,0x00012081,0x00010072,0x00010073,0x00012082,0x00012083,
    0x00010074,0x00010075,0x00012084,0x00012085,0x00010076,0x00010077,0x00012086,0x00012087,
    0x00010078,0x00010079,0x00012088,0x00012089,0x0001007a,0x0001007b,0x0001208a,0x0001208b,
    0x0001007c,0x0001007d,0x0001208c,0x0001208d,0x0001007e,0x0001007f,0x0001208e,0x0001208f,
    0x00010080,0x00010081,0x00012090,0x00012091,0x00010082,0x00010083,0x00012092,0x00012093,
    0x00012094,0x00012095,0x00012096,0x00012097,0x00012098,0x00012099,0x0001209a,0x0001209b,
    0x0001209c,0x0001209d,0x0001209e,0x0001209f,0x000120a0,0x000120a1,0x00014008,0x00014009,
    0x00014005,0x00014006,0x00016008,0x00016009,0x0001600a,0x0001600b,0x0001804c,0x0001804d,
    0x00010084,0x00010085,0x0001a004,0x0001804e,0x00010086,0x00010087,0x0001804f,0x00020088,
    0x00010089,0x0003008a,0x0001008b,0x0003008c,0x0001008d,0x0003008e,0x0001008f,0x00030090,
    0x00010091,0x00030092,0x00010093,0x000120a2,0x000120a3,0x00010094,0x00010095,0x000120a4,
    0x000120a5,0x00010096,0x00010097,0x000120a6,0x000120a7,0x00010098,0x00010099,0x000120a8,
    0x000120a9,0x0001009a,0x0001009b,0x000120aa,0x000120ab,0x0001009c,0x0001009d,0x000120ac,
    0x000120ad,0x0001009e,0x0001009f,0x000120ae,0x000120af,0x00010050,0x00010051,0x000120b0,
    0x000120b1,0x00010052,0x00010053,0x000120b2,0x000120b3,0x00010054,0x00010055,0x000120b4,
    0x000120b5,0x00010056,0x00010057,0x000120b6,0x000120b7,0x00010058,0x00010059,0x000120b8,
    0x000120b9,0x000120ba,0x000120bb,0x000120bc,0x000120bd,0x000120be,0x000120bf,0x000120c0,
    0x000120c1,0x00014007,0x00014008,0x0001600c,0x0001600d,0x00018050,0x00018051,0x00018052,
    0x00018053,0x00028054,0x0001005a,0x0001005b,0x00018055,0x00018056,0x0001005c,0x0001005d,
    0x00018057,0x00018058,0x0001005e,0x0001005f,0x00018059,0x0001805a,0x00010060,0x00010061,
    0x0001805b,0x0001805c,0x00010062,0x00010063,0x000120c2,0x000120c3,0x00010064,0x00010065,
    0x000120c4,0x000120c5,0x00010066,0x00010067,0x000120c6,0x000120c7,0x00010068,0x00010069,
    0x000120c8,0x000120c9,0x0001006a,0x0001006b,0x000120ca,0x000120cb,0x0001006c,0x0001006d,
    0x000120cc,0x000120cd,0x0001006e,0x0001006f,0x000120ce,0x000120cf,0x00010070,0x00010071,
    0x000120d0,0x000120d1,0x00010072,0x00010073,0x000120d2,0x000120d3,0x00010074,0x00010075,
    0x000120d4,0x000120d5,0x00010076,0x00010077,0x000120d6,0x000120d7,0x00010078,0x00010079,
    0x000120d8,0x000120d9,0x0001007a,0x0001007b,0x000120da,0x000120db,0x0001007c,0x0001007d,
    0x000120dc,0x000120dd,0x0001007e,0x0001007f,0x000120de,0x000120df,0x00010080,0x00010081,
    0x000120e0,0x000120e1,0x00010082,0x00010083,0x000120e2,0x000120e3,0x00010084,0x00010085,
    0x000120e4,0x000120e5,0x00010086,0x00010087,0x000120e6,0x000120e7,0x00010088,0x00010089,
    0x000120e8,0x000120e9,0x0001008a,0x0001008b,0x000120ea,0x000120eb,0x0001008c,0x0001008d,
    0x000120ec,0x000120ed,0x0001008e,0x0001008f,0x000120ee,0x000120ef,0x00010090,0x00010091,
    0x000120f0,0x000120f1,0x00010092,0x00010093,0x000120f2,0x000120f3,0x000120f4,0x000120f5,
    0x000120f6,0x000120f7,0x000120f8,0x000120f9,0x000120fa,0x000120fb,0x000120fc,0x000120fd,
    0x000120fe,0x000120ff,0x00012100,0x00012101,0x00014009,0x00014005,0x00014006,0x00014007,
    0x0001600e,0x0001600f,0x00016010,0x00016011,0x0001805d,0x0001805e,0x00010094,0x00010095,
    0x0001805f,0x0001a005,0x00010096,0x00010097,0x00018060,0x00018061,0x00010098,0x00010099,
    0x00018062,0x00018063,0x0001009a,0x0001009b,0x00018064,0x00018065,0x0001009c,0x0001009d,
    0x00018066,0x00018067,0x0001009e,0x0001009f,0x00018068,0x00018069,0x00010050,0x00010051,
    0x0001806a,0x0001806b,0x00010052,0x00010053,0x00012102,0x00012103,0x00010054,0x00010055,
    0x00012104,0x00012105,0x00010056,0x00010057,0x00012106,0x00012107,0x00010058,0x00010059,
    0x00012108,0x00012109,0x0001005a,0x0001005b,0x0001210a,0x0001210b,0x0001005c,0x0001005d,
    0x0001210c,0x0001210d,0x0001005e,0x0001005f,0x0001210e,0x0001210f,0x00010060,0x00010061,
    0x00012110,0x00012111,0x00010062,0x00010063,0x00012112,0x00012113,0x00010064,0x00010065,
    0x00012114,0x00012115,0x00010066,0x00010067,0x00012116,0x00012117,0x00010068,0x00010069,
    0x00012118,0x00012119,0x0001006a,0x0001006b,0x0001211a,0x0001211b,0x0001006c,0x0001006d,
    0x0001211c,0x0001211d,0x0001006e,0x0001006f,0x0001211e,0x0001211f,0x00010070,0x00010071,
    0x00012120,0x00012121,0x00010072,0x00010073,0x00012122,0x00012123,0x00010074,0x00010075,
    0x00012124,0x00012125,0x00010076,0x00010077,0x00012126,0x00012127,0x00010078,0x00010079,
    0x00012128,0x00012129,0x0001007a,0x0001007b,0x0001212a,0x0001212b,0x0001007c,0x0001007d,
    0x0001212c,0x0001212d,0x0001007e,0x0001007f,0x0001212e,0x0001212f,0x00010080,0x00010081,
    0x00012130,0x00012131,0x00010082,0x00010083,0x00012132,0x00012133,0x00012134,0x00012135,
    0x00012136,0x00012137,0x00012138,0x00012139,0x0001213a,0x0001213b,0x0001213c,0x0001213d,
    0x0001213e,0x0001213f,0x00014008,0x00014009,0x00016012,0x00016013,0x0001806c,0x0001806d,
    0x0001a006,0x0001806e,0x00010084,0x00010085,0x0001806f,0x00020086,0x00010087,0x00030088,
    0x00010089,0x0003008a,0x0001008b,0x0003008c,0x0001008d,0x0003008e,0x0001008f,0x00030090,
    0x00010091,0x00030092,0x00010093,0x00030094,0x00010095,0x00030096,0x00010097,0x00018070,
    0x00018071,0x00010098,0x00010099,0x00018072,0x00018073,0x0001009a,0x0001009b,0x00018074,
    0x00018075,0x0001009c,0x0001009d,0x00018076,0x00018077,0x0001009e,0x0001009f,0x00018078,
    0x00018079,0x0002807a,0x0002807b,0x0002807c,0x0002807d,0x0002807e,0x0002807f,0x0001a007,
    0x00050000,0x00010001,0x00010002,0x00010003,0x00012000,0x00012001,0x00012002,0x00012003,
    0x00012004,0x00012005,0x00012006,0x00012007,0x00012008,0x00012009,0x0001200a,0x0001200b,
    0x0001200c,0x0001200d,0x0001200e,0x0001200f,0x00012010,0x00012011,0x00012012,0x00012013,
    0x00012014,0x00012015,0x00012016,0x00012017,0x00012018,0x00012019,0x0001201a,0x0001201b,
    0x0001201c,0x0001201d,0x0001201e,0x0001201f,0x00012020,0x00012021,0x00014000,0x00014001,
    0x00014002,0x00014003,0x00016000,0x00016001,0x00016002,0x00016003,0x00030004,0x00010005,
    0x00030006,0x00010007,0x00030008,0x00010009,0x0003000a,0x0001000b,0x0003000c,0x0001000d,
    0x0003000e,0x0001000f,0x00030010,0x00010011,0x00030012,0x00010013,0x00012022,0x00012023,
    0x00010014,0x00010015,0x00012024,0x00012025,0x00010016,0x00010017,0x00012026,0x00012027,
    0x00010018,0x00010019,0x00012028,0x00012029,0x0001001a,0x0001001b,0x0001202a,0x0001202b,
    0x0001001c,0x0001001d,0x0001202c,0x0001202d,0x0001001e,0x0001001f,0x0001202e,0x0001202f,
    0x00010020,0x00010021,0x00012030,0x00012031,0x00010022,0x00010023,0x00012032,0x00012033,
    0x00010024,0x00010025,0x00012034,0x00012035,0x00010026,0x00010027,0x00012036,0x00012037,
    0x00010028,0x00010029,0x00012038,0x00012039,0x0001002a,0x0001002b,0x0001203a,0x0001203b,
    0x0001002c,0x0001002d,0x0001203c,0x0001203d,0x0001002e,0x0001002f,0x0001203e,0x0001203f,
    0x00010030,0x00010031,0x00012040,0x00012041,0x00010032,0x00010033,0x00012042,0x00012043,
    0x00010034,0x00010035,0x00012044,0x00012045,0x00010036,0x00010037,0x00012046,0x00012047,
    0x00010038,0x00010039,0x00012048,0x00012049,0x0001003a,0x0001003b,0x0001204a,0x0001204b,
    0x0001003c,0x0001003d,0x0001204c,0x0001204d,0x0001003e,0x0001003f,0x0001204e,0x0001204f,
    0x00010040,0x00010041,0x00012050,0x00012051,0x00010042,0x00010043,0x00012052,0x00012053,
    0x00012054,0x00012055,0x00012056,0x00012057,0x00012058,0x00012059,0x0001205a,0x0001205b,
    0x0001205c,0x0001205d,0x0001205e,0x0001205f,0x00012060,0x00012061,0x00014004,0x00014005,
    0x00014000,0x00014001,0x00016004,0x00016005,0x00016006,0x00016007,0x00030044,0x00010045,
    0x00030046,0x00010047,0x00030048,0x00010049,0x0003004a,0x0001004b,0x0003004c,0x0001004d,
    0x0003004e,0x0001004f,0x00030050,0x00010051,0x00030052,0x00010053,0x00012062,0x00012063,
    0x00010054,0x00010055,0x00012064,0x00012065,0x00010056,0x00010057,0x00012066,0x00012067,
    0x00010058,0x00010059,0x00012068,0x00012069,0x0001005a,0x0001005b,0x0001206a,0x0001206b,
    0x0001005c,0x0001005d,0x0001206c,0x0001206d,0x0001005e,0x0001005f,0x0001206e,0x0001206f,
    0x00010000,0x00010001,0x00012070,0x00012071,0x00010002,0x00010003,0x00012072,0x00012073,
    0x00010004,0x00010005,0x00012074,0x00012075,0x00010006,0x00010007,0x00012076,0x00012077,
    0x00010008,0x00010009,0x00012078,0x00012079,0x0001207a,0x0001207b,0x0001207c,0x0001207d,
    0x0001207e,0x0001207f,0x00012080,0x00012081,0x00014002,0x00014003,0x00016008,0x00016009,
    0x00018000,0x00018001,0x00018002,0x00018003,0x00028004,0x0001000a,0x0001000b,0x00018005,
    0x00018006,0x0001000c,0x0001000d,0x00018007,0x00018008,0x0001000e,0x0001000f,0x00018009,
    0x0001800a,0x00010010,0x00010011,0x0001800b,0x0001800c,0x00010012,0x00010013,0x00012082,
    0x00012083,0x00010014,0x00010015,0x00012084,0x00012085,0x00010016,0x00010017,0x00012086,
    0x00012087,0x00010018,0x00010019,0x00012088,0x00012089,0x0001001a,0x0001001b,0x0001208a,
    0x0001208b,0x0001001c,0x0001001d,0x0001208c,0x0001208d,0x0001001e,0x0001001f,0x0001208e,
    0x0001208f,0x00010020,0x00010021,0x00012090,0x00012091,0x00010022,0x00010023,0x00012092,
    0x00012093,0x00010024,0x00010025,0x00012094,0x00012095,0x00010026,0x00010027,0x00012096,
    0x00012097,0x00010028,0x00010029,0x00012098,0x00012099,0x0001002a,0x0001002b,0x0001209a,
    0x0001209b,0x0001002c,0x0001002d,0x0001209c,0x0001209d,0x0001002e,0x0001002f,0x0001209e,
    0x0001209f,0x00010030,0x00010031,0x000120a0,0x000120a1,0x00010032,0x00010033,0x000120a2,
    0x000120a3,0x00010034,0x00010035,0x000120a4,0x000120a5,0x00010036,0x00010037,0x000120a6,
    0x000120a7,0x00010038,0x00010039,0x000120a8,0x000120a9,0x0001003a,0x0001003b,0x000120aa,
    0x000120ab,0x0001003c,0x0001003d,0x000120ac,0x000120ad,0x0001003e,0x0001003f,0x000120ae,
    0x000120af,0x00010040,0x00010041,0x000120b0,0x000120b1,0x00010042,0x00010043,0x000120b2,
    0x000120b3,0x000120b4,0x000120b5,0x000120b6,0x000120b7,0x000120b8,0x000120b9,0x000120ba,
    0x000120bb,0x000120bc,0x000120bd,0x000120be,0x000120bf,0x000120c0,0x000120c1,0x00014004,
    0x00014005,0x00014000,0x00014001,0x0001600a,0x0001600b,0x0001600c,0x0001600d,0x0001800d,
    0x0001800e,0x00010044,0x00010045,0x0001a000,0x0001800f,0x00010046,0x00010047,0x00030048,
    0x00010049,0x0003004a,0x0001004b,0x0003004c,0x0001004d,0x0003004e,0x0001004f,0x00030050,
    0x00010051,0x00030052,0x00010053,0x000120c2,0x000120c3,0x00010054,0x00010055,0x000120c4,
    0x000120c5,0x00010056,0x00010057,0x000120c6,0x000120c7,0x00010058,0x00010059,0x000120c8,
    0x000120c9,0x0001005a,0x0001005b,0x000120ca,0x000120cb,0x0001005c,0x0001005d,0x000120cc,
    0x000120cd,0x0001005e,0x0001005f,0x000120ce,0x000120cf,0x00010000,0x00010001,0x000120d0,
    0x000120d1,0x00010002,0x00010003,0x000120d2,0x000120d3,0x00010004,0x00010005,0x000120d4,
    0x000120d5,0x00010006,0x00010007,0x000120d6,0x000120d7,0x00010008,0x00010009,0x000120d8,
    0x000120d9,0x000120da,0x000120db,0x000120dc,0x000120dd,0x000120de,0x000120df,0x000120e0,
    0x000120e1,0x00014002,0x00014003,0x0001600e,0x0001600f,0x00018010,0x00018011,0x00018012,
    0x00018013,0x00028014,0x0001000a,0x0001000b,0x00018015,0x00018016,0x0001000c,0x0001000d,
    0x00018017,0x00018018,0x0001000e,0x0001000f,0x00018019,0x0001801a,0x00010010,0x00010011,
    0x0001801b,0x0001801c,0x00010012,0x00010013,0x000120e2,0x000120e3,0x00010014,0x00010015,
    0x000120e4,0x000120e5,0x00010016,0x00010017,0x000120e6,0x000120e7,0x00010018,0x00010019,
    0x000120e8,0x000120e9,0x0001001a,0x0001001b,0x000120ea,0x000120eb,0x0001001c,0x0001001d,
    0x000120ec,0x000120ed,0x0001001e,0x0001001f,0x000120ee,0x000120ef,0x00010020,0x00010021,
    0x000120f0,0x000120f1,0x00010022,0x00010023,0x000120f2,0x000120f3,0x00010024,0x00010025,
    0x000120f4,0x000120f5,0x00010026,0x00010027,0x000120f6,0x000120f7,0x00010028,0x00010029,
    0x000120f8,0x000120f9,0x0001002a,0x0001002b,0x000120fa,0x000120fb,0x0001002c,0x0001002d,
    0x000120fc,0x000120fd,0x0001002e,0x0001002f,0x000120fe,0x000120ff,0x00010030,0x00010031,
    0x00012100,0x00012101,0x00010032,0x00010033,0x00012102,0x00012103,0x00010034,0x00010035,
    0x00012104,0x00012105,0x00010036,0x00010037,0x00012106,0x00012107,0x00010038,0x00010039,
    0x00012108,0x00012109,0x0001003a,0x0001003b,0x0001210a,0x0001210b,0x0001003c,0x0001003d,
    0x0001210c,0x0001210d,0x0001003e,0x0001003f,0x0001210e,0x0001210f,0x00010040,0x00010041,
    0x00012110,0x00012111,0x00010042,0x00010043,0x00012112,0x00012113,0x00012114,0x00012115,
    0x00012116,0x00012117,0x00012118,0x00012119,0x0001211a,0x0001211b,0x0001211c,0x0001211d,
    0x0001211e,0x0001211f,0x00012120,0x00012121,0x00014004,0x00014005,0x00014000,0x00014001,
    0x00016010,0x00016011,0x00016012,0x00016013,0x0001801d,0x0001801e,0x00010044,0x00010045,
    0x0001801f,0x0001a001,0x00010046,0x00010047,0x00030048,0x00010049,0x0003004a,0x0001004b,
    0x0003004c,0x0001004d,0x0003004e,0x0001004f,0x00030050,0x00010051,0x00030052,0x00010053,
    0x00012122,0x00012123,0x00010054,0x00010055,0x00012124,0x00012125,0x00010056,0x00010057,
    0x00012126,0x00012127,0x00010058,0x00010059,0x00012128,0x00012129,0x0001005a,0x0001005b,
    0x0001212a,0x0001212b,0x0001005c,0x0001005d,0x0001212c,0x0001212d,0x0001005e,0x0001005f,
    0x0001212e,0x0001212f,0x00010000,0x00010001,0x00012130,0x00012131,0x00010002,0x00010003,
    0x00012132,0x00012133,0x00010004,0x00010005,0x00012134,0x00012135,0x00010006,0x00010007,
    0x00012136,0x00012137,0x00010008,0x00010009,0x00012138,0x00012139,0x0001213a,0x0001213b,
    0x0001213c,0x0001213d,0x0001213e,0x0001213f,0x00012140,0x00012141,0x00014002,0x00014003,
    0x00016014,0x00016015,0x00018020,0x00018021,0x00018022,0x00018023,0x00028024,0x0001000a,
    0x0001000b,0x00018025,0x00018026,0x0001000c,0x0001000d,0x00018027,0x00018028,0x0001000e,
    0x0001000f,0x00018029,0x0001802a,0x00010010,0x00010011,0x0001802b,0x0001802c,0x00010012,
    0x00010013,0x00012142,0x00012143,0x00010014,0x00010015,0x00012144,0x00012145,0x00010016,
    0x00010017,0x00012146,0x00012147,0x00010018,0x00010019,0x00012148,0x00012149,0x0001001a,
    0x0001001b,0x0001214a,0x0001214b,0x0001001c,0x0001001d,0x0001214c,0x0001214d,0x0001001e,
    0x0001001f,0x0001214e,0x0001214f,0x00010020,0x00010021,0x00012150,0x00012151,0x00010022,
    0x00010023,0x00012152,0x00012153,0x00010024,0x00010025,0x00012154,0x00012155,0x00010026,
    0x00010027,0x00012156,0x00012157,0x00010028,0x00010029,0x00012158,0x00012159,0x0001002a,
    0x0001002b,0x0001215a,0x0001215b,0x0001002c,0x0001002d,0x0001215c,0x0001215d,0x0001002e,
    0x0001002f,0x0001215e,0x0001215f,0x00010030,0x00010031,0x00012160,0x00012161,0x00010032,
    0x00010033,0x00012162,0x00012163,0x00010034,0x00010035,0x00012164,0x00012165,0x00010036,
    0x00010037,0x00012166,0x00012167,0x00010038,0x00010039,0x00012168,0x00012169,0x0001003a,
    0x0001003b,0x0001216a,0x0001216b,0x0001003c,0x0001003d,0x0001216c,0x0001216d,0x0001003e,
    0x0001003f,0x0001216e,0x0001216f,0x00010040,0x00010041,0x00012170,0x00012171,0x00010042,
    0x00010043,0x00012172,0x00012173,0x00012174,0x00012175,0x00012176,0x00012177,0x00012178,
    0x00012179,0x0001217a,0x0001217b,0x0001217c,0x0001217d,0x0001217e,0x0001217f,0x00012000,
    0x00012001,0x00014004,0x00014005,0x00014006,0x00014007,0x00016016,0x00016017,0x00016000,
    0x00016001,0x0001802d,0x0001802e,0x00010044,0x00010045,0x0001a002,0x0001802f,0x00010046,
    0x00010047,0x00030048,0x00010049,0x0003004a,0x0001004b,0x0003004c,0x0001004d,0x0003004e,
    0x0001004f,0x00030050,0x00010051,0x00030052,0x00010053,0x00012002,0x00012003,0x00010054,
    0x00010055,0x00012004,0x00012005,0x00010056,0x00010057,0x00012006,0x00012007,0x00010058,
    0x00010059,0x00012008,0x00012009,0x0001005a,0x0001005b,0x0001200a,0x0001200b,0x0001005c,
    0x0001005d,0x0001200c,0x0001200d,0x0001005e,0x0001005f,0x0001200e,0x0001200f,0x00010060,
    0x00010061,0x00012010,0x00012011,0x00010062,0x00010063,0x00012012,0x00012013,0x00010064,
    0x00010065,0x00012014,0x00012015,0x00010066,0x00010067,0x00012016,0x00012017,0x00010068,
    0x00010069,0x00012018,0x00012019,0x0001201a,0x0001201b,0x0001201c,0x0001201d,0x0001201e,
    0x0001201f,0x00012020,0x00012021,0x00014008,0x00014009,0x00016002,0x00016003,0x00018030,
    0x00018031,0x00018032,0x00018033,0x00028034,0x0001006a,0x0001006b,0x00018035,0x00018036,
    0x0001006c,0x0001006d,0x00018037,0x00018038,0x0001006e,0x0001006f,0x00018039,0x0001803a,
    0x00010070,0x00010071,0x0001803b,0x0001803c,0x00010072,0x00010073,0x00012022,0x00012023,
    0x00010074,0x00010075,0x00012024,0x00012025,0x00010076,0x00010077,0x00012026,0x00012027,
    0x00010078,0x00010079,0x00012028,0x00012029,0x0001007a,0x0001007b,0x0001202a,0x0001202b,
    0x0001007c,0x0001007d,0x0001202c,0x0001202d,0x0001007e,0x0001007f,0x0001202e,0x0001202f,
    0x00010080,0x00010081,0x00012030,0x00012031,0x00010082,0x00010083,0x00012032,0x00012033,
    0x00010084,0x00010085,0x00012034,0x00012035,0x00010086,0x00010087,0x00012036,0x00012037,
    0x00010088,0x00010089,0x00012038,0x00012039,0x0001008a,0x0001008b,0x0001203a,0x0001203b,
    0x0001008c,0x0001008d,0x0001203c,0x0001203d,0x0001008e,0x0001008f,0x0001203e,0x0001203f,
    0x00010090,0x00010091,0x00012040,0x00012041,0x00010092,0x00010093,0x00012042,0x00012043,
    0x00010094,0x00010095,0x00012044,0x00012045,0x00010096,0x00010097,0x00012046,0x00012047,
    0x00010098,0x00010099,0x00012048,0x00012049,0x0001009a,0x0001009b,0x0001204a,0x0001204b,
    0x0001009c,0x0001009d,0x0001204c,0x0001204d,0x0001009e,0x0001009f,0x0001204e,0x0001204f,
    0x000100a0,0x000100a1,0x00012050,0x00012051,0x000100a2,0x000100a3,0x00012052,0x00012053,
    0x00012054,0x00012055,0x00012056,0x00012057,0x00012058,0x00012059,0x0001205a,0x0001205b,
    0x0001205c,0x0001205d,0x0001205e,0x0001205f,0x00012060,0x00012061,0x0001400a,0x0001400b,
    0x00014006,0x00014007,0x00016004,0x00016005,0x00016006,0x00016007,0x0001803d,0x0001803e,
    0x000100a4,0x000100a5,0x0001803f,0x0001a003,0x000100a6,0x000100a7,0x000300a8,0x000100a9,
    0x000300aa,0x000100ab,0x000300ac,0x000100ad,0x000300ae,0x000100af,0x000300b0,0x000100b1,
    0x000300b2,0x000100b3,0x00012062,0x00012063,0x000100b4,0x000100b5,0x00012064,0x00012065,
    0x000100b6,0x000100b7,0x00012066,0x00012067,0x000100b8,0x000100b9,0x00012068,0x00012069,
    0x000100ba,0x000100bb,0x0001206a,0x0001206b,0x000100bc,0x000100bd,0x0001206c,0x0001206d,
    0x000100be,0x000100bf,0x0001206e,0x0001206f,0x00010060,0x00010061,0x00012070,0x00012071,
    0x00010062,0x00010063,0x00012072,0x00012073,0x00010064,0x00010065,0x00012074,0x00012075,
    0x00010066,0x00010067,0x00012076,0x00012077,0x00010068,0x00010069,0x00012078,0x00012079,
    0x0001207a,0x0001207b,0x0001207c,0x0001207d,0x0001207e,0x0001207f,0x00012080,0x00012081,
    0x00014008,0x00014009,0x00016008,0x00016009,0x00018040,0x00018041,0x00018042,0x00018043,
    0x00028044,0x0001006a,0x0001006b,0x00018045,0x00018046,0x0001006c,0x0001006d,0x00018047,
    0x00018048,0x0001006e,0x0001006f,0x00018049,0x0001804a,0x00010070,0x00010071,0x0001804b,
    0x0001804c,0x00010072,0x00010073,0x00012082,0x00012083,0x00010074,0x00010075,0x00012084,
    0x00012085,0x00010076,0x00010077,0x00012086,0x00012087,0x00010078,0x00010079,0x00012088,
    0x00012089,0x0001007a,0x0001007b,0x0001208a,0x0001208b,0x0001007c,0x0001007d,0x0001208c,
    0x0001208d,0x0001007e,0x0001007f,0x0001208e,0x0001208f,0x00010080,0x00010081,0x00012090,
    0x00012091,0x00010082,0x00010083,0x00012092,0x00012093,0x00010084,0x00010085,0x00012094,
    0x00012095,0x00010086,0x00010087,0x00012096,0x00012097,0x00010088,0x00010089,0x00012098,
    0x00012099,0x0001008a,0x0001008b,0x0001209a,0x0001209b,0x0001008c,0x0001008d,0x0001209c,
    0x0001209d,0x0001008e,0x0001008f,0x0001209e,0x0001209f,0x00010090,0x00010091,0x000120a0,
    0x000120a1,0x00010092,0x00010093,0x000120a2,0x000120a3,0x00010094,0x00010095,0x000120a4,
    0x000120a5,0x00010096,0x00010097,0x000120a6,0x000120a7,0x00010098,0x00010099,0x000120a8,
    0x000120a9,0x0001009a,0x0001009b,0x000120aa,0x000120ab,0x0001009c,0x0001009d,0x000120ac,
    0x000120ad,0x0001009e,0x0001009f,0x000120ae,0x000120af,0x000100a0,0x000100a1,0x000120b0,
    0x000120b1,0x000100a2,0x000100a3,0x000120b2,0x000120b3,0x000120b4,0x000120b5,0x000120b6,
    0x000120b7,0x000120b8,0x000120b9,0x000120ba,0x000120bb,0x000120bc,0x000120bd,0x000120be,
    0x000120bf,0x000120c0,0x000120c1,0x0001400a,0x0001400b,0x00014006,0x00014007,0x0001600a,
    0x0001600b,0x0001600c,0x0001600d,0x0001804d,0x0001804e,0x000100a4,0x000100a5,0x0001a004,
    0x0001804f,0x000100a6,0x000100a7,0x000300a8,0x000100a9,0x000300aa,0x000100ab,0x000300ac,
    0x000100ad,0x000300ae,0x000100af,0x000300b0,0x000100b1,0x000300b2,0x000100b3,0x000120c2,
    0x000120c3,0x000100b4,0x000100b5,0x000120c4,0x000120c5,0x000100b6,0x000100b7,0x000120c6,
    0x000120c7,0x000100b8,0x000100b9,0x000120c8,0x000120c9,0x000100ba,0x000100bb,0x000120ca,
    0x000120cb,0x000100bc,0x000100bd,0x000120cc,0x000120cd,0x000100be,0x000100bf,0x000120ce,
    0x000120cf,0x00010060,0x00010061,0x000120d0,0x000120d1,0x00010062,0x00010063,0x000120d2,
    0x000120d3,0x00010064,0x00010065,0x000120d4,0x000120d5,0x00010066,0x00010067,0x000120d6,
    0x000120d7,0x00010068,0x00010069,0x000120d8,0x000120d9,0x000120da,0x000120db,0x000120dc,
    0x000120dd,0x000120de,0x000120df,0x000120e0,0x000120e1,0x00014008,0x00014009,0x0001600e,
    0x0001600f,0x00018050,0x00018051,0x00018052,0x00018053,0x00028054,0x0001006a,0x0001006b,
    0x00018055,0x00018056,0x0001006c,0x0001006d,0x00018057,0x00018058,0x0001006e,0x0001006f,
    0x00018059,0x0001805a,0x00010070,0x00010071,0x0001805b,0x0001805c,0x00010072,0x00010073,
    0x000120e2,0x000120e3,0x00010074,0x00010075,0x000120e4,0x000120e5,0x00010076,0x00010077,
    0x000120e6,0x000120e7,0x00010078,0x00010079,0x000120e8,0x000120e9,0x0001007a,0x0001007b,
    0x000120ea,0x000120eb,0x0001007c,0x0001007d,0x000120ec,0x000120ed,0x0001007e,0x0001007f,
    0x000120ee,0x000120ef,0x00010080,0x00010081,0x000120f0,0x000120f1,0x00010082,0x00010083,
    0x000120f2,0x000120f3,0x00010084,0x00010085,0x000120f4,0x000120f5,0x00010086,0x00010087,
    0x000120f6,0x000120f7,0x00010088,0x00010089,0x000120f8,0x000120f9,0x0001008a,0x0001008b,
    0x000120fa,0x000120fb,0x0001008c,0x0001008d,0x000120fc,0x000120fd,0x0001008e,0x0001008f,
    0x000120fe,0x000120ff,0x00010090,0x00010091,0x00012100,0x00012101,0x00010092,0x00010093,
    0x00012102,0x00012103,0x00010094,0x00010095,0x00012104,0x00012105,0x00010096,0x00010097,
    0x00012106,0x00012107,0x00010098,0x00010099,0x00012108,0x00012109,0x0001009a,0x0001009b,
    0x0001210a,0x0001210b,0x0001009c,0x0001009d,0x0001210c,0x0001210d,0x0001009e,0x0001009f,
    0x0001210e,0x0001210f,0x000100a0,0x000100a1,0x00012110,0x00012111,0x000100a2,0x000100a3,
    0x00012112,0x00012113,0x00012114,0x00012115,0x00012116,0x00012117,0x00012118,0x00012119,
    0x0001211a,0x0001211b,0x0001211c,0x0001211d,0x0001211e,0x0001211f,0x00012120,0x00012121,
    0x0001400a,0x0001400b,0x00014006,0x00014007,0x00016010,0x00016011,0x00016012,0x00016013,
    0x0001805d,0x0001805e,0x000100a4,0x000100a5,0x0001805f,0x0001a005,0x000100a6,0x000100a7,
    0x000300a8,0x000100a9,0x000300aa,0x000100ab,0x000300ac,0x000100ad,0x000300ae,0x000100af,
    0x000300b0,0x000100b1,0x000300b2,0x000100b3,0x00012122,0x00012123,0x000100b4,0x000100b5,
    0x00012124,0x00012125,0x000100b6,0x000100b7,0x00012126,0x00012127,0x000100b8,0x000100b9,
    0x00012128,0x00012129,0x000100ba,0x000100bb,0x0001212a,0x0001212b,0x000100bc,0x000100bd,
    0x0001212c,0x0001212d,0x000100be,0x000100bf,0x0001212e,0x0001212f,0x00010060,0x00010061,
    0x00012130,0x00012131,0x00010062,0x00010063,0x00012132,0x00012133,0x00010064,0x00010065,
    0x00012134,0x00012135,0x00010066,0x00010067,0x00012136,0x00012137,0x00010068,0x00010069,
    0x00012138,0x00012139,0x0001213a,0x0001213b,0x0001213c,0x0001213d,0x0001213e,0x0001213f,
    0x00012140,0x00012141,0x00014008,0x00014009,0x00016014,0x00016015,0x00018060,0x00018061,
    0x00018062,0x00018063,0x00028064,0x0001006a,0x0001006b,0x00018065,0x00018066,0x0001006c,
    0x0001006d,0x00018067,0x00018068,0x0001006e,0x0001006f,0x00018069,0x0001806a,0x00010070,
    0x00010071,0x0001806b,0x0001806c,0x00010072,0x00010073,0x00012142,0x00012143,0x00010074,
    0x00010075,0x00012144,0x00012145,0x00010076,0x00010077,0x00012146,0x00012147,0x00010078,
    0x00010079,0x00012148,0x00012149,0x0001007a,0x0001007b,0x0001214a,0x0001214b,0x0001007c,
    0x0001007d,0x0001214c,0x0001214d,0x0001007e,0x0001007f,0x0001214e,0x0001214f,0x00010080,
    0x00010081,0x00012150,0x00012151,0x00010082,0x00010083,0x00012152,0x00012153,0x00010084,
    0x00010085,0x00012154,0x00012155,0x00010086,0x00010087,0x00012156,0x00012157,0x00010088,
    0x00010089,0x00012158,0x00012159,0x0001008a,0x0001008b,0x0001215a,0x0001215b,0x0001008c,
    0x0001008d,0x0001215c,0x0001215d,0x0001008e,0x0001008f,0x0001215e,0x0001215f,0x00010090,
    0x00010091,0x00012160,0x00012161,0x00010092,0x00010093,0x00012162,0x00012163,0x00010094,
    0x00010095,0x00012164,0x00012165,0x00010096,0x00010097,0x00012166,0x00012167,0x00010098,
    0x00010099,0x00012168,0x00012169,0x0001009a,0x0001009b,0x0001216a,0x0001216b,0x0001009c,
    0x0001009d,0x0001216c,0x0001216d,0x0001009e,0x0001009f,0x0001216e,0x0001216f,0x000100a0,
    0x000100a1,0x00012170,0x00012171,0x000100a2,0x000100a3,0x00012172,0x00012173,0x00012174,
    0x00012175,0x00012176,0x00012177,0x00012178,0x00012179,0x0001217a,0x0001217b,0x0001217c,
    0x0001217d,0x0001217e,0x0001217f,0x0001400a,0x0001400b,0x00016016,0x00016017,0x0001806d,
    0x0001806e,0x0001a006,0x0001806f,0x000100a4,0x000100a5,0x000300a6,0x000100a7,0x000300a8,
    0x000100a9,0x000300aa,0x000100ab,0x000300ac,0x000100ad,0x000300ae,0x000100af,0x000300b0,
    0x000100b1,0x000300b2,0x000100b3,0x000300b4,0x000100b5,0x000300b6,0x000100b7,0x00018070,
    0x00018071,0x000100b8,0x000100b9,0x00018072,0x00018073,0x000100ba,0x000100bb,0x00018074,
    0x00018075,0x000100bc,0x000100bd,0x00018076,0x00018077,0x000100be,0x000100bf,0x00018078,
    0x00018079,0x0002807a,0x0002807b,0x0002807c,0x0002807d,0x0002807e,0x0002807f,0x0001a007,
    0x00050000,0x00010001,0x00010002,0x00010003,0x00012000,0x00012001,0x00012002,0x00012003,
    0x00012004,0x00012005,0x00012006,0x00012007,0x00012008,0x00012009,0x0001200a,0x0001200b,
    0x0001200c,0x0001200d,0x0001200e,0x0001200f,0x00012000,0x00012001,0x00012002,0x00012003,
    0x00012004,0x00012005,0x00012006,0x00012007,0x00012008,0x00012009,0x0001200a,0x0001200b,
    0x0001200c,0x0001200d,0x0001200e,0x0001200f,0x00012000,0x00012001,0x00014000,0x00014001,
    0x00014002,0x00014003,0x00016000,0x00016000,0x00016000,0x00016000,0x00030004,0x00010005,
    0x00030006,0x00010007,0x00018000,0x00018001,0x00010008,0x00010009,0x00018002,0x00018003,
    0x0001000a,0x0001000b,0x00018004,0x00018005,0x0001000c,0x0001000d,0x00018006,0x00018007,
    0x0001000e,0x0001000f,0x00018008,0x00018009,0x00010010,0x00010011,0x0001800a,0x0001800b,
    0x00010012,0x00010013,0x00012002,0x00012003,0x00010014,0x00010015,0x00012004,0x00012005,
    0x00010016,0x00010017,0x00012006,0x00012007,0x00010018,0x00010019,0x00012008,0x00012009,
    0x0001001a,0x0001001b,0x0001200a,0x0001200b,0x0001001c,0x0001001d,0x0001200c,0x0001200d,
    0x0001001e,0x0001001f,0x0001200e,0x0001200f,0x00010020,0x00010021,0x00012000,0x00012001,
    0x00010022,0x00010023,0x00012002,0x00012003,0x00010024,0x00010025,0x00012004,0x00012005,
    0x00012006,0x00012007,0x00012008,0x00012009,0x0001200a,0x0001200b,0x0001200c,0x0001200d,
    0x0001200e,0x0001200f,0x0001800c,0x0001800d,0x0001a000,0x0001800e,0x0001800f,0x00028010,
    0x00010026,0x00010027,0x00018011,0x00018012,0x00010028,0x00010029,0x00018013,0x00018014,
    0x0001002a,0x0001002b,0x00018015,0x00018016,0x0001002c,0x0001002d,0x00018017,0x00018018,
    0x0001002e,0x0001002f,0x00018019,0x0001801a,0x00010030,0x00010031,0x0001801b,0x0001801c,
    0x00010032,0x00010033,0x0001801d,0x0001801e,0x00010034,0x00010035,0x0001801f,0x0001a001,
    0x00010036,0x00010037,0x00018020,0x00018021,0x00010038,0x00010039,0x00018022,0x00018023,
    0x0001003a,0x0001003b,0x00018024,0x00018025,0x0001003c,0x0001003d,0x00018026,0x00018027,
    0x0001003e,0x0001003f,0x00018028,0x00018029,0x0001802a,0x0001802b,0x0002802c,0x0002802d,
    0x0002802e,0x0002a002,0x0001802f,0x00018030,0x00028031,0x00028032,0x00028033,0x00028034,
    0x00028035,0x00028036,0x00028037,0x00028038,0x00028039,0x0002803a,0x0002803b,0x0002803c,
    0x0002803d,0x0002803e,0x0002803f,0x0001a003,0x00050000,0x00010001,0x00010002,0x00010003,
    0x00012000,0x00012001,0x00012002,0x00012003,0x00012004,0x00012005,0x00012006,0x00012007,
    0x00012008,0x00012009,0x0001200a,0x0001200b,0x0001200c,0x0001200d,0x0001200e,0x0001200f,
    0x00012010,0x00012011,0x00012012,0x00012013,0x00012014,0x00012015,0x00012016,0x00012017,
    0x00012018,0x00012019,0x0001201a,0x0001201b,0x0001201c,0x0001201d,0x0001201e,0x0001201f,
    0x00012000,0x00012001,0x00014000,0x00014001,0x00014002,0x00014003,0x00016000,0x00016001,
    0x00016000,0x00016001,0x00030004,0x00010005,0x00030006,0x00010007,0x00030008,0x00010009,
    0x0003000a,0x0001000b,0x0003000c,0x0001000d,0x0003000e,0x0001000f,0x00030010,0x00010011,
    0x00030012,0x00010013,0x00012002,0x00012003,0x00010014,0x00010015,0x00012004,0x00012005,
    0x00010016,0x00010017,0x00012006,0x00012007,0x00010018,0x00010019,0x00012008,0x00012009,
    0x0001001a,0x0001001b,0x0001200a,0x0001200b,0x0001001c,0x0001001d,0x0001200c,0x0001200d,
    0x0001001e,0x0001001f,0x0001200e,0x0001200f,0x00010020,0x00010021,0x00012010,0x00012011,
    0x00010022,0x00010023,0x00012012,0x00012013,0x00010024,0x00010025,0x00012014,0x00012015,
    0x00010026,0x00010027,0x00012016,0x00012017,0x00010028,0x00010029,0x00012018,0x00012019,
    0x0001201a,0x0001201b,0x0001201c,0x0001201d,0x0001201e,0x0001201f,0x00012000,0x00012001,
    0x00014004,0x00014005,0x00016000,0x00016001,0x00018000,0x00018001,0x00018002,0x00018003,
    0x00028004,0x0001002a,0x0001002b,0x00018005,0x00018006,0x0001002c,0x0001002d,0x00018007,
    0x00018008,0x0001002e,0x0001002f,0x00018009,0x0001800a,0x00010030,0x00010031,0x0001800b,
    0x0001800c,0x00010032,0x00010033,0x00012002,0x00012003,0x00010034,0x00010035,0x00012004,
    0x00012005,0x00010036,0x00010037,0x00012006,0x00012007,0x00010038,0x00010039,0x00012008,
    0x00012009,0x0001003a,0x0001003b,0x0001200a,0x0001200b,0x0001003c,0x0001003d,0x0001200c,
    0x0001200d,0x0001003e,0x0001003f,0x0001200e,0x0001200f,0x00010040,0x00010041,0x00012010,
    0x00012011,0x00010042,0x00010043,0x00012012,0x00012013,0x00010044,0x00010045,0x00012014,
    0x00012015,0x00010046,0x00012016,0x00012017,0x00012018,0x00012019,0x0001201a,0x0001201b,
    0x0001201c,0x0001201d,0x0001201e,0x0001201f,0x00012000,0x00012001,0x00014006,0x00014007,
    0x00016000,0x00016001,0x0001800d,0x0001800e,0x0001a000,0x0001800f,0x00018010,0x00028011,
    0x00010047,0x00010048,0x00018012,0x00018013,0x00010049,0x0001004a,0x00018014,0x00018015,
    0x0001004b,0x0001004c,0x00018016,0x00018017,0x0001004d,0x0001004e,0x00018018,0x00018019,
    0x0001004f,0x00010050,0x0001801a,0x0001801b,0x00010051,0x00010052,0x0001801c,0x0001801d,
    0x00010053,0x00010054,0x00012002,0x00012003,0x00010055,0x00010056,0x00012004,0x00012005,
    0x00010057,0x00010058,0x00012006,0x00012007,0x00010059,0x0001005a,0x00012008,0x00012009,
    0x0001005b,0x0001005c,0x0001200a,0x0001200b,0x0001005d,0x0001005e,0x0001200c,0x0001200d,
    0x0001005f,0x00010060,0x0001200e,0x0001200f,0x00010061,0x00010062,0x00012010,0x00012011,
    0x00010063,0x00010064,0x00012012,0x00012013,0x00010065,0x00010066,0x00012014,0x00012015,
    0x00010067,0x00012016,0x00012017,0x00012018,0x00012019,0x0001201a,0x0001201b,0x0001201c,
    0x0001201d,0x0001201e,0x0001201f,0x0001801e,0x0001801f,0x0001a001,0x00018020,0x00018021,
    0x00028022,0x00010068,0x00010069,0x00018023,0x00018024,0x0001006a,0x0001006b,0x00018025,
    0x00018026,0x0001006c,0x0001006d,0x00018027,0x00018028,0x0001006e,0x0001006f,0x00018029,
    0x0001802a,0x00010070,0x00010071,0x0001802b,0x0001802c,0x00010072,0x00010073,0x0001802d,
    0x0001802e,0x00010074,0x00010075,0x0001802f,0x0001a002,0x00010076,0x00010077,0x00018030,
    0x00018031,0x00010078,0x00010079,0x00018032,0x00018033,0x0001007a,0x0001007b,0x00018034,
    0x00018035,0x0001007c,0x0001007d,0x00018036,0x00018037,0x0001007e,0x0001007f,0x00018038,
    0x00018039,0x0002803a,0x0002803b,0x0002803c,0x0002803d,0x0002803e,0x0002a003,0x0001803f,
    0x00050000,0x00010001,0x00010002,0x00010003,0x00012000,0x00012001,0x00012002,0x00012003,
    0x00012004,0x00012005,0x00012006,0x00012007,0x00012008,0x00012009,0x0001200a,0x0001200b,
    0x0001200c,0x0001200d,0x0001200e,0x0001200f,0x00012010,0x00012011,0x00012012,0x00012013,
    0x00012014,0x00012015,0x00012016,0x00012017,0x00012018,0x00012019,0x0001201a,0x0001201b,
    0x0001201c,0x0001201d,0x0001201e,0x0001201f,0x00012020,0x00012021,0x00014000,0x00014001,
    0x00014002,0x00014003,0x00016000,0x00016001,0x00016002,0x00016000,0x00030004,0x00010005,
    0x00030006,0x00010007,0x00030008,0x00010009,0x0003000a,0x0001000b,0x0003000c,0x0001000d,
    0x0003000e,0x0001000f,0x00030010,0x00010011,0x00030012,0x00010013,0x00012022,0x00012023,
    0x00010014,0x00010015,0x00012024,0x00012025,0x00010016,0x00010017,0x00012026,0x00012027,
    0x00010018,0x00010019,0x00012028,0x00012029,0x0001001a,0x0001001b,0x0001202a,0x0001202b,
    0x0001001c,0x0001001d,0x0001202c,0x0001202d,0x0001001e,0x0001001f,0x0001202e,0x0001202f,
    0x00010020,0x00010021,0x00012000,0x00012001,0x00010022,0x00010023,0x00012002,0x00012003,
    0x00010024,0x00010025,0x00012004,0x00012005,0x00010026,0x00010027,0x00012006,0x00012007,
    0x00010028,0x00010029,0x00012008,0x00012009,0x0001002a,0x0001002b,0x0001200a,0x0001200b,
    0x0001002c,0x0001002d,0x0001200c,0x0001200d,0x0001002e,0x0001002f,0x0001200e,0x0001200f,
    0x00010030,0x00010031,0x00012010,0x00012011,0x00010032,0x00010033,0x00012012,0x00012013,
    0x00010034,0x00010035,0x00012014,0x00012015,0x00010036,0x00010037,0x00012016,0x00012017,
    0x00010038,0x00010039,0x00012018,0x00012019,0x0001201a,0x0001201b,0x0001201c,0x0001201d,
    0x0001201e,0x0001201f,0x00012020,0x00012021,0x00014004,0x00014005,0x00014006,0x00016001,
    0x00016002,0x00016000,0x00018000,0x00018001,0x00018002,0x00018003,0x00028004,0x0001003a,
    0x0001003b,0x00018005,0x00018006,0x0001003c,0x0001003d,0x00018007,0x00018008,0x0001003e,
    0x0001003f,0x00018009,0x0001800a,0x00010040,0x00010041,0x0001800b,0x0001800c,0x00010042,
    0x00010043,0x00012022,0x00012023,0x00010044,0x00010045,0x00012024,0x00012025,0x00010046,
    0x00010047,0x00012026,0x00012027,0x00010048,0x00010049,0x00012028,0x00012029,0x0001004a,
    0x0001004b,0x0001202a,0x0001202b,0x0001004c,0x0001004d,0x0001202c,0x0001202d,0x0001004e,
    0x0001004f,0x0001202e,0x0001202f,0x00010050,0x00010051,0x00012000,0x00012001,0x00010052,
    0x00010053,0x00012002,0x00012003,0x00010054,0x00010055,0x00012004,0x00012005,0x00010056,
    0x00010057,0x00012006,0x00012007,0x00010058,0x00010059,0x00012008,0x00012009,0x0001005a,
    0x0001005b,0x0001200a,0x0001200b,0x0001005c,0x0001005d,0x0001200c,0x0001200d,0x0001005e,
    0x0001005f,0x0001200e,0x0001200f,0x00010060,0x00010061,0x00012010,0x00012011,0x00010062,
    0x00010063,0x00012012,0x00012013,0x00010064,0x00010065,0x00012014,0x00012015,0x00010066,
    0x00012016,0x00012017,0x00012018,0x00012019,0x0001201a,0x0001201b,0x0001201c,0x0001201d,
    0x0001201e,0x0001201f,0x00012020,0x00012021,0x00014007,0x00014008,0x00014009,0x00016001,
    0x00016002,0x00016000,0x0001800d,0x0001800e,0x0001a000,0x0001800f,0x00018010,0x00028011,
    0x00010067,0x00010068,0x00018012,0x00018013,0x00010069,0x0001006a,0x00018014,0x00018015,
    0x0001006b,0x0001006c,0x00018016,0x00018017,0x0001006d,0x0001006e,0x00018018,0x00018019,
    0x0001006f,0x00010070,0x0001801a,0x0001801b,0x00010071,0x00010072,0x0001801c,0x0001801d,
    0x00010073,0x00010074,0x00012022,0x00012023,0x00010075,0x00010076,0x00012024,0x00012025,
    0x00010077,0x00010078,0x00012026,0x00012027,0x00010079,0x0001007a,0x00012028,0x00012029,
    0x0001007b,0x0001007c,0x0001202a,0x0001202b,0x0001007d,0x0001007e,0x0001202c,0x0001202d,
    0x0001007f,0x00010080,0x0001202e,0x0001202f,0x00010081,0x00010082,0x00012000,0x00012001,
    0x00010083,0x00010084,0x00012002,0x00012003,0x00010085,0x00010086,0x00012004,0x00012005,
    0x00010087,0x00010088,0x00012006,0x00012007,0x00010089,0x0001008a,0x00012008,0x00012009,
    0x0001008b,0x0001008c,0x0001200a,0x0001200b,0x0001008d,0x0001008e,0x0001200c,0x0001200d,
    0x0001008f,0x00010090,0x0001200e,0x0001200f,0x00010091,0x00010092,0x00012010,0x00012011,
    0x00010093,0x00010094,0x00012012,0x00012013,0x00010095,0x00010096,0x00012014,0x00012015,
    0x00010097,0x00012016,0x00012017,0x00012018,0x00012019,0x0001201a,0x0001201b,0x0001201c,
    0x0001201d,0x0001201e,0x0001201f,0x00012020,0x00012021,0x0001400a,0x0001400b,0x00016001,
    0x00016002,0x0001801e,0x0001801f,0x0001a001,0x00018020,0x00018021,0x00028022,0x00010098,
    0x00010099,0x00018023,0x00018024,0x0001009a,0x0001009b,0x00018025,0x00018026,0x0001009c,
    0x0001009d,0x00018027,0x00018028,0x0001009e,0x0001009f,0x00018029,0x0001802a,0x000100a0,
    0x000100a1,0x0001802b,0x0001802c,0x000100a2,0x000100a3,0x00012022,0x00012023,0x000100a4,
    0x000100a5,0x00012024,0x00012025,0x000100a6,0x000100a7,0x00012026,0x00012027,0x000100a8,
    0x000100a9,0x00012028,0x00012029,0x000100aa,0x000100ab,0x0001202a,0x0001202b,0x000100ac,
    0x000100ad,0x0001202c,0x0001202d,0x000100ae,0x000100af,0x0001202e,0x0001202f,0x000100b0,
    0x000100b1,0x0001802d,0x0001802e,0x000100b2,0x000100b3,0x0001802f,0x0001a002,0x000100b4,
    0x000100b5,0x000300b6,0x000100b7,0x00018030,0x00018031,0x000100b8,0x000100b9,0x00018032,
    0x00018033,0x000100ba,0x000100bb,0x00018034,0x00018035,0x000100bc,0x000100bd,0x00018036,
    0x00018037,0x000100be,0x000100bf,0x00018038,0x00018039,0x0002803a,0x0002803b,0x0002803c,
    0x0002803d,0x0002803e,0x0002a003,0x0001803f,0x00050000,0x00010001,0x00010002,0x00010003,
    0x00012000,0x00012001,0x00012002,0x00012003,0x00012004,0x00012005,0x00012006,0x00012007,
    0x00012008,0x00012009,0x0001200a,0x0001200b,0x0001200c,0x0001200d,0x0001200e,0x0001200f,
    0x00012010,0x00012011,0x00012012,0x00012013,0x00012014,0x00012015,0x00012016,0x00012017,
    0x00012018,0x00012019,0x0001201a,0x0001201b,0x0001201c,0x0001201d,0x0001201e,0x0001201f,
    0x00012020,0x00012021,0x00014000,0x00014001,0x00014002,0x00014003,0x00016000,0x00016001,
    0x00016002,0x00016003,0x00030004,0x00010005,0x00030006,0x00010007,0x00030008,0x00010009,
    0x0003000a,0x0001000b,0x0003000c,0x0001000d,0x0003000e,0x0001000f,0x00030010,0x00010011,
    0x00030012,0x00010013,0x00012022,0x00012023,0x00010014,0x00010015,0x00012024,0x00012025,
    0x00010016,0x00010017,0x00012026,0x00012027,0x00010018,0x00010019,0x00012028,0x00012029,
    0x0001001a,0x0001001b,0x0001202a,0x0001202b,0x0001001c,0x0001001d,0x0001202c,0x0001202d,
    0x0001001e,0x0001001f,0x0001202e,0x0001202f,0x00010020,0x00010021,0x00012030,0x00012031,
    0x00010022,0x00010023,0x00012032,0x00012033,0x00010024,0x00010025,0x00012034,0x00012035,
    0x00010026,0x00010027,0x00012036,0x00012037,0x00010028,0x00010029,0x00012038,0x00012039,
    0x0001002a,0x0001002b,0x0001203a,0x0001203b,0x0001002c,0x0001002d,0x0001203c,0x0001203d,
    0x0001002e,0x0001002f,0x0001203e,0x0001203f,0x00010030,0x00010031,0x00012000,0x00012001,
    0x00010032,0x00010033,0x00012002,0x00012003,0x00010034,0x00010035,0x00012004,0x00012005,
    0x00010036,0x00010037,0x00012006,0x00012007,0x00010038,0x00010039,0x00012008,0x00012009,
    0x0001003a,0x0001003b,0x0001200a,0x0001200b,0x0001003c,0x0001003d,0x0001200c,0x0001200d,
    0x0001003e,0x0001003f,0x0001200e,0x0001200f,0x00010040,0x00010041,0x00012010,0x00012011,
    0x00010042,0x00010043,0x00012012,0x00012013,0x00012014,0x00012015,0x00012016,0x00012017,
    0x00012018,0x00012019,0x0001201a,0x0001201b,0x0001201c,0x0001201d,0x0001201e,0x0001201f,
    0x00012020,0x00012021,0x00014004,0x00014005,0x00014006,0x00014007,0x00016000,0x00016001,
    0x00016002,0x00016003,0x00018000,0x00018001,0x00010044,0x00010045,0x00018002,0x00018003,
    0x00010046,0x00010047,0x00018004,0x00018005,0x00010048,0x00010049,0x00018006,0x00018007,
    0x0001004a,0x0001004b,0x00018008,0x00018009,0x0001004c,0x0001004d,0x0001800a,0x0001800b,
    0x0001004e,0x0001004f,0x0001800c,0x0001800d,0x00010050,0x00010051,0x0001800e,0x0001a000,
    0x00010052,0x00010053,0x00012022,0x00012023,0x00010054,0x00010055,0x00012024,0x00012025,
    0x00010056,0x00010057,0x00012026,0x00012027,0x00010058,0x00010059,0x00012028,0x00012029,
    0x0001005a,0x0001005b,0x0001202a,0x0001202b,0x0001005c,0x0001005d,0x0001202c,0x0001202d,
    0x0001005e,0x0001005f,0x0001202e,0x0001202f,0x00010060,0x00010061,0x00012030,0x00012031,
    0x00010062,0x00010063,0x00012032,0x00012033,0x00010064,0x00010065,0x00012034,0x00012035,
    0x00010066,0x00010067,0x00012036,0x00012037,0x00010068,0x00010069,0x00012038,0x00012039,
    0x0001006a,0x0001006b,0x0001203a,0x0001203b,0x0001006c,0x0001006d,0x0001203c,0x0001203d,
    0x0001006e,0x0001006f,0x0001203e,0x0001203f,0x00010070,0x00010071,0x00012000,0x00012001,
    0x00010072,0x00010073,0x00012002,0x00012003,0x00010074,0x00010075,0x00012004,0x00012005,
    0x00010076,0x00010077,0x00012006,0x00012007,0x00010078,0x00010079,0x00012008,0x00012009,
    0x0001007a,0x0001007b,0x0001200a,0x0001200b,0x0001007c,0x0001007d,0x0001200c,0x0001200d,
    0x0001007e,0x0001007f,0x0001200e,0x0001200f,0x00010080,0x00010081,0x00012010,0x00012011,
    0x00010082,0x00010083,0x00012012,0x00012013,0x00012014,0x00012015,0x00012016,0x00012017,
    0x00012018,0x00012019,0x0001201a,0x0001201b,0x0001201c,0x0001201d,0x0001201e,0x0001201f,
    0x00012020,0x00012021,0x00014008,0x00014009,0x0001400a,0x0001400b,0x00016000,0x00016001,
    0x00016002,0x00016003,0x0001800f,0x00018010,0x00010084,0x00010085,0x00018011,0x00018012,
    0x00010086,0x00010087,0x00018013,0x00018014,0x00010088,0x00010089,0x00018015,0x00018016,
    0x0001008a,0x0001008b,0x00018017,0x00018018,0x0001008c,0x0001008d,0x00018019,0x0001801a,
    0x0001008e,0x0001008f,0x0001801b,0x0001801c,0x00010090,0x00010091,0x0001801d,0x0001801e,
    0x00010092,0x00010093,0x00012022,0x00012023,0x00010094,0x00010095,0x00012024,0x00012025,
    0x00010096,0x00010097,0x00012026,0x00012027,0x00010098,0x00010099,0x00012028,0x00012029,
    0x0001009a,0x0001009b,0x0001202a,0x0001202b,0x0001009c,0x0001009d,0x0001202c,0x0001202d,
    0x0001009e,0x0001009f,0x0001202e,0x0001202f,0x000100a0,0x000100a1,0x00012030,0x00012031,
    0x000100a2,0x000100a3,0x00012032,0x00012033,0x000100a4,0x000100a5,0x00012034,0x00012035,
    0x000100a6,0x000100a7,0x00012036,0x00012037,0x000100a8,0x000100a9,0x00012038,0x00012039,
    0x000100aa,0x000100ab,0x0001203a,0x0001203b,0x000100ac,0x000100ad,0x0001203c,0x0001203d,
    0x000100ae,0x000100af,0x0001203e,0x0001203f,0x000100b0,0x000100b1,0x00012000,0x00012001,
    0x000100b2,0x000100b3,0x00012002,0x00012003,0x000100b4,0x000100b5,0x00012004,0x00012005,
    0x000100b6,0x000100b7,0x00012006,0x00012007,0x000100b8,0x000100b9,0x00012008,0x00012009,
    0x000100ba,0x000100bb,0x0001200a,0x0001200b,0x000100bc,0x000100bd,0x0001200c,0x0001200d,
    0x000100be,0x000100bf,0x0001200e,0x0001200f,0x000100c0,0x000100c1,0x00012010,0x00012011,
    0x000100c2,0x000100c3,0x00012012,0x00012013,0x00012014,0x00012015,0x00012016,0x00012017,
    0x00012018,0x00012019,0x0001201a,0x0001201b,0x0001201c,0x0001201d,0x0001201e,0x0001201f,
    0x00012020,0x00012021,0x0001400c,0x0001400d,0x0001400e,0x0001400f,0x00016000,0x00016001,
    0x00016002,0x00016003,0x0001801f,0x0001a001,0x000100c4,0x000100c5,0x00018020,0x00018021,
    0x000100c6,0x000100c7,0x00018022,0x00018023,0x000100c8,0x000100c9,0x00018024,0x00018025,
    0x000100ca,0x000100cb,0x00018026,0x00018027,0x000100cc,0x000100cd,0x00018028,0x00018029,
    0x000100ce,0x000100cf,0x0001802a,0x0001802b,0x000100d0,0x000100d1,0x0001802c,0x0001802d,
    0x000100d2,0x000100d3,0x00012022,0x00012023,0x000100d4,0x000100d5,0x00012024,0x00012025,
    0x000100d6,0x000100d7,0x00012026,0x00012027,0x000100d8,0x000100d9,0x00012028,0x00012029,
    0x000100da,0x000100db,0x0001202a,0x0001202b,0x000100dc,0x000100dd,0x0001202c,0x0001202d,
    0x000100de,0x000100df,0x0001202e,0x0001202f,0x000100e0,0x000100e1,0x00012030,0x00012031,
    0x000100e2,0x000100e3,0x00012032,0x00012033,0x000100e4,0x000100e5,0x00012034,0x00012035,
    0x000100e6,0x000100e7,0x00012036,0x00012037,0x000100e8,0x000100e9,0x00012038,0x00012039,
    0x000100ea,0x000100eb,0x0001203a,0x0001203b,0x000100ec,0x000100ed,0x0001203c,0x0001203d,
    0x000100ee,0x000100ef,0x0001203e,0x0001203f,0x000100f0,0x000100f1,0x0001802e,0x0001a002,
    0x000100f2,0x000100f3,0x0001802f,0x000200f4,0x000100f5,0x000300f6,0x000100f7,0x00018030,
    0x00018031,0x000100f8,0x000100f9,0x00018032,0x00018033,0x000100fa,0x000100fb,0x00018034,
    0x00018035,0x000100fc,0x000100fd,0x00018036,0x00018037,0x000100fe,0x000100ff,0x00018038,
    0x00018039,0x0002803a,0x0002803b,0x0002803c,0x0002803d,0x0002803e,0x0002803f,0x0001a003,
    0x00050000,0x00010001,0x00010002,0x00010003,0x00012000,0x00012001,0x00012002,0x00012003,
    0x00012004,0x00012005,0x00012006,0x00012007,0x00012008,0x00012009,0x0001200a,0x0001200b,
    0x0001200c,0x0001200d,0x0001200e,0x0001200f,0x00012010,0x00012011,0x00012012,0x00012013,
    0x00012014,0x00012015,0x00012016,0x00012017,0x00012018,0x00012019,0x0001201a,0x0001201b,
    0x0001201c,0x0001201d,0x0001201e,0x0001201f,0x00012020,0x00012021,0x00014000,0x00014001,
    0x00014002,0x00014003,0x00016000,0x00016001,0x00016002,0x00016003,0x00030004,0x00010005,
    0x00030006,0x00010007,0x00030008,0x00010009,0x0003000a,0x0001000b,0x0003000c,0x0001000d,
    0x0003000e,0x0001000f,0x00030010,0x00010011,0x00030012,0x00010013,0x00012022,0x00012023,
    0x00010014,0x00010015,0x00012024,0x00012025,0x00010016,0x00010017,0x00012026,0x00012027,
    0x00010018,0x00010019,0x00012028,0x00012029,0x0001001a,0x0001001b,0x0001202a,0x0001202b,
    0x0001001c,0x0001001d,0x0001202c,0x0001202d,0x0001001e,0x0001001f,0x0001202e,0x0001202f,
    0x00010020,0x00010021,0x00012030,0x00012031,0x00010022,0x00010023,0x00012032,0x00012033,
    0x00010024,0x00010025,0x00012034,0x00012035,0x00010026,0x00010027,0x00012036,0x00012037,
    0x00010028,0x00010029,0x00012038,0x00012039,0x0001002a,0x0001002b,0x0001203a,0x0001203b,
    0x0001002c,0x0001002d,0x0001203c,0x0001203d,0x0001002e,0x0001002f,0x0001203e,0x0001203f,
    0x00010030,0x00010031,0x00012040,0x00012041,0x00010032,0x00010033,0x00012042,0x00012043,
    0x00010034,0x00010035,0x00012044,0x00012045,0x00010036,0x00010037,0x00012046,0x00012047,
    0x00010038,0x00010039,0x00012048,0x00012049,0x0001003a,0x0001003b,0x0001204a,0x0001204b,
    0x0001003c,0x0001003d,0x0001204c,0x0001204d,0x0001003e,0x0001003f,0x0001204e,0x0001204f,
    0x00010040,0x00010041,0x00012000,0x00012001,0x00010042,0x00010043,0x00012002,0x00012003,
    0x00012004,0x00012005,0x00012006,0x00012007,0x00012008,0x00012009,0x0001200a,0x0001200b,
    0x0001200c,0x0001200d,0x0001200e,0x0001200f,0x00012010,0x00012011,0x00014004,0x00014005,
    0x00014006,0x00014007,0x00016004,0x00016000,0x00016001,0x00016002,0x00030044,0x00010045,
    0x00030046,0x00010047,0x00018000,0x00018001,0x00010048,0x00010049,0x00018002,0x00018003,
    0x0001004a,0x0001004b,0x00018004,0x00018005,0x0001004c,0x0001004d,0x00018006,0x00018007,
    0x0001004e,0x0001004f,0x00018008,0x00018009,0x00010050,0x00010051,0x0001800a,0x0001800b,
    0x00010052,0x00010053,0x00012012,0x00012013,0x00010054,0x00010055,0x00012014,0x00012015,
    0x00010056,0x00010057,0x00012016,0x00012017,0x00010058,0x00010059,0x00012018,0x00012019,
    0x0001005a,0x0001005b,0x0001201a,0x0001201b,0x0001005c,0x0001005d,0x0001201c,0x0001201d,
    0x0001005e,0x0001005f,0x0001201e,0x0001201f,0x00010060,0x00010061,0x00012020,0x00012021,
    0x00010062,0x00010063,0x00012022,0x00012023,0x00010064,0x00010065,0x00012024,0x00012025,
    0x00010066,0x00010067,0x00012026,0x00012027,0x00010068,0x00010069,0x00012028,0x00012029,
    0x0001006a,0x0001006b,0x0001202a,0x0001202b,0x0001006c,0x0001006d,0x0001202c,0x0001202d,
    0x0001006e,0x0001006f,0x0001202e,0x0001202f,0x00010070,0x00010071,0x00012030,0x00012031,
    0x00010072,0x00010073,0x00012032,0x00012033,0x00010074,0x00010075,0x00012034,0x00012035,
    0x00010076,0x00010077,0x00012036,0x00012037,0x00010078,0x00010079,0x00012038,0x00012039,
    0x0001007a,0x0001007b,0x0001203a,0x0001203b,0x0001007c,0x0001007d,0x0001203c,0x0001203d,
    0x0001007e,0x0001007f,0x0001203e,0x0001203f,0x00010080,0x00010081,0x00012040,0x00012041,
    0x00010082,0x00010083,0x00012042,0x00012043,0x00012044,0x00012045,0x00012046,0x00012047,
    0x00012048,0x00012049,0x0001204a,0x0001204b,0x0001204c,0x0001204d,0x0001204e,0x0001204f,
    0x00012000,0x00012001,0x00014008,0x00014009,0x0001400a,0x0001400b,0x00016003,0x00016004,
    0x00016000,0x00016001,0x0001800c,0x0001800d,0x00010084,0x00010085,0x0001a000,0x0001800e,
    0x00010086,0x00010087,0x0001800f,0x00020088,0x00010089,0x0003008a,0x0001008b,0x0003008c,
    0x0001008d,0x0003008e,0x0001008f,0x00030090,0x00010091,0x00030092,0x00010093,0x00012002,
    0x00012003,0x00010094,0x00010095,0x00012004,0x00012005,0x00010096,0x00010097,0x00012006,
    0x00012007,0x00010098,0x00010099,0x00012008,0x00012009,0x0001009a,0x0001009b,0x0001200a,
    0x0001200b,0x0001009c,0x0001009d,0x0001200c,0x0001200d,0x0001009e,0x0001009f,0x0001200e,
    0x0001200f,0x000100a0,0x000100a1,0x00012010,0x00012011,0x000100a2,0x000100a3,0x00012012,
    0x00012013,0x000100a4,0x000100a5,0x00012014,0x00012015,0x000100a6,0x000100a7,0x00012016,
    0x00012017,0x000100a8,0x000100a9,0x00012018,0x00012019,0x0001201a,0x0001201b,0x0001201c,
    0x0001201d,0x0001201e,0x0001201f,0x00012020,0x00012021,0x0001400c,0x0001400d,0x00016002,
    0x00016003,0x00018010,0x00018011,0x00018012,0x00018013,0x00028014,0x000100aa,0x000100ab,
    0x00018015,0x00018016,0x000100ac,0x000100ad,0x00018017,0x00018018,0x000100ae,0x000100af,
    0x00018019,0x0001801a,0x000100b0,0x000100b1,0x0001801b,0x0001801c,0x000100b2,0x000100b3,
    0x00012022,0x00012023,0x000100b4,0x000100b5,0x00012024,0x00012025,0x000100b6,0x000100b7,
    0x00012026,0x00012027,0x000100b8,0x000100b9,0x00012028,0x00012029,0x000100ba,0x000100bb,
    0x0001202a,0x0001202b,0x000100bc,0x000100bd,0x0001202c,0x0001202d,0x000100be,0x000100bf,
    0x0001202e,0x0001202f,0x000100c0,0x000100c1,0x00012030,0x00012031,0x000100c2,0x000100c3,
    0x00012032,0x00012033,0x000100c4,0x000100c5,0x00012034,0x00012035,0x000100c6,0x000100c7,
    0x00012036,0x00012037,0x000100c8,0x000100c9,0x00012038,0x00012039,0x000100ca,0x000100cb,
    0x0001203a,0x0001203b,0x000100cc,0x000100cd,0x0001203c,0x0001203d,0x000100ce,0x000100cf,
    0x0001203e,0x0001203f,0x000100d0,0x000100d1,0x00012040,0x00012041,0x000100d2,0x000100d3,
    0x00012042,0x00012043,0x000100d4,0x000100d5,0x00012044,0x00012045,0x000100d6,0x000100d7,
    0x00012046,0x00012047,0x000100d8,0x000100d9,0x00012048,0x00012049,0x000100da,0x000100db,
    0x0001204a,0x0001204b,0x000100dc,0x000100dd,0x0001204c,0x0001204d,0x000100de,0x000100df,
    0x0001204e,0x0001204f,0x000100e0,0x000100e1,0x00012000,0x00012001,0x000100e2,0x000100e3,
    0x00012002,0x00012003,0x00012004,0x00012005,0x00012006,0x00012007,0x00012008,0x00012009,
    0x0001200a,0x0001200b,0x0001200c,0x0001200d,0x0001200e,0x0001200f,0x00012010,0x00012011,
    0x0001400e,0x0001400f,0x00014010,0x00014011,0x00016004,0x00016000,0x00016001,0x00016002,
    0x0001801d,0x0001801e,0x000100e4,0x000100e5,0x0001801f,0x0001a001,0x000100e6,0x000100e7,
    0x00018020,0x00018021,0x000100e8,0x000100e9,0x00018022,0x00018023,0x000100ea,0x000100eb,
    0x00018024,0x00018025,0x000100ec,0x000100ed,0x00018026,0x00018027,0x000100ee,0x000100ef,
    0x00018028,0x00018029,0x000100f0,0x000100f1,0x0001802a,0x0001802b,0x000100f2,0x000100f3,
    0x00012012,0x00012013,0x000100f4,0x000100f5,0x00012014,0x00012015,0x000100f6,0x000100f7,
    0x00012016,0x00012017,0x000100f8,0x000100f9,0x00012018,0x00012019,0x000100fa,0x000100fb,
    0x0001201a,0x0001201b,0x000100fc,0x000100fd,0x0001201c,0x0001201d,0x000100fe,0x000100ff,
    0x0001201e,0x0001201f,0x00010100,0x00010101,0x00012020,0x00012021,0x00010102,0x00010103,
    0x00012022,0x00012023,0x00010104,0x00010105,0x00012024,0x00012025,0x00010106,0x00010107,
    0x00012026,0x00012027,0x00010108,0x00010109,0x00012028,0x00012029,0x0001010a,0x0001010b,
    0x0001202a,0x0001202b,0x0001010c,0x0001010d,0x0001202c,0x0001202d,0x0001010e,0x0001010f,
    0x0001202e,0x0001202f,0x00010110,0x00010111,0x00012030,0x00012031,0x00010112,0x00010113,
    0x00012032,0x00012033,0x00010114,0x00010115,0x00012034,0x00012035,0x00010116,0x00010117,
    0x00012036,0x00012037,0x00010118,0x00010119,0x00012038,0x00012039,0x0001011a,0x0001011b,
    0x0001203a,0x0001203b,0x0001011c,0x0001011d,0x0001203c,0x0001203d,0x0001011e,0x0001011f,
    0x0001203e,0x0001203f,0x00010120,0x00010121,0x00012040,0x00012041,0x00010122,0x00010123,
    0x00012042,0x00012043,0x00012044,0x00012045,0x00012046,0x00012047,0x00012048,0x00012049,
    0x0001204a,0x0001204b,0x0001204c,0x0001204d,0x0001204e,0x0001204f,0x00014012,0x00014013,
    0x00016003,0x00016004,0x0001802c,0x0001802d,0x0001a002,0x0001802e,0x00010124,0x00010125,
    0x0001802f,0x00020126,0x00010127,0x00030128,0x00010129,0x0003012a,0x0001012b,0x0003012c,
    0x0001012d,0x0003012e,0x0001012f,0x00030130,0x00010131,0x00030132,0x00010133,0x00030134,
    0x00010135,0x00030136,0x00010137,0x00018030,0x00018031,0x00010138,0x00010139,0x00018032,
    0x00018033,0x0001013a,0x0001013b,0x00018034,0x00018035,0x0001013c,0x0001013d,0x00018036,
    0x00018037,0x0001013e,0x0001013f,0x00018038,0x00018039,0x0002803a,0x0002803b,0x0002803c,
    0x0002803d,0x0002803e,0x0002803f,0x0001a003,0x00050000,0x00010001,0x00010002,0x00010003,
    0x00012000,0x00012001,0x00012002,0x00012003,0x00012004,0x00012005,0x00012006,0x00012007,
    0x00012008,0x00012009,0x0001200a,0x0001200b,0x0001200c,0x0001200d,0x0001200e,0x0001200f,
    0x00012010,0x00012011,0x00012012,0x00012013,0x00012014,0x00012015,0x00012016,0x00012017,
    0x00012018,0x00012019,0x0001201a,0x0001201b,0x0001201c,0x0001201d,0x0001201e,0x0001201f,
    0x00012020,0x00012021,0x00014000,0x00014001,0x00014002,0x00014003,0x00016000,0x00016001,
    0x00016002,0x00016003,0x00030004,0x00010005,0x00030006,0x00010007,0x00030008,0x00010009,
    0x0003000a,0x0001000b,0x0003000c,0x0001000d,0x0003000e,0x0001000f,0x00030010,0x00010011,
    0x00030012,0x00010013,0x00012022,0x00012023,0x00010014,0x00010015,0x00012024,0x00012025,
    0x00010016,0x00010017,0x00012026,0x00012027,0x00010018,0x00010019,0x00012028,0x00012029,
    0x0001001a,0x0001001b,0x0001202a,0x0001202b,0x0001001c,0x0001001d,0x0001202c,0x0001202d,
    0x0001001e,0x0001001f,0x0001202e,0x0001202f,0x00010020,0x00010021,0x00012030,0x00012031,
    0x00010022,0x00010023,0x00012032,0x00012033,0x00010024,0x00010025,0x00012034,0x00012035,
    0x00010026,0x00010027,0x00012036,0x00012037,0x00010028,0x00010029,0x00012038,0x00012039,
    0x0001002a,0x0001002b,0x0001203a,0x0001203b,0x0001002c,0x0001002d,0x0001203c,0x0001203d,
    0x0001002e,0x0001002f,0x0001203e,0x0001203f,0x00010030,0x00010031,0x00012040,0x00012041,
    0x00010032,0x00010033,0x00012042,0x00012043,0x00010034,0x00010035,0x00012044,0x00012045,
    0x00010036,0x00010037,0x00012046,0x00012047,0x00010038,0x00010039,0x00012048,0x00012049,
    0x0001003a,0x0001003b,0x0001204a,0x0001204b,0x0001003c,0x0001003d,0x0001204c,0x0001204d,
    0x0001003e,0x0001003f,0x0001204e,0x0001204f,0x00010040,0x00010041,0x00012050,0x00012051,
    0x00010042,0x00010043,0x00012052,0x00012053,0x00012054,0x00012055,0x00012056,0x00012057,
    0x00012058,0x00012059,0x0001205a,0x0001205b,0x0001205c,0x0001205d,0x0001205e,0x0001205f,
    0x00012000,0x00012001,0x00014004,0x00014005,0x00014006,0x00014007,0x00016004,0x00016005,
    0x00016000,0x00016001,0x00030044,0x00010045,0x00030046,0x00010047,0x00030048,0x00010049,
    0x0003004a,0x0001004b,0x0003004c,0x0001004d,0x0003004e,0x0001004f,0x00030050,0x00010051,
    0x00030052,0x00010053,0x00012002,0x00012003,0x00010054,0x00010055,0x00012004,0x00012005,
    0x00010056,0x00010057,0x00012006,0x00012007,0x00010058,0x00010059,0x00012008,0x00012009,
    0x0001005a,0x0001005b,0x0001200a,0x0001200b,0x0001005c,0x0001005d,0x0001200c,0x0001200d,
    0x0001005e,0x0001005f,0x0001200e,0x0001200f,0x00010060,0x00010061,0x00012010,0x00012011,
    0x00010062,0x00010063,0x00012012,0x00012013,0x00010064,0x00010065,0x00012014,0x00012015,
    0x00010066,0x00010067,0x00012016,0x00012017,0x00010068,0x00010069,0x00012018,0x00012019,
    0x0001201a,0x0001201b,0x0001201c,0x0001201d,0x0001201e,0x0001201f,0x00012020,0x00012021,
    0x00014008,0x00014009,0x00016002,0x00016003,0x00018000,0x00018001,0x00018002,0x00018003,
    0x00028004,0x0001006a,0x0001006b,0x00018005,0x00018006,0x0001006c,0x0001006d,0x00018007,
    0x00018008,0x0001006e,0x0001006f,0x00018009,0x0001800a,0x00010070,0x00010071,0x0001800b,
    0x0001800c,0x00010072,0x00010073,0x00012022,0x00012023,0x00010074,0x00010075,0x00012024,
    0x00012025,0x00010076,0x00010077,0x00012026,0x00012027,0x00010078,0x00010079,0x00012028,
    0x00012029,0x0001007a,0x0001007b,0x0001202a,0x0001202b,0x0001007c,0x0001007d,0x0001202c,
    0x0001202d,0x0001007e,0x0001007f,0x0001202e,0x0001202f,0x00010080,0x00010081,0x00012030,
    0x00012031,0x00010082,0x00010083,0x00012032,0x00012033,0x00010084,0x00010085,0x00012034,
    0x00012035,0x00010086,0x00010087,0x00012036,0x00012037,0x00010088,0x00010089,0x00012038,
    0x00012039,0x0001008a,0x0001008b,0x0001203a,0x0001203b,0x0001008c,0x0001008d,0x0001203c,
    0x0001203d,0x0001008e,0x0001008f,0x0001203e,0x0001203f,0x00010090,0x00010091,0x00012040,
    0x00012041,0x00010092,0x00010093,0x00012042,0x00012043,0x00010094,0x00010095,0x00012044,
    0x00012045,0x00010096,0x00010097,0x00012046,0x00012047,0x00010098,0x00010099,0x00012048,
    0x00012049,0x0001009a,0x0001009b,0x0001204a,0x0001204b,0x0001009c,0x0001009d,0x0001204c,
    0x0001204d,0x0001009e,0x0001009f,0x0001204e,0x0001204f,0x000100a0,0x000100a1,0x00012050,
    0x00012051,0x000100a2,0x000100a3,0x00012052,0x00012053,0x00012054,0x00012055,0x00012056,
    0x00012057,0x00012058,0x00012059,0x0001205a,0x0001205b,0x0001205c,0x0001205d,0x0001205e,
    0x0001205f,0x00012000,0x00012001,0x0001400a,0x0001400b,0x0001400c,0x0001400d,0x00016004,
    0x00016005,0x00016000,0x00016001,0x0001800d,0x0001800e,0x000100a4,0x000100a5,0x0001a000,
    0x0001800f,0x000100a6,0x000100a7,0x000300a8,0x000100a9,0x000300aa,0x000100ab,0x000300ac,
    0x000100ad,0x000300ae,0x000100af,0x000300b0,0x000100b1,0x000300b2,0x000100b3,0x00012002,
    0x00012003,0x000100b4,0x000100b5,0x00012004,0x00012005,0x000100b6,0x000100b7,0x00012006,
    0x00012007,0x000100b8,0x000100b9,0x00012008,0x00012009,0x000100ba,0x000100bb,0x0001200a,
    0x0001200b,0x000100bc,0x000100bd,0x0001200c,0x0001200d,0x000100be,0x000100bf,0x0001200e,
    0x0001200f,0x000100c0,0x000100c1,0x00012010,0x00012011,0x000100c2,0x000100c3,0x00012012,
    0x00012013,0x000100c4,0x000100c5,0x00012014,0x00012015,0x000100c6,0x000100c7,0x00012016,
    0x00012017,0x000100c8,0x000100c9,0x00012018,0x00012019,0x0001201a,0x0001201b,0x0001201c,
    0x0001201d,0x0001201e,0x0001201f,0x00012020,0x00012021,0x0001400e,0x0001400f,0x00016002,
    0x00016003,0x00018010,0x00018011,0x00018012,0x00018013,0x00028014,0x000100ca,0x000100cb,
    0x00018015,0x00018016,0x000100cc,0x000100cd,0x00018017,0x00018018,0x000100ce,0x000100cf,
    0x00018019,0x0001801a,0x000100d0,0x000100d1,0x0001801b,0x0001801c,0x000100d2,0x000100d3,
    0x00012022,0x00012023,0x000100d4,0x000100d5,0x00012024,0x00012025,0x000100d6,0x000100d7,
    0x00012026,0x00012027,0x000100d8,0x000100d9,0x00012028,0x00012029,0x000100da,0x000100db,
    0x0001202a,0x0001202b,0x000100dc,0x000100dd,0x0001202c,0x0001202d,0x000100de,0x000100df,
    0x0001202e,0x0001202f,0x000100e0,0x000100e1,0x00012030,0x00012031,0x000100e2,0x000100e3,
    0x00012032,0x00012033,0x000100e4,0x000100e5,0x00012034,0x00012035,0x000100e6,0x000100e7,
    0x00012036,0x00012037,0x000100e8,0x000100e9,0x00012038,0x00012039,0x000100ea,0x000100eb,
    0x0001203a,0x0001203b,0x000100ec,0x000100ed,0x0001203c,0x0001203d,0x000100ee,0x000100ef,
    0x0001203e,0x0001203f,0x000100f0,0x000100f1,0x00012040,0x00012041,0x000100f2,0x000100f3,
    0x00012042,0x00012043,0x000100f4,0x000100f5,0x00012044,0x00012045,0x000100f6,0x000100f7,
    0x00012046,0x00012047,0x000100f8,0x000100f9,0x00012048,0x00012049,0x000100fa,0x000100fb,
    0x0001204a,0x0001204b,0x000100fc,0x000100fd,0x0001204c,0x0001204d,0x000100fe,0x000100ff,
    0x0001204e,0x0001204f,0x00010100,0x00010101,0x00012050,0x00012051,0x00010102,0x00010103,
    0x00012052,0x00012053,0x00012054,0x00012055,0x00012056,0x00012057,0x00012058,0x00012059,
    0x0001205a,0x0001205b,0x0001205c,0x0001205d,0x0001205e,0x0001205f,0x00012000,0x00012001,
    0x00014010,0x00014011,0x00014012,0x00014013,0x00016004,0x00016005,0x00016000,0x00016001,
    0x0001801d,0x0001801e,0x00010104,0x00010105,0x0001801f,0x0001a001,0x00010106,0x00010107,
    0x00030108,0x00010109,0x0003010a,0x0001010b,0x0003010c,0x0001010d,0x0003010e,0x0001010f,
    0x00030110,0x00010111,0x00030112,0x00010113,0x00012002,0x00012003,0x00010114,0x00010115,
    0x00012004,0x00012005,0x00010116,0x00010117,0x00012006,0x00012007,0x00010118,0x00010119,
    0x00012008,0x00012009,0x0001011a,0x0001011b,0x0001200a,0x0001200b,0x0001011c,0x0001011d,
    0x0001200c,0x0001200d,0x0001011e,0x0001011f,0x0001200e,0x0001200f,0x00010120,0x00010121,
    0x00012010,0x00012011,0x00010122,0x00010123,0x00012012,0x00012013,0x00010124,0x00010125,
    0x00012014,0x00012015,0x00010126,0x00010127,0x00012016,0x00012017,0x00010128,0x00010129,
    0x00012018,0x00012019,0x0001201a,0x0001201b,0x0001201c,0x0001201d,0x0001201e,0x0001201f,
    0x00012020,0x00012021,0x00014014,0x00014015,0x00016002,0x00016003,0x00018020,0x00018021,
    0x00018022,0x00018023,0x00028024,0x0001012a,0x0001012b,0x00018025,0x00018026,0x0001012c,
    0x0001012d,0x00018027,0x00018028,0x0001012e,0x0001012f,0x00018029,0x0001802a,0x00010130,
    0x00010131,0x0001802b,0x0001802c,0x00010132,0x00010133,0x00012022,0x00012023,0x00010134,
    0x00010135,0x00012024,0x00012025,0x00010136,0x00010137,0x00012026,0x00012027,0x00010138,
    0x00010139,0x00012028,0x00012029,0x0001013a,0x0001013b,0x0001202a,0x0001202b,0x0001013c,
    0x0001013d,0x0001202c,0x0001202d,0x0001013e,0x0001013f,0x0001202e,0x0001202f,0x00010140,
    0x00010141,0x00012030,0x00012031,0x00010142,0x00010143,0x00012032,0x00012033,0x00010144,
    0x00010145,0x00012034,0x00012035,0x00010146,0x00010147,0x00012036,0x00012037,0x00010148,
    0x00010149,0x00012038,0x00012039,0x0001014a,0x0001014b,0x0001203a,0x0001203b,0x0001014c,
    0x0001014d,0x0001203c,0x0001203d,0x0001014e,0x0001014f,0x0001203e,0x0001203f,0x00010150,
    0x00010151,0x00012040,0x00012041,0x00010152,0x00010153,0x00012042,0x00012043,0x00010154,
    0x00010155,0x00012044,0x00012045,0x00010156,0x00010157,0x00012046,0x00012047,0x00010158,
    0x00010159,0x00012048,0x00012049,0x0001015a,0x0001015b,0x0001204a,0x0001204b,0x0001015c,
    0x0001015d,0x0001204c,0x0001204d,0x0001015e,0x0001015f,0x0001204e,0x0001204f,0x00010160,
    0x00010161,0x00012050,0x00012051,0x00010162,0x00010163,0x00012052,0x00012053,0x00012054,
    0x00012055,0x00012056,0x00012057,0x00012058,0x00012059,0x0001205a,0x0001205b,0x0001205c,
    0x0001205d,0x0001205e,0x0001205f,0x00014016,0x00014017,0x00016004,0x00016005,0x0001802d,
    0x0001802e,0x0001a002,0x0001802f,0x00010164,0x00010165,0x00030166,0x00010167,0x00030168,
    0x00010169,0x0003016a,0x0001016b,0x0003016c,0x0001016d,0x0003016e,0x0001016f,0x00030170,
    0x00010171,0x00030172,0x00010173,0x00030174,0x00010175,0x00030176,0x00010177,0x00018030,
    0x00018031,0x00010178,0x00010179,0x00018032,0x00018033,0x0001017a,0x0001017b,0x00018034,
    0x00018035,0x0001017c,0x0001017d,0x00018036,0x00018037,0x0001017e,0x0001017f,0x00018038,
    0x00018039,0x0002803a,0x0002803b,0x0002803c,0x0002803d,0x0002803e,0x0002803f,0x0001a003,
    0x00050000,0x00010001,0x00010002,0x00010003,0x00012000,0x00012001,0x00012002,0x00012003,
    0x00012004,0x00012005,0x00012006,0x00012007,0x00012008,0x00012009,0x0001200a,0x0001200b,
    0x0001200c,0x0001200d,0x0001200e,0x0001200f,0x00012010,0x00012011,0x00012012,0x00012013,
    0x00012014,0x00012015,0x00012016,0x00012017,0x00012018,0x00012019,0x0001201a,0x0001201b,
    0x0001201c,0x0001201d,0x0001201e,0x0001201f,0x00012000,0x00012001,0x00014000,0x00014000,
    0x00014001,0x00014001,0x00016000,0x00016001,0x00016000,0x00016001,0x00030004,0x00010005,
    0x00030006,0x00010007,0x00018000,0x00018001,0x00010008,0x00010009,0x00018002,0x00018003,
    0x0001000a,0x0001000b,0x00018004,0x00018005,0x0001000c,0x0001000d,0x00018006,0x00018007,
    0x0001000e,0x0001000f,0x00018008,0x00018009,0x00010000,0x00010001,0x0001800a,0x0001800b,
    0x00010002,0x00010003,0x00012002,0x00012003,0x00010004,0x00010005,0x00012004,0x00012005,
    0x00010006,0x00010007,0x00012006,0x00012007,0x00010008,0x00010009,0x00012008,0x00012009,
    0x0001000a,0x0001000b,0x0001200a,0x0001200b,0x0001000c,0x0001000d,0x0001200c,0x0001200d,
    0x0001000e,0x0001000f,0x0001200e,0x0001200f,0x00010010,0x00010011,0x00012010,0x00012011,
    0x00010012,0x00010013,0x00012012,0x00012013,0x00010014,0x00010015,0x00012014,0x00012015,
    0x00012016,0x00012017,0x00012018,0x00012019,0x0001201a,0x0001201b,0x0001201c,0x0001201d,
    0x0001201e,0x0001201f,0x00012000,0x00012001,0x00014002,0x00014002,0x00016000,0x00016001,
    0x0001800c,0x0001800d,0x0001a000,0x0001800e,0x0001800f,0x00028010,0x00010016,0x00010017,
    0x00018011,0x00018012,0x00010018,0x00010019,0x00018013,0x00018014,0x0001001a,0x0001001b,
    0x00018015,0x00018016,0x0001001c,0x0001001d,0x00018017,0x00018018,0x0001001e,0x0001001f,
    0x00018019,0x0001801a,0x00010010,0x00010011,0x0001801b,0x0001801c,0x00010012,0x00010013,
    0x00012002,0x00012003,0x00010014,0x00010015,0x00012004,0x00012005,0x00010016,0x00012006,
    0x00012007,0x00012008,0x00012009,0x0001200a,0x0001200b,0x0001200c,0x0001200d,0x0001200e,
    0x0001200f,0x00012010,0x00012011,0x00014003,0x00016000,0x0001801d,0x0001801e,0x0001801f,
    0x0001a001,0x00018020,0x00018021,0x00010017,0x00010018,0x00018022,0x00018023,0x00010019,
    0x0001001a,0x00018024,0x00018025,0x0001001b,0x0001001c,0x00018026,0x00018027,0x0001001d,
    0x0001001e,0x00018028,0x00018029,0x0001001f,0x00010020,0x0001802a,0x0001802b,0x00010021,
    0x00010022,0x0001802c,0x0001802d,0x00010023,0x00010024,0x00012012,0x00012013,0x00010025,
    0x00010026,0x00012014,0x00012015,0x00010027,0x00012016,0x00012017,0x00012018,0x00012019,
    0x0001201a,0x0001201b,0x0001201c,0x0001201d,0x0001201e,0x0001201f,0x00012000,0x00012001,
    0x00014003,0x00016001,0x0001802e,0x0001802f,0x0001a002,0x00018030,0x00018031,0x00028032,
    0x00010028,0x00010029,0x00018033,0x00018034,0x0001002a,0x0001002b,0x00018035,0x00018036,
    0x0001002c,0x0001002d,0x00018037,0x00018038,0x0001002e,0x0001002f,0x00018039,0x0001803a,
    0x00010020,0x00010021,0x0001803b,0x0001803c,0x00010022,0x00010023,0x00012002,0x00012003,
    0x00010024,0x00010025,0x00012004,0x00012005,0x00010026,0x00012006,0x00012007,0x00012008,
    0x00012009,0x0001200a,0x0001200b,0x0001200c,0x0001200d,0x0001200e,0x0001200f,0x00012010,
    0x00012011,0x0001803d,0x0001803e,0x0001803f,0x0001a003,0x00018040,0x00018041,0x00010027,
    0x00010028,0x00018042,0x00018043,0x00010029,0x0001002a,0x00018044,0x00018045,0x0001002b,
    0x0001002c,0x00018046,0x00018047,0x0001002d,0x0001002e,0x00018048,0x00018049,0x0001002f,
    0x00010030,0x0001804a,0x0001804b,0x00010031,0x00010032,0x0001804c,0x0001804d,0x00010033,
    0x00010034,0x00012012,0x00012013,0x00010035,0x00010036,0x00012014,0x00012015,0x00010037,
    0x00012016,0x00012017,0x00012018,0x00012019,0x0001201a,0x0001201b,0x0001201c,0x0001201d,
    0x0001201e,0x0001201f,0x0001804e,0x0001804f,0x0001a004,0x00018050,0x00018051,0x00028052,
    0x00010038,0x00010039,0x00018053,0x00018054,0x0001003a,0x0001003b,0x00018055,0x00018056,
    0x0001003c,0x0001003d,0x00018057,0x00018058,0x0001003e,0x0001003f,0x00018059,0x0001805a,
    0x00010030,0x00010031,0x0001805b,0x0001805c,0x00010032,0x00010033,0x0001805d,0x0001805e,
    0x00010034,0x00010035,0x0001805f,0x0001a005,0x00010036,0x00010037,0x00018060,0x00018061,
    0x00010038,0x00010039,0x00018062,0x00018063,0x0001003a,0x0001003b,0x00018064,0x00018065,
    0x0001003c,0x0001003d,0x00018066,0x00018067,0x0001003e,0x0001003f,0x00018068,0x00018069,
    0x0001806a,0x0001806b,0x0002806c,0x0002806d,0x0002806e,0x0002a006,0x0001806f,0x00018070,
    0x00028071,0x00028072,0x00028073,0x00028074,0x00028075,0x00028076,0x00028077,0x00028078,
    0x00028079,0x0002807a,0x0002807b,0x0002807c,0x0002807d,0x0002807e,0x0002807f,0x0001a007,
    0x00050000,0x00010001,0x00010002,0x00010003,0x00012000,0x00012001,0x00012002,0x00012003,
    0x00012004,0x00012005,0x00012006,0x00012007,0x00012008,0x00012009,0x0001200a,0x0001200b,
    0x0001200c,0x0001200d,0x0001200e,0x0001200f,0x00012010,0x00012011,0x00012012,0x00012013,
    0x00012014,0x00012015,0x00012016,0x00012017,0x00012018,0x00012019,0x0001201a,0x0001201b,
    0x0001201c,0x0001201d,0x0001201e,0x0001201f,0x00012020,0x00012021,0x00014000,0x00014001,
    0x00014000,0x00014001,0x00016000,0x00016001,0x00016002,0x00016003,0x00030004,0x00010005,
    0x00030006,0x00010007,0x00030008,0x00010009,0x0003000a,0x0001000b,0x0003000c,0x0001000d,
    0x0003000e,0x0001000f,0x00030010,0x00010011,0x00030012,0x00010013,0x00012022,0x00012023,
    0x00010014,0x00010015,0x00012024,0x00012025,0x00010016,0x00010017,0x00012026,0x00012027,
    0x00010018,0x00010019,0x00012028,0x00012029,0x0001001a,0x0001001b,0x0001202a,0x0001202b,
    0x0001001c,0x0001001d,0x0001202c,0x0001202d,0x0001001e,0x0001001f,0x0001202e,0x0001202f,
    0x00010000,0x00010001,0x00012030,0x00012031,0x00010002,0x00010003,0x00012032,0x00012033,
    0x00010004,0x00010005,0x00012034,0x00012035,0x00010006,0x00010007,0x00012036,0x00012037,
    0x00010008,0x00010009,0x00012038,0x00012039,0x0001203a,0x0001203b,0x0001203c,0x0001203d,
    0x0001203e,0x0001203f,0x00012000,0x00012001,0x00014002,0x00014003,0x00016000,0x00016001,
    0x00018000,0x00018001,0x00018002,0x00018003,0x00028004,0x0001000a,0x0001000b,0x00018005,
    0x00018006,0x0001000c,0x0001000d,0x00018007,0x00018008,0x0001000e,0x0001000f,0x00018009,
    0x0001800a,0x00010010,0x00010011,0x0001800b,0x0001800c,0x00010012,0x00010013,0x00012002,
    0x00012003,0x00010014,0x00010015,0x00012004,0x00012005,0x00010016,0x00010017,0x00012006,
    0x00012007,0x00010018,0x00010019,0x00012008,0x00012009,0x0001001a,0x0001001b,0x0001200a,
    0x0001200b,0x0001001c,0x0001001d,0x0001200c,0x0001200d,0x0001001e,0x0001001f,0x0001200e,
    0x0001200f,0x00010020,0x00010021,0x00012010,0x00012011,0x00010022,0x00010023,0x00012012,
    0x00012013,0x00010024,0x00010025,0x00012014,0x00012015,0x00010026,0x00012016,0x00012017,
    0x00012018,0x00012019,0x0001201a,0x0001201b,0x0001201c,0x0001201d,0x0001201e,0x0001201f,
    0x00012020,0x00012021,0x00014002,0x00014003,0x00016002,0x00016003,0x0001800d,0x0001800e,
    0x0001a000,0x0001800f,0x00018010,0x00028011,0x00010027,0x00010028,0x00018012,0x00018013,
    0x00010029,0x0001002a,0x00018014,0x00018015,0x0001002b,0x0001002c,0x00018016,0x00018017,
    0x0001002d,0x0001002e,0x00018018,0x00018019,0x0001002f,0x00010030,0x0001801a,0x0001801b,
    0x00010031,0x00010032,0x0001801c,0x0001801d,0x00010033,0x00010034,0x00012022,0x00012023,
    0x00010035,0x00010036,0x00012024,0x00012025,0x00010037,0x00010038,0x00012026,0x00012027,
    0x00010039,0x0001003a,0x00012028,0x00012029,0x0001003b,0x0001003c,0x0001202a,0x0001202b,
    0x0001003d,0x0001003e,0x0001202c,0x0001202d,0x0001003f,0x00010020,0x0001202e,0x0001202f,
    0x00010021,0x00010022,0x00012030,0x00012031,0x00010023,0x00010024,0x00012032,0x00012033,
    0x00010025,0x00010026,0x00012034,0x00012035,0x00010027,0x00012036,0x00012037,0x00012038,
    0x00012039,0x0001203a,0x0001203b,0x0001203c,0x0001203d,0x0001203e,0x0001203f,0x00012000,
    0x00012001,0x00014004,0x00014005,0x00016000,0x00016001,0x0001801e,0x0001801f,0x0001a001,
    0x00018020,0x00018021,0x00028022,0x00010028,0x00010029,0x00018023,0x00018024,0x0001002a,
    0x0001002b,0x00018025,0x00018026,0x0001002c,0x0001002d,0x00018027,0x00018028,0x0001002e,
    0x0001002f,0x00018029,0x0001802a,0x00010030,0x00010031,0x0001802b,0x0001802c,0x00010032,
    0x00010033,0x00012002,0x00012003,0x00010034,0x00010035,0x00012004,0x00012005,0x00010036,
    0x00010037,0x00012006,0x00012007,0x00010038,0x00010039,0x00012008,0x00012009,0x0001003a,
    0x0001003b,0x0001200a,0x0001200b,0x0001003c,0x0001003d,0x0001200c,0x0001200d,0x0001003e,
    0x0001003f,0x0001200e,0x0001200f,0x00010040,0x00010041,0x00012010,0x00012011,0x00010042,
    0x00010043,0x00012012,0x00012013,0x00010044,0x00010045,0x00012014,0x00012015,0x00010046,
    0x00012016,0x00012017,0x00012018,0x00012019,0x0001201a,0x0001201b,0x0001201c,0x0001201d,
    0x0001201e,0x0001201f,0x00012020,0x00012021,0x00014004,0x00014005,0x00016002,0x00016003,
    0x0001802d,0x0001802e,0x0001802f,0x0001a002,0x00018030,0x00018031,0x00010047,0x00010048,
    0x00018032,0x00018033,0x00010049,0x0001004a,0x00018034,0x00018035,0x0001004b,0x0001004c,
    0x00018036,0x00018037,0x0001004d,0x0001004e,0x00018038,0x00018039,0x0001004f,0x00010050,
    0x0001803a,0x0001803b,0x00010051,0x00010052,0x0001803c,0x0001803d,0x00010053,0x00010054,
    0x00012022,0x00012023,0x00010055,0x00010056,0x00012024,0x00012025,0x00010057,0x00010058,
    0x00012026,0x00012027,0x00010059,0x0001005a,0x00012028,0x00012029,0x0001005b,0x0001005c,
    0x0001202a,0x0001202b,0x0001005d,0x0001005e,0x0001202c,0x0001202d,0x0001005f,0x00010040,
    0x0001202e,0x0001202f,0x00010041,0x00010042,0x00012030,0x00012031,0x00010043,0x00010044,
    0x00012032,0x00012033,0x00010045,0x00010046,0x00012034,0x00012035,0x00010047,0x00012036,
    0x00012037,0x00012038,0x00012039,0x0001203a,0x0001203b,0x0001203c,0x0001203d,0x0001203e,
    0x0001203f,0x00012000,0x00012001,0x00014006,0x00014007,0x00016000,0x00016001,0x0001803e,
    0x0001803f,0x0001a003,0x00018040,0x00018041,0x00028042,0x00010048,0x00010049,0x00018043,
    0x00018044,0x0001004a,0x0001004b,0x00018045,0x00018046,0x0001004c,0x0001004d,0x00018047,
    0x00018048,0x0001004e,0x0001004f,0x00018049,0x0001804a,0x00010050,0x00010051,0x0001804b,
    0x0001804c,0x00010052,0x00010053,0x00012002,0x00012003,0x00010054,0x00010055,0x00012004,
    0x00012005,0x00010056,0x00010057,0x00012006,0x00012007,0x00010058,0x00010059,0x00012008,
    0x00012009,0x0001005a,0x0001005b,0x0001200a,0x0001200b,0x0001005c,0x0001005d,0x0001200c,
    0x0001200d,0x0001005e,0x0001005f,0x0001200e,0x0001200f,0x00010060,0x00010061,0x00012010,
    0x00012011,0x00010062,0x00010063,0x00012012,0x00012013,0x00010064,0x00010065,0x00012014,
    0x00012015,0x00010066,0x00012016,0x00012017,0x00012018,0x00012019,0x0001201a,0x0001201b,
    0x0001201c,0x0001201d,0x0001201e,0x0001201f,0x00012020,0x00012021,0x00014006,0x00014007,
    0x00016002,0x00016003,0x0001804d,0x0001804e,0x0001804f,0x0001a004,0x00018050,0x00018051,
    0x00010067,0x00010068,0x00018052,0x00018053,0x00010069,0x0001006a,0x00018054,0x00018055,
    0x0001006b,0x0001006c,0x00018056,0x00018057,0x0001006d,0x0001006e,0x00018058,0x00018059,
    0x0001006f,0x00010070,0x0001805a,0x0001805b,0x00010071,0x00010072,0x0001805c,0x0001805d,
    0x00010073,0x00010074,0x00012022,0x00012023,0x00010075,0x00010076,0x00012024,0x00012025,
    0x00010077,0x00010078,0x00012026,0x00012027,0x00010079,0x0001007a,0x00012028,0x00012029,
    0x0001007b,0x0001007c,0x0001202a,0x0001202b,0x0001007d,0x0001007e,0x0001202c,0x0001202d,
    0x0001007f,0x00010060,0x0001202e,0x0001202f,0x00010061,0x00010062,0x00012030,0x00012031,
    0x00010063,0x00010064,0x00012032,0x00012033,0x00010065,0x00010066,0x00012034,0x00012035,
    0x00010067,0x00012036,0x00012037,0x00012038,0x00012039,0x0001203a,0x0001203b,0x0001203c,
    0x0001203d,0x0001203e,0x0001203f,0x0001805e,0x0001805f,0x0001a005,0x00018060,0x00018061,
    0x00028062,0x00010068,0x00010069,0x00018063,0x00018064,0x0001006a,0x0001006b,0x00018065,
    0x00018066,0x0001006c,0x0001006d,0x00018067,0x00018068,0x0001006e,0x0001006f,0x00018069,
    0x0001806a,0x00010070,0x00010071,0x0001806b,0x0001806c,0x00010072,0x00010073,0x0001806d,
    0x0001806e,0x00010074,0x00010075,0x0001806f,0x0001a006,0x00010076,0x00010077,0x00018070,
    0x00018071,0x00010078,0x00010079,0x00018072,0x00018073,0x0001007a,0x0001007b,0x00018074,
    0x00018075,0x0001007c,0x0001007d,0x00018076,0x00018077,0x0001007e,0x0001007f,0x00018078,
    0x00018079,0x0002807a,0x0002807b,0x0002807c,0x0002807d,0x0002807e,0x0002a007,0x0001807f,
    0x00050000,0x00010001,0x00010002,0x00010003,0x00012000,0x00012001,0x00012002,0x00012003,
    0x00012004,0x00012005,0x00012006,0x00012007,0x00012008,0x00012009,0x0001200a,0x0001200b,
    0x0001200c,0x0001200d,0x0001200e,0x0001200f,0x00012010,0x00012011,0x00012012,0x00012013,
    0x00012014,0x00012015,0x00012016,0x00012017,0x00012018,0x00012019,0x0001201a,0x0001201b,
    0x0001201c,0x0001201d,0x0001201e,0x0001201f,0x00012020,0x00012021,0x00014000,0x00014001,
    0x00014002,0x00014000,0x00016000,0x00016001,0x00016002,0x00016003,0x00030004,0x00010005,
    0x00030006,0x00010007,0x00030008,0x00010009,0x0003000a,0x0001000b,0x0003000c,0x0001000d,
    0x0003000e,0x0001000f,0x00030010,0x00010011,0x00030012,0x00010013,0x00012022,0x00012023,
    0x00010014,0x00010015,0x00012024,0x00012025,0x00010016,0x00010017,0x00012026,0x00012027,
    0x00010018,0x00010019,0x00012028,0x00012029,0x0001001a,0x0001001b,0x0001202a,0x0001202b,
    0x0001001c,0x0001001d,0x0001202c,0x0001202d,0x0001001e,0x0001001f,0x0001202e,0x0001202f,
    0x00010020,0x00010021,0x00012030,0x00012031,0x00010022,0x00010023,0x00012032,0x00012033,
    0x00010024,0x00010025,0x00012034,0x00012035,0x00010026,0x00010027,0x00012036,0x00012037,
    0x00010028,0x00010029,0x00012038,0x00012039,0x0001002a,0x0001002b,0x0001203a,0x0001203b,
    0x0001002c,0x0001002d,0x0001203c,0x0001203d,0x0001002e,0x0001002f,0x0001203e,0x0001203f,
    0x00010000,0x00010001,0x00012040,0x00012041,0x00010002,0x00010003,0x00012042,0x00012043,
    0x00010004,0x00010005,0x00012044,0x00012045,0x00010006,0x00010007,0x00012046,0x00012047,
    0x00010008,0x00010009,0x00012048,0x00012049,0x0001204a,0x0001204b,0x0001204c,0x0001204d,
    0x0001204e,0x0001204f,0x00012050,0x00012051,0x00014001,0x00014002,0x00014003,0x00016004,
    0x00016005,0x00016000,0x00018000,0x00018001,0x00018002,0x00018003,0x00028004,0x0001000a,
    0x0001000b,0x00018005,0x00018006,0x0001000c,0x0001000d,0x00018007,0x00018008,0x0001000e,
    0x0001000f,0x00018009,0x0001800a,0x00010010,0x00010011,0x0001800b,0x0001800c,0x00010012,
    0x00010013,0x00012052,0x00012053,0x00010014,0x00010015,0x00012054,0x00012055,0x00010016,
    0x00010017,0x00012056,0x00012057,0x00010018,0x00010019,0x00012058,0x00012059,0x0001001a,
    0x0001001b,0x0001205a,0x0001205b,0x0001001c,0x0001001d,0x0001205c,0x0001205d,0x0001001e,
    0x0001001f,0x0001205e,0x0001205f,0x00010020,0x00010021,0x00012000,0x00012001,0x00010022,
    0x00010023,0x00012002,0x00012003,0x00010024,0x00010025,0x00012004,0x00012005,0x00010026,
    0x00010027,0x00012006,0x00012007,0x00010028,0x00010029,0x00012008,0x00012009,0x0001002a,
    0x0001002b,0x0001200a,0x0001200b,0x0001002c,0x0001002d,0x0001200c,0x0001200d,0x0001002e,
    0x0001002f,0x0001200e,0x0001200f,0x00010030,0x00010031,0x00012010,0x00012011,0x00010032,
    0x00010033,0x00012012,0x00012013,0x00010034,0x00010035,0x00012014,0x00012015,0x00010036,
    0x00012016,0x00012017,0x00012018,0x00012019,0x0001201a,0x0001201b,0x0001201c,0x0001201d,
    0x0001201e,0x0001201f,0x00012020,0x00012021,0x00014004,0x00014005,0x00014003,0x00016001,
    0x00016002,0x00016003,0x0001800d,0x0001800e,0x0001a000,0x0001800f,0x00018010,0x00028011,
    0x00010037,0x00010038,0x00018012,0x00018013,0x00010039,0x0001003a,0x00018014,0x00018015,
    0x0001003b,0x0001003c,0x00018016,0x00018017,0x0001003d,0x0001003e,0x00018018,0x00018019,
    0x0001003f,0x00010040,0x0001801a,0x0001801b,0x00010041,0x00010042,0x0001801c,0x0001801d,
    0x00010043,0x00010044,0x00012022,0x00012023,0x00010045,0x00010046,0x00012024,0x00012025,
    0x00010047,0x00010048,0x00012026,0x00012027,0x00010049,0x0001004a,0x00012028,0x00012029,
    0x0001004b,0x0001004c,0x0001202a,0x0001202b,0x0001004d,0x0001004e,0x0001202c,0x0001202d,
    0x0001004f,0x00010050,0x0001202e,0x0001202f,0x00010051,0x00010052,0x00012030,0x00012031,
    0x00010053,0x00010054,0x00012032,0x00012033,0x00010055,0x00010056,0x00012034,0x00012035,
    0x00010057,0x00010058,0x00012036,0x00012037,0x00010059,0x0001005a,0x00012038,0x00012039,
    0x0001005b,0x0001005c,0x0001203a,0x0001203b,0x0001005d,0x0001005e,0x0001203c,0x0001203d,
    0x0001005f,0x00010030,0x0001203e,0x0001203f,0x00010031,0x00010032,0x00012040,0x00012041,
    0x00010033,0x00010034,0x00012042,0x00012043,0x00010035,0x00010036,0x00012044,0x00012045,
    0x00010037,0x00012046,0x00012047,0x00012048,0x00012049,0x0001204a,0x0001204b,0x0001204c,
    0x0001204d,0x0001204e,0x0001204f,0x00012050,0x00012051,0x00014004,0x00014005,0x00014006,
    0x00016004,0x00016005,0x00016000,0x0001801e,0x0001801f,0x0001a001,0x00018020,0x00018021,
    0x00028022,0x00010038,0x00010039,0x00018023,0x00018024,0x0001003a,0x0001003b,0x00018025,
    0x00018026,0x0001003c,0x0001003d,0x00018027,0x00018028,0x0001003e,0x0001003f,0x00018029,
    0x0001802a,0x00010040,0x00010041,0x0001802b,0x0001802c,0x00010042,0x00010043,0x00012052,
    0x00012053,0x00010044,0x00010045,0x00012054,0x00012055,0x00010046,0x00010047,0x00012056,
    0x00012057,0x00010048,0x00010049,0x00012058,0x00012059,0x0001004a,0x0001004b,0x0001205a,
    0x0001205b,0x0001004c,0x0001004d,0x0001205c,0x0001205d,0x0001004e,0x0001004f,0x0001205e,
    0x0001205f,0x00010050,0x00010051,0x00012000,0x00012001,0x00010052,0x00010053,0x00012002,
    0x00012003,0x00010054,0x00010055,0x00012004,0x00012005,0x00010056,0x00010057,0x00012006,
    0x00012007,0x00010058,0x00010059,0x00012008,0x00012009,0x0001005a,0x0001005b,0x0001200a,
    0x0001200b,0x0001005c,0x0001005d,0x0001200c,0x0001200d,0x0001005e,0x0001005f,0x0001200e,
    0x0001200f,0x00010060,0x00010061,0x00012010,0x00012011,0x00010062,0x00010063,0x00012012,
    0x00012013,0x00010064,0x00010065,0x00012014,0x00012015,0x00010066,0x00012016,0x00012017,
    0x00012018,0x00012019,0x0001201a,0x0001201b,0x0001201c,0x0001201d,0x0001201e,0x0001201f,
    0x00012020,0x00012021,0x00014007,0x00014008,0x00014006,0x00016001,0x00016002,0x00016003,
    0x0001802d,0x0001802e,0x0001802f,0x0001a002,0x00018030,0x00018031,0x00010067,0x00010068,
    0x00018032,0x00018033,0x00010069,0x0001006a,0x00018034,0x00018035,0x0001006b,0x0001006c,
    0x00018036,0x00018037,0x0001006d,0x0001006e,0x00018038,0x00018039,0x0001006f,0x00010070,
    0x0001803a,0x0001803b,0x00010071,0x00010072,0x0001803c,0x0001803d,0x00010073,0x00010074,
    0x00012022,0x00012023,0x00010075,0x00010076,0x00012024,0x00012025,0x00010077,0x00010078,
    0x00012026,0x00012027,0x00010079,0x0001007a,0x00012028,0x00012029,0x0001007b,0x0001007c,
    0x0001202a,0x0001202b,0x0001007d,0x0001007e,0x0001202c,0x0001202d,0x0001007f,0x00010080,
    0x0001202e,0x0001202f,0x00010081,0x00010082,0x00012030,0x00012031,0x00010083,0x00010084,
    0x00012032,0x00012033,0x00010085,0x00010086,0x00012034,0x00012035,0x00010087,0x00010088,
    0x00012036,0x00012037,0x00010089,0x0001008a,0x00012038,0x00012039,0x0001008b,0x0001008c,
    0x0001203a,0x0001203b,0x0001008d,0x0001008e,0x0001203c,0x0001203d,0x0001008f,0x00010060,
    0x0001203e,0x0001203f,0x00010061,0x00010062,0x00012040,0x00012041,0x00010063,0x00010064,
    0x00012042,0x00012043,0x00010065,0x00010066,0x00012044,0x00012045,0x00010067,0x00012046,
    0x00012047,0x00012048,0x00012049,0x0001204a,0x0001204b,0x0001204c,0x0001204d,0x0001204e,
    0x0001204f,0x00012050,0x00012051,0x00014007,0x00014008,0x00014009,0x00016004,0x00016005,
    0x00016000,0x0001803e,0x0001803f,0x0001a003,0x00018040,0x00018041,0x00028042,0x00010068,
    0x00010069,0x00018043,0x00018044,0x0001006a,0x0001006b,0x00018045,0x00018046,0x0001006c,
    0x0001006d,0x00018047,0x00018048,0x0001006e,0x0001006f,0x00018049,0x0001804a,0x00010070,
    0x00010071,0x0001804b,0x0001804c,0x00010072,0x00010073,0x00012052,0x00012053,0x00010074,
    0x00010075,0x00012054,0x00012055,0x00010076,0x00010077,0x00012056,0x00012057,0x00010078,
    0x00010079,0x00012058,0x00012059,0x0001007a,0x0001007b,0x0001205a,0x0001205b,0x0001007c,
    0x0001007d,0x0001205c,0x0001205d,0x0001007e,0x0001007f,0x0001205e,0x0001205f,0x00010080,
    0x00010081,0x00012000,0x00012001,0x00010082,0x00010083,0x00012002,0x00012003,0x00010084,
    0x00010085,0x00012004,0x00012005,0x00010086,0x00010087,0x00012006,0x00012007,0x00010088,
    0x00010089,0x00012008,0x00012009,0x0001008a,0x0001008b,0x0001200a,0x0001200b,0x0001008c,
    0x0001008d,0x0001200c,0x0001200d,0x0001008e,0x0001008f,0x0001200e,0x0001200f,0x00010090,
    0x00010091,0x00012010,0x00012011,0x00010092,0x00010093,0x00012012,0x00012013,0x00010094,
    0x00010095,0x00012014,0x00012015,0x00010096,0x00012016,0x00012017,0x00012018,0x00012019,
    0x0001201a,0x0001201b,0x0001201c,0x0001201d,0x0001201e,0x0001201f,0x00012020,0x00012021,
    0x0001400a,0x0001400b,0x00014009,0x00016001,0x00016002,0x00016003,0x0001804d,0x0001804e,
    0x0001804f,0x0001a004,0x00018050,0x00018051,0x00010097,0x00010098,0x00018052,0x00018053,
    0x00010099,0x0001009a,0x00018054,0x00018055,0x0001009b,0x0001009c,0x00018056,0x00018057,
    0x0001009d,0x0001009e,0x00018058,0x00018059,0x0001009f,0x000100a0,0x0001805a,0x0001805b,
    0x000100a1,0x000100a2,0x0001805c,0x0001805d,0x000100a3,0x000100a4,0x00012022,0x00012023,
    0x000100a5,0x000100a6,0x00012024,0x00012025,0x000100a7,0x000100a8,0x00012026,0x00012027,
    0x000100a9,0x000100aa,0x00012028,0x00012029,0x000100ab,0x000100ac,0x0001202a,0x0001202b,
    0x000100ad,0x000100ae,0x0001202c,0x0001202d,0x000100af,0x000100b0,0x0001202e,0x0001202f,
    0x000100b1,0x000100b2,0x00012030,0x00012031,0x000100b3,0x000100b4,0x00012032,0x00012033,
    0x000100b5,0x000100b6,0x00012034,0x00012035,0x000100b7,0x000100b8,0x00012036,0x00012037,
    0x000100b9,0x000100ba,0x00012038,0x00012039,0x000100bb,0x000100bc,0x0001203a,0x0001203b,
    0x000100bd,0x000100be,0x0001203c,0x0001203d,0x000100bf,0x00010090,0x0001203e,0x0001203f,
    0x00010091,0x00010092,0x00012040,0x00012041,0x00010093,0x00010094,0x00012042,0x00012043,
    0x00010095,0x00010096,0x00012044,0x00012045,0x00010097,0x00012046,0x00012047,0x00012048,
    0x00012049,0x0001204a,0x0001204b,0x0001204c,0x0001204d,0x0001204e,0x0001204f,0x00012050,
    0x00012051,0x0001400a,0x0001400b,0x00016004,0x00016005,0x0001805e,0x0001805f,0x0001a005,
    0x00018060,0x00018061,0x00028062,0x00010098,0x00010099,0x00018063,0x00018064,0x0001009a,
    0x0001009b,0x00018065,0x00018066,0x0001009c,0x0001009d,0x00018067,0x00018068,0x0001009e,
    0x0001009f,0x00018069,0x0001806a,0x000100a0,0x000100a1,0x0001806b,0x0001806c,0x000100a2,
    0x000100a3,0x00012052,0x00012053,0x000100a4,0x000100a5,0x00012054,0x00012055,0x000100a6,
    0x000100a7,0x00012056,0x00012057,0x000100a8,0x000100a9,0x00012058,0x00012059,0x000100aa,
    0x000100ab,0x0001205a,0x0001205b,0x000100ac,0x000100ad,0x0001205c,0x0001205d,0x000100ae,
    0x000100af,0x0001205e,0x0001205f,0x000100b0,0x000100b1,0x0001806d,0x0001806e,0x000100b2,
    0x000100b3,0x0001806f,0x0001a006,0x000100b4,0x000100b5,0x000300b6,0x000100b7,0x00018070,
    0x00018071,0x000100b8,0x000100b9,0x00018072,0x00018073,0x000100ba,0x000100bb,0x00018074,
    0x00018075,0x000100bc,0x000100bd,0x00018076,0x00018077,0x000100be,0x000100bf,0x00018078,
    0x00018079,0x0002807a,0x0002807b,0x0002807c,0x0002807d,0x0002807e,0x0002a007,0x0001807f,
    0x00050000,0x00010001,0x00010002,0x00010003,0x00012000,0x00012001,0x00012002,0x00012003,
    0x00012004,0x00012005,0x00012006,0x00012007,0x00012008,0x00012009,0x0001200a,0x0001200b,
    0x0001200c,0x0001200d,0x0001200e,0x0001200f,0x00012010,0x00012011,0x00012012,0x00012013,
    0x00012014,0x00012015,0x00012016,0x00012017,0x00012018,0x00012019,0x0001201a,0x0001201b,
    0x0001201c,0x0001201d,0x0001201e,0x0001201f,0x00012020,0x00012021,0x00014000,0x00014001,
    0x00014002,0x00014003,0x00016000,0x00016001,0x00016002,0x00016003,0x00030004,0x00010005,
    0x00030006,0x00010007,0x00030008,0x00010009,0x0003000a,0x0001000b,0x0003000c,0x0001000d,
    0x0003000e,0x0001000f,0x00030010,0x00010011,0x00030012,0x00010013,0x00012022,0x00012023,
    0x00010014,0x00010015,0x00012024,0x00012025,0x00010016,0x00010017,0x00012026,0x00012027,
    0x00010018,0x00010019,0x00012028,0x00012029,0x0001001a,0x0001001b,0x0001202a,0x0001202b,
    0x0001001c,0x0001001d,0x0001202c,0x0001202d,0x0001001e,0x0001001f,0x0001202e,0x0001202f,
    0x00010020,0x00010021,0x00012030,0x00012031,0x00010022,0x00010023,0x00012032,0x00012033,
    0x00010024,0x00010025,0x00012034,0x00012035,0x00010026,0x00010027,0x00012036,0x00012037,
    0x00010028,0x00010029,0x00012038,0x00012039,0x0001002a,0x0001002b,0x0001203a,0x0001203b,
    0x0001002c,0x0001002d,0x0001203c,0x0001203d,0x0001002e,0x0001002f,0x0001203e,0x0001203f,
    0x00010030,0x00010031,0x00012040,0x00012041,0x00010032,0x00010033,0x00012042,0x00012043,
    0x00010034,0x00010035,0x00012044,0x00012045,0x00010036,0x00010037,0x00012046,0x00012047,
    0x00010038,0x00010039,0x00012048,0x00012049,0x0001003a,0x0001003b,0x0001204a,0x0001204b,
    0x0001003c,0x0001003d,0x0001204c,0x0001204d,0x0001003e,0x0001003f,0x0001204e,0x0001204f,
    0x00010000,0x00010001,0x00012050,0x00012051,0x00010002,0x00010003,0x00012052,0x00012053,
    0x00012054,0x00012055,0x00012056,0x00012057,0x00012058,0x00012059,0x0001205a,0x0001205b,
    0x0001205c,0x0001205d,0x0001205e,0x0001205f,0x00012060,0x00012061,0x00014000,0x00014001,
    0x00014002,0x00014003,0x00016004,0x00016005,0x00016006,0x00016007,0x00018000,0x00018001,
    0x00010004,0x00010005,0x00018002,0x00018003,0x00010006,0x00010007,0x00018004,0x00018005,
    0x00010008,0x00010009,0x00018006,0x00018007,0x0001000a,0x0001000b,0x00018008,0x00018009,
    0x0001000c,0x0001000d,0x0001800a,0x0001800b,0x0001000e,0x0001000f,0x0001800c,0x0001800d,
    0x00010010,0x00010011,0x0001800e,0x0001a000,0x00010012,0x00010013,0x00012062,0x00012063,
    0x00010014,0x00010015,0x00012064,0x00012065,0x00010016,0x00010017,0x00012066,0x00012067,
    0x00010018,0x00010019,0x00012068,0x00012069,0x0001001a,0x0001001b,0x0001206a,0x0001206b,
    0x0001001c,0x0001001d,0x0001206c,0x0001206d,0x0001001e,0x0001001f,0x0001206e,0x0001206f,
    0x00010020,0x00010021,0x00012070,0x00012071,0x00010022,0x00010023,0x00012072,0x00012073,
    0x00010024,0x00010025,0x00012074,0x00012075,0x00010026,0x00010027,0x00012076,0x00012077,
    0x00010028,0x00010029,0x00012078,0x00012079,0x0001002a,0x0001002b,0x0001207a,0x0001207b,
    0x0001002c,0x0001002d,0x0001207c,0x0001207d,0x0001002e,0x0001002f,0x0001207e,0x0001207f,
    0x00010030,0x00010031,0x00012000,0x00012001,0x00010032,0x00010033,0x00012002,0x00012003,
    0x00010034,0x00010035,0x00012004,0x00012005,0x00010036,0x00010037,0x00012006,0x00012007,
    0x00010038,0x00010039,0x00012008,0x00012009,0x0001003a,0x0001003b,0x0001200a,0x0001200b,
    0x0001003c,0x0001003d,0x0001200c,0x0001200d,0x0001003e,0x0001003f,0x0001200e,0x0001200f,
    0x00010040,0x00010041,0x00012010,0x00012011,0x00010042,0x00010043,0x00012012,0x00012013,
    0x00012014,0x00012015,0x00012016,0x00012017,0x00012018,0x00012019,0x0001201a,0x0001201b,
    0x0001201c,0x0001201d,0x0001201e,0x0001201f,0x00012020,0x00012021,0x00014004,0x00014005,
    0x00014006,0x00014007,0x00016000,0x00016001,0x00016002,0x00016003,0x0001800f,0x00018010,
    0x00010044,0x00010045,0x00018011,0x00018012,0x00010046,0x00010047,0x00018013,0x00018014,
    0x00010048,0x00010049,0x00018015,0x00018016,0x0001004a,0x0001004b,0x00018017,0x00018018,
    0x0001004c,0x0001004d,0x00018019,0x0001801a,0x0001004e,0x0001004f,0x0001801b,0x0001801c,
    0x00010050,0x00010051,0x0001801d,0x0001801e,0x00010052,0x00010053,0x00012022,0x00012023,
    0x00010054,0x00010055,0x00012024,0x00012025,0x00010056,0x00010057,0x00012026,0x00012027,
    0x00010058,0x00010059,0x00012028,0x00012029,0x0001005a,0x0001005b,0x0001202a,0x0001202b,
    0x0001005c,0x0001005d,0x0001202c,0x0001202d,0x0001005e,0x0001005f,0x0001202e,0x0001202f,
    0x00010060,0x00010061,0x00012030,0x00012031,0x00010062,0x00010063,0x00012032,0x00012033,
    0x00010064,0x00010065,0x00012034,0x00012035,0x00010066,0x00010067,0x00012036,0x00012037,
    0x00010068,0x00010069,0x00012038,0x00012039,0x0001006a,0x0001006b,0x0001203a,0x0001203b,
    0x0001006c,0x0001006d,0x0001203c,0x0001203d,0x0001006e,0x0001006f,0x0001203e,0x0001203f,
    0x00010070,0x00010071,0x00012040,0x00012041,0x00010072,0x00010073,0x00012042,0x00012043,
    0x00010074,0x00010075,0x00012044,0x00012045,0x00010076,0x00010077,0x00012046,0x00012047,
    0x00010078,0x00010079,0x00012048,0x00012049,0x0001007a,0x0001007b,0x0001204a,0x0001204b,
    0x0001007c,0x0001007d,0x0001204c,0x0001204d,0x0001007e,0x0001007f,0x0001204e,0x0001204f,
    0x00010040,0x00010041,0x00012050,0x00012051,0x00010042,0x00010043,0x00012052,0x00012053,
    0x00012054,0x00012055,0x00012056,0x00012057,0x00012058,0x00012059,0x0001205a,0x0001205b,
    0x0001205c,0x0001205d,0x0001205e,0x0001205f,0x00012060,0x00012061,0x00014004,0x00014005,
    0x00014006,0x00014007,0x00016004,0x00016005,0x00016006,0x00016007,0x0001801f,0x0001a001,
    0x00010044,0x00010045,0x00018020,0x00018021,0x00010046,0x00010047,0x00018022,0x00018023,
    0x00010048,0x00010049,0x00018024,0x00018025,0x0001004a,0x0001004b,0x00018026,0x00018027,
    0x0001004c,0x0001004d,0x00018028,0x00018029,0x0001004e,0x0001004f,0x0001802a,0x0001802b,
    0x00010050,0x00010051,0x0001802c,0x0001802d,0x00010052,0x00010053,0x00012062,0x00012063,
    0x00010054,0x00010055,0x00012064,0x00012065,0x00010056,0x00010057,0x00012066,0x00012067,
    0x00010058,0x00010059,0x00012068,0x00012069,0x0001005a,0x0001005b,0x0001206a,0x0001206b,
    0x0001005c,0x0001005d,0x0001206c,0x0001206d,0x0001005e,0x0001005f,0x0001206e,0x0001206f,
    0x00010060,0x00010061,0x00012070,0x00012071,0x00010062,0x00010063,0x00012072,0x00012073,
    0x00010064,0x00010065,0x00012074,0x00012075,0x00010066,0x00010067,0x00012076,0x00012077,
    0x00010068,0x00010069,0x00012078,0x00012079,0x0001006a,0x0001006b,0x0001207a,0x0001207b,
    0x0001006c,0x0001006d,0x0001207c,0x0001207d,0x0001006e,0x0001006f,0x0001207e,0x0001207f,
    0x00010070,0x00010071,0x00012000,0x00012001,0x00010072,0x00010073,0x00012002,0x00012003,
    0x00010074,0x00010075,0x00012004,0x00012005,0x00010076,0x00010077,0x00012006,0x00012007,
    0x00010078,0x00010079,0x00012008,0x00012009,0x0001007a,0x0001007b,0x0001200a,0x0001200b,
    0x0001007c,0x0001007d,0x0001200c,0x0001200d,0x0001007e,0x0001007f,0x0001200e,0x0001200f,
    0x00010080,0x00010081,0x00012010,0x00012011,0x00010082,0x00010083,0x00012012,0x00012013,
    0x00012014,0x00012015,0x00012016,0x00012017,0x00012018,0x00012019,0x0001201a,0x0001201b,
    0x0001201c,0x0001201d,0x0001201e,0x0001201f,0x00012020,0x00012021,0x00014008,0x00014009,
    0x0001400a,0x0001400b,0x00016000,0x00016001,0x00016002,0x00016003,0x0001802e,0x0001a002,
    0x00010084,0x00010085,0x0001802f,0x00018030,0x00010086,0x00010087,0x00018031,0x00018032,
    0x00010088,0x00010089,0x00018033,0x00018034,0x0001008a,0x0001008b,0x00018035,0x00018036,
    0x0001008c,0x0001008d,0x00018037,0x00018038,0x0001008e,0x0001008f,0x00018039,0x0001803a,
    0x00010090,0x00010091,0x0001803b,0x0001803c,0x00010092,0x00010093,0x00012022,0x00012023,
    0x00010094,0x00010095,0x00012024,0x00012025,0x00010096,0x00010097,0x00012026,0x00012027,
    0x00010098,0x00010099,0x00012028,0x00012029,0x0001009a,0x0001009b,0x0001202a,0x0001202b,
    0x0001009c,0x0001009d,0x0001202c,0x0001202d,0x0001009e,0x0001009f,0x0001202e,0x0001202f,
    0x000100a0,0x000100a1,0x00012030,0x00012031,0x000100a2,0x000100a3,0x00012032,0x00012033,
    0x000100a4,0x000100a5,0x00012034,0x00012035,0x000100a6,0x000100a7,0x00012036,0x00012037,
    0x000100a8,0x000100a9,0x00012038,0x00012039,0x000100aa,0x000100ab,0x0001203a,0x0001203b,
    0x000100ac,0x000100ad,0x0001203c,0x0001203d,0x000100ae,0x000100af,0x0001203e,0x0001203f,
    0x000100b0,0x000100b1,0x00012040,0x00012041,0x000100b2,0x000100b3,0x00012042,0x00012043,
    0x000100b4,0x000100b5,0x00012044,0x00012045,0x000100b6,0x000100b7,0x00012046,0x00012047,
    0x000100b8,0x000100b9,0x00012048,0x00012049,0x000100ba,0x000100bb,0x0001204a,0x0001204b,
    0x000100bc,0x000100bd,0x0001204c,0x0001204d,0x000100be,0x000100bf,0x0001204e,0x0001204f,
    0x00010080,0x00010081,0x00012050,0x00012051,0x00010082,0x00010083,0x00012052,0x00012053,
    0x00012054,0x00012055,0x00012056,0x00012057,0x00012058,0x00012059,0x0001205a,0x0001205b,
    0x0001205c,0x0001205d,0x0001205e,0x0001205f,0x00012060,0x00012061,0x00014008,0x00014009,
    0x0001400a,0x0001400b,0x00016004,0x00016005,0x00016006,0x00016007,0x0001803d,0x0001803e,
    0x00010084,0x00010085,0x0001803f,0x0001a003,0x00010086,0x00010087,0x00018040,0x00018041,
    0x00010088,0x00010089,0x00018042,0x00018043,0x0001008a,0x0001008b,0x00018044,0x00018045,
    0x0001008c,0x0001008d,0x00018046,0x00018047,0x0001008e,0x0001008f,0x00018048,0x00018049,
    0x00010090,0x00010091,0x0001804a,0x0001804b,0x00010092,0x00010093,0x00012062,0x00012063,
    0x00010094,0x00010095,0x00012064,0x00012065,0x00010096,0x00010097,0x00012066,0x00012067,
    0x00010098,0x00010099,0x00012068,0x00012069,0x0001009a,0x0001009b,0x0001206a,0x0001206b,
    0x0001009c,0x0001009d,0x0001206c,0x0001206d,0x0001009e,0x0001009f,0x0001206e,0x0001206f,
    0x000100a0,0x000100a1,0x00012070,0x00012071,0x000100a2,0x000100a3,0x00012072,0x00012073,
    0x000100a4,0x000100a5,0x00012074,0x00012075,0x000100a6,0x000100a7,0x00012076,0x00012077,
    0x000100a8,0x000100a9,0x00012078,0x00012079,0x000100aa,0x000100ab,0x0001207a,0x0001207b,
    0x000100ac,0x000100ad,0x0001207c,0x0001207d,0x000100ae,0x000100af,0x0001207e,0x0001207f,
    0x000100b0,0x000100b1,0x00012000,0x00012001,0x000100b2,0x000100b3,0x00012002,0x00012003,
    0x000100b4,0x000100b5,0x00012004,0x00012005,0x000100b6,0x000100b7,0x00012006,0x00012007,
    0x000100b8,0x000100b9,0x00012008,0x00012009,0x000100ba,0x000100bb,0x0001200a,0x0001200b,
    0x000100bc,0x000100bd,0x0001200c,0x0001200d,0x000100be,0x000100bf,0x0001200e,0x0001200f,
    0x000100c0,0x000100c1,0x00012010,0x00012011,0x000100c2,0x000100c3,0x00012012,0x00012013,
    0x00012014,0x00012015,0x00012016,0x00012017,0x00012018,0x00012019,0x0001201a,0x0001201b,
    0x0001201c,0x0001201d,0x0001201e,0x0001201f,0x00012020,0x00012021,0x0001400c,0x0001400d,
    0x0001400e,0x0001400f,0x00016000,0x00016001,0x00016002,0x00016003,0x0001804c,0x0001804d,
    0x000100c4,0x000100c5,0x0001804e,0x0001a004,0x000100c6,0x0001804f,0x00018050,0x00018051,
    0x000100c7,0x000100c8,0x00018052,0x00018053,0x000100c9,0x000100ca,0x00018054,0x00018055,
    0x000100cb,0x000100cc,0x00018056,0x00018057,0x000100cd,0x000100ce,0x00018058,0x00018059,
    0x000100cf,0x000100d0,0x0001805a,0x0001805b,0x000100d1,0x000100d2,0x0001805c,0x0001805d,
    0x000100d3,0x000100d4,0x00012022,0x00012023,0x000100d5,0x000100d6,0x00012024,0x00012025,
    0x000100d7,0x000100d8,0x00012026,0x00012027,0x000100d9,0x000100da,0x00012028,0x00012029,
    0x000100db,0x000100dc,0x0001202a,0x0001202b,0x000100dd,0x000100de,0x0001202c,0x0001202d,
    0x000100df,0x000100e0,0x0001202e,0x0001202f,0x000100e1,0x000100e2,0x00012030,0x00012031,
    0x000100e3,0x000100e4,0x00012032,0x00012033,0x000100e5,0x000100e6,0x00012034,0x00012035,
    0x000100e7,0x000100e8,0x00012036,0x00012037,0x000100e9,0x000100ea,0x00012038,0x00012039,
    0x000100eb,0x000100ec,0x0001203a,0x0001203b,0x000100ed,0x000100ee,0x0001203c,0x0001203d,
    0x000100ef,0x000100f0,0x0001203e,0x0001203f,0x000100f1,0x000100f2,0x00012040,0x00012041,
    0x000100f3,0x000100f4,0x00012042,0x00012043,0x000100f5,0x000100f6,0x00012044,0x00012045,
    0x000100f7,0x000100f8,0x00012046,0x00012047,0x000100f9,0x000100fa,0x00012048,0x00012049,
    0x000100fb,0x000100fc,0x0001204a,0x0001204b,0x000100fd,0x000100fe,0x0001204c,0x0001204d,
    0x000100ff,0x000100c0,0x0001204e,0x0001204f,0x000100c1,0x000100c2,0x00012050,0x00012051,
    0x000100c3,0x00012052,0x00012053,0x00012054,0x00012055,0x00012056,0x00012057,0x00012058,
    0x00012059,0x0001205a,0x0001205b,0x0001205c,0x0001205d,0x0001205e,0x0001205f,0x00012060,
    0x00012061,0x0001400c,0x0001400d,0x0001400e,0x0001400f,0x00016004,0x00016005,0x00016006,
    0x00016007,0x0001805e,0x0001805f,0x000100c4,0x000100c5,0x0001a005,0x00018060,0x000100c6,
    0x000100c7,0x00018061,0x00018062,0x000100c8,0x000100c9,0x00018063,0x00018064,0x000100ca,
    0x000100cb,0x00018065,0x00018066,0x000100cc,0x000100cd,0x00018067,0x00018068,0x000100ce,
    0x000100cf,0x00018069,0x0001806a,0x000100d0,0x000100d1,0x0001806b,0x0001806c,0x000100d2,
    0x000100d3,0x00012062,0x00012063,0x000100d4,0x000100d5,0x00012064,0x00012065,0x000100d6,
    0x000100d7,0x00012066,0x00012067,0x000100d8,0x000100d9,0x00012068,0x00012069,0x000100da,
    0x000100db,0x0001206a,0x0001206b,0x000100dc,0x000100dd,0x0001206c,0x0001206d,0x000100de,
    0x000100df,0x0001206e,0x0001206f,0x000100e0,0x000100e1,0x00012070,0x00012071,0x000100e2,
    0x000100e3,0x00012072,0x00012073,0x000100e4,0x000100e5,0x00012074,0x00012075,0x000100e6,
    0x000100e7,0x00012076,0x00012077,0x000100e8,0x000100e9,0x00012078,0x00012079,0x000100ea,
    0x000100eb,0x0001207a,0x0001207b,0x000100ec,0x000100ed,0x0001207c,0x0001207d,0x000100ee,
    0x000100ef,0x0001207e,0x0001207f,0x000100f0,0x000100f1,0x0001806d,0x0001806e,0x000100f2,
    0x000100f3,0x0001806f,0x0001a006,0x000100f4,0x000100f5,0x000300f6,0x000100f7,0x00018070,
    0x00018071,0x000100f8,0x000100f9,0x00018072,0x00018073,0x000100fa,0x000100fb,0x00018074,
    0x00018075,0x000100fc,0x000100fd,0x00018076,0x00018077,0x000100fe,0x000100ff,0x00018078,
    0x00018079,0x0002807a,0x0002807b,0x0002807c,0x0002807d,0x0002807e,0x0002a007,0x0001807f,
    0x00050000,0x00010001,0x00010002,0x00010003,0x00012000,0x00012001,0x00012002,0x00012003,
    0x00012004,0x00012005,0x00012006,0x00012007,0x00012008,0x00012009,0x0001200a,0x0001200b,
    0x0001200c,0x0001200d,0x0001200e,0x0001200f,0x00012010,0x00012011,0x00012012,0x00012013,
    0x00012014,0x00012015,0x00012016,0x00012017,0x00012018,0x00012019,0x0001201a,0x0001201b,
    0x0001201c,0x0001201d,0x0001201e,0x0001201f,0x00012020,0x00012021,0x00014000,0x00014001,
    0x00014002,0x00014003,0x00016000,0x00016001,0x00016002,0x00016003,0x00030004,0x00010005,
    0x00030006,0x00010007,0x00030008,0x00010009,0x0003000a,0x0001000b,0x0003000c,0x0001000d,
    0x0003000e,0x0001000f,0x00030010,0x00010011,0x00030012,0x00010013,0x00012022,0x00012023,
    0x00010014,0x00010015,0x00012024,0x00012025,0x00010016,0x00010017,0x00012026,0x00012027,
    0x00010018,0x00010019,0x00012028,0x00012029,0x0001001a,0x0001001b,0x0001202a,0x0001202b,
    0x0001001c,0x0001001d,0x0001202c,0x0001202d,0x0001001e,0x0001001f,0x0001202e,0x0001202f,
    0x00010020,0x00010021,0x00012030,0x00012031,0x00010022,0x00010023,0x00012032,0x00012033,
    0x00010024,0x00010025,0x00012034,0x00012035,0x00010026,0x00010027,0x00012036,0x00012037,
    0x00010028,0x00010029,0x00012038,0x00012039,0x0001002a,0x0001002b,0x0001203a,0x0001203b,
    0x0001002c,0x0001002d,0x0001203c,0x0001203d,0x0001002e,0x0001002f,0x0001203e,0x0001203f,
    0x00010030,0x00010031,0x00012040,0x00012041,0x00010032,0x00010033,0x00012042,0x00012043,
    0x00010034,0x00010035,0x00012044,0x00012045,0x00010036,0x00010037,0x00012046,0x00012047,
    0x00010038,0x00010039,0x00012048,0x00012049,0x0001003a,0x0001003b,0x0001204a,0x0001204b,
    0x0001003c,0x0001003d,0x0001204c,0x0001204d,0x0001003e,0x0001003f,0x0001204e,0x0001204f,
    0x00010040,0x00010041,0x00012050,0x00012051,0x00010042,0x00010043,0x00012052,0x00012053,
    0x00012054,0x00012055,0x00012056,0x00012057,0x00012058,0x00012059,0x0001205a,0x0001205b,
    0x0001205c,0x0001205d,0x0001205e,0x0001205f,0x00012060,0x00012061,0x00014004,0x00014000,
    0x00014001,0x00014002,0x00016004,0x00016005,0x00016006,0x00016007,0x00030044,0x00010045,
    0x00030046,0x00010047,0x00018000,0x00018001,0x00010048,0x00010049,0x00018002,0x00018003,
    0x0001004a,0x0001004b,0x00018004,0x00018005,0x0001004c,0x0001004d,0x00018006,0x00018007,
    0x0001004e,0x0001004f,0x00018008,0x00018009,0x00010000,0x00010001,0x0001800a,0x0001800b,
    0x00010002,0x00010003,0x00012062,0x00012063,0x00010004,0x00010005,0x00012064,0x00012065,
    0x00010006,0x00010007,0x00012066,0x00012067,0x00010008,0x00010009,0x00012068,0x00012069,
    0x0001000a,0x0001000b,0x0001206a,0x0001206b,0x0001000c,0x0001000d,0x0001206c,0x0001206d,
    0x0001000e,0x0001000f,0x0001206e,0x0001206f,0x00010010,0x00010011,0x00012070,0x00012071,
    0x00010012,0x00010013,0x00012072,0x00012073,0x00010014,0x00010015,0x00012074,0x00012075,
    0x00010016,0x00010017,0x00012076,0x00012077,0x00010018,0x00010019,0x00012078,0x00012079,
    0x0001001a,0x0001001b,0x0001207a,0x0001207b,0x0001001c,0x0001001d,0x0001207c,0x0001207d,
    0x0001001e,0x0001001f,0x0001207e,0x0001207f,0x00010020,0x00010021,0x00012080,0x00012081,
    0x00010022,0x00010023,0x00012082,0x00012083,0x00010024,0x00010025,0x00012084,0x00012085,
    0x00010026,0x00010027,0x00012086,0x00012087,0x00010028,0x00010029,0x00012088,0x00012089,
    0x0001002a,0x0001002b,0x0001208a,0x0001208b,0x0001002c,0x0001002d,0x0001208c,0x0001208d,
    0x0001002e,0x0001002f,0x0001208e,0x0001208f,0x00010030,0x00010031,0x00012090,0x00012091,
    0x00010032,0x00010033,0x00012092,0x00012093,0x00012094,0x00012095,0x00012096,0x00012097,
    0x00012098,0x00012099,0x0001209a,0x0001209b,0x0001209c,0x0001209d,0x0001209e,0x0001209f,
    0x00012000,0x00012001,0x00014003,0x00014004,0x00014005,0x00014006,0x00016008,0x00016009,
    0x00016000,0x00016001,0x0001800c,0x0001800d,0x00010034,0x00010035,0x0001a000,0x0001800e,
    0x00010036,0x00010037,0x0001800f,0x00020038,0x00010039,0x0003003a,0x0001003b,0x0003003c,
    0x0001003d,0x0003003e,0x0001003f,0x00030040,0x00010041,0x00030042,0x00010043,0x00012002,
    0x00012003,0x00010044,0x00010045,0x00012004,0x00012005,0x00010046,0x00010047,0x00012006,
    0x00012007,0x00010048,0x00010049,0x00012008,0x00012009,0x0001004a,0x0001004b,0x0001200a,
    0x0001200b,0x0001004c,0x0001004d,0x0001200c,0x0001200d,0x0001004e,0x0001004f,0x0001200e,
    0x0001200f,0x00010050,0x00010051,0x00012010,0x00012011,0x00010052,0x00010053,0x00012012,
    0x00012013,0x00010054,0x00010055,0x00012014,0x00012015,0x00010056,0x00010057,0x00012016,
    0x00012017,0x00010058,0x00010059,0x00012018,0x00012019,0x0001201a,0x0001201b,0x0001201c,
    0x0001201d,0x0001201e,0x0001201f,0x00012020,0x00012021,0x00014007,0x00014008,0x00016002,
    0x00016003,0x00018010,0x00018011,0x00018012,0x00018013,0x00028014,0x0001005a,0x0001005b,
    0x00018015,0x00018016,0x0001005c,0x0001005d,0x00018017,0x00018018,0x0001005e,0x0001005f,
    0x00018019,0x0001801a,0x00010060,0x00010061,0x0001801b,0x0001801c,0x00010062,0x00010063,
    0x00012022,0x00012023,0x00010064,0x00010065,0x00012024,0x00012025,0x00010066,0x00010067,
    0x00012026,0x00012027,0x00010068,0x00010069,0x00012028,0x00012029,0x0001006a,0x0001006b,
    0x0001202a,0x0001202b,0x0001006c,0x0001006d,0x0001202c,0x0001202d,0x0001006e,0x0001006f,
    0x0001202e,0x0001202f,0x00010070,0x00010071,0x00012030,0x00012031,0x00010072,0x00010073,
    0x00012032,0x00012033,0x00010074,0x00010075,0x00012034,0x00012035,0x00010076,0x00010077,
    0x00012036,0x00012037,0x00010078,0x00010079,0x00012038,0x00012039,0x0001007a,0x0001007b,
    0x0001203a,0x0001203b,0x0001007c,0x0001007d,0x0001203c,0x0001203d,0x0001007e,0x0001007f,
    0x0001203e,0x0001203f,0x00010080,0x00010081,0x00012040,0x00012041,0x00010082,0x00010083,
    0x00012042,0x00012043,0x00010084,0x00010085,0x00012044,0x00012045,0x00010086,0x00010087,
    0x00012046,0x00012047,0x00010088,0x00010089,0x00012048,0x00012049,0x0001008a,0x0001008b,
    0x0001204a,0x0001204b,0x0001008c,0x0001008d,0x0001204c,0x0001204d,0x0001008e,0x0001008f,
    0x0001204e,0x0001204f,0x00010090,0x00010091,0x00012050,0x00012051,0x00010092,0x00010093,
    0x00012052,0x00012053,0x00012054,0x00012055,0x00012056,0x00012057,0x00012058,0x00012059,
    0x0001205a,0x0001205b,0x0001205c,0x0001205d,0x0001205e,0x0001205f,0x00012060,0x00012061,
    0x00014009,0x00014005,0x00014006,0x00014007,0x00016004,0x00016005,0x00016006,0x00016007,
    0x0001801d,0x0001801e,0x00010094,0x00010095,0x0001801f,0x0001a001,0x00010096,0x00010097,
    0x00018020,0x00018021,0x00010098,0x00010099,0x00018022,0x00018023,0x0001009a,0x0001009b,
    0x00018024,0x00018025,0x0001009c,0x0001009d,0x00018026,0x00018027,0x0001009e,0x0001009f,
    0x00018028,0x00018029,0x00010050,0x00010051,0x0001802a,0x0001802b,0x00010052,0x00010053,
    0x00012062,0x00012063,0x00010054,0x00010055,0x00012064,0x00012065,0x00010056,0x00010057,
    0x00012066,0x00012067,0x00010058,0x00010059,0x00012068,0x00012069,0x0001005a,0x0001005b,
    0x0001206a,0x0001206b,0x0001005c,0x0001005d,0x0001206c,0x0001206d,0x0001005e,0x0001005f,
    0x0001206e,0x0001206f,0x00010060,0x00010061,0x00012070,0x00012071,0x00010062,0x00010063,
    0x00012072,0x00012073,0x00010064,0x00010065,0x00012074,0x00012075,0x00010066,0x00010067,
    0x00012076,0x00012077,0x00010068,0x00010069,0x00012078,0x00012079,0x0001006a,0x0001006b,
    0x0001207a,0x0001207b,0x0001006c,0x0001006d,0x0001207c,0x0001207d,0x0001006e,0x0001006f,
    0x0001207e,0x0001207f,0x00010070,0x00010071,0x00012080,0x00012081,0x00010072,0x00010073,
    0x00012082,0x00012083,0x00010074,0x00010075,0x00012084,0x00012085,0x00010076,0x00010077,
    0x00012086,0x00012087,0x00010078,0x00010079,0x00012088,0x00012089,0x0001007a,0x0001007b,
    0x0001208a,0x0001208b,0x0001007c,0x0001007d,0x0001208c,0x0001208d,0x0001007e,0x0001007f,
    0x0001208e,0x0001208f,0x00010080,0x00010081,0x00012090,0x00012091,0x00010082,0x00010083,
    0x00012092,0x00012093,0x00012094,0x00012095,0x00012096,0x00012097,0x00012098,0x00012099,
    0x0001209a,0x0001209b,0x0001209c,0x0001209d,0x0001209e,0x0001209f,0x00012000,0x00012001,
    0x00014008,0x00014009,0x0001400a,0x0001400b,0x00016008,0x00016009,0x00016000,0x00016001,
    0x0001802c,0x0001802d,0x00010084,0x00010085,0x0001a002,0x0001802e,0x00010086,0x00010087,
    0x0001802f,0x00020088,0x00010089,0x0003008a,0x0001008b,0x0003008c,0x0001008d,0x0003008e,
    0x0001008f,0x00030090,0x00010091,0x00030092,0x00010093,0x00012002,0x00012003,0x00010094,
    0x00010095,0x00012004,0x00012005,0x00010096,0x00010097,0x00012006,0x00012007,0x00010098,
    0x00010099,0x00012008,0x00012009,0x0001009a,0x0001009b,0x0001200a,0x0001200b,0x0001009c,
    0x0001009d,0x0001200c,0x0001200d,0x0001009e,0x0001009f,0x0001200e,0x0001200f,0x000100a0,
    0x000100a1,0x00012010,0x00012011,0x000100a2,0x000100a3,0x00012012,0x00012013,0x000100a4,
    0x000100a5,0x00012014,0x00012015,0x000100a6,0x000100a7,0x00012016,0x00012017,0x000100a8,
    0x000100a9,0x00012018,0x00012019,0x0001201a,0x0001201b,0x0001201c,0x0001201d,0x0001201e,
    0x0001201f,0x00012020,0x00012021,0x0001400c,0x0001400d,0x00016002,0x00016003,0x00018030,
    0x00018031,0x00018032,0x00018033,0x00028034,0x000100aa,0x000100ab,0x00018035,0x00018036,
    0x000100ac,0x000100ad,0x00018037,0x00018038,0x000100ae,0x000100af,0x00018039,0x0001803a,
    0x000100b0,0x000100b1,0x0001803b,0x0001803c,0x000100b2,0x000100b3,0x00012022,0x00012023,
    0x000100b4,0x000100b5,0x00012024,0x00012025,0x000100b6,0x000100b7,0x00012026,0x00012027,
    0x000100b8,0x000100b9,0x00012028,0x00012029,0x000100ba,0x000100bb,0x0001202a,0x0001202b,
    0x000100bc,0x000100bd,0x0001202c,0x0001202d,0x000100be,0x000100bf,0x0001202e,0x0001202f,
    0x000100c0,0x000100c1,0x00012030,0x00012031,0x000100c2,0x000100c3,0x00012032,0x00012033,
    0x000100c4,0x000100c5,0x00012034,0x00012035,0x000100c6,0x000100c7,0x00012036,0x00012037,
    0x000100c8,0x000100c9,0x00012038,0x00012039,0x000100ca,0x000100cb,0x0001203a,0x0001203b,
    0x000100cc,0x000100cd,0x0001203c,0x0001203d,0x000100ce,0x000100cf,0x0001203e,0x0001203f,
    0x000100d0,0x000100d1,0x00012040,0x00012041,0x000100d2,0x000100d3,0x00012042,0x00012043,
    0x000100d4,0x000100d5,0x00012044,0x00012045,0x000100d6,0x000100d7,0x00012046,0x00012047,
    0x000100d8,0x000100d9,0x00012048,0x00012049,0x000100da,0x000100db,0x0001204a,0x0001204b,
    0x000100dc,0x000100dd,0x0001204c,0x0001204d,0x000100de,0x000100df,0x0001204e,0x0001204f,
    0x000100e0,0x000100e1,0x00012050,0x00012051,0x000100e2,0x000100e3,0x00012052,0x00012053,
    0x00012054,0x00012055,0x00012056,0x00012057,0x00012058,0x00012059,0x0001205a,0x0001205b,
    0x0001205c,0x0001205d,0x0001205e,0x0001205f,0x00012060,0x00012061,0x0001400e,0x0001400a,
    0x0001400b,0x0001400c,0x00016004,0x00016005,0x00016006,0x00016007,0x0001803d,0x0001803e,
    0x000100e4,0x000100e5,0x0001803f,0x0001a003,0x000100e6,0x000100e7,0x00018040,0x00018041,
    0x000100e8,0x000100e9,0x00018042,0x00018043,0x000100ea,0x000100eb,0x00018044,0x00018045,
    0x000100ec,0x000100ed,0x00018046,0x00018047,0x000100ee,0x000100ef,0x00018048,0x00018049,
    0x000100a0,0x000100a1,0x0001804a,0x0001804b,0x000100a2,0x000100a3,0x00012062,0x00012063,
    0x000100a4,0x000100a5,0x00012064,0x00012065,0x000100a6,0x000100a7,0x00012066,0x00012067,
    0x000100a8,0x000100a9,0x00012068,0x00012069,0x000100aa,0x000100ab,0x0001206a,0x0001206b,
    0x000100ac,0x000100ad,0x0001206c,0x0001206d,0x000100ae,0x000100af,0x0001206e,0x0001206f,
    0x000100b0,0x000100b1,0x00012070,0x00012071,0x000100b2,0x000100b3,0x00012072,0x00012073,
    0x000100b4,0x000100b5,0x00012074,0x00012075,0x000100b6,0x000100b7,0x00012076,0x00012077,
    0x000100b8,0x000100b9,0x00012078,0x00012079,0x000100ba,0x000100bb,0x0001207a,0x0001207b,
    0x000100bc,0x000100bd,0x0001207c,0x0001207d,0x000100be,0x000100bf,0x0001207e,0x0001207f,
    0x000100c0,0x000100c1,0x00012080,0x00012081,0x000100c2,0x000100c3,0x00012082,0x00012083,
    0x000100c4,0x000100c5,0x00012084,0x00012085,0x000100c6,0x000100c7,0x00012086,0x00012087,
    0x000100c8,0x000100c9,0x00012088,0x00012089,0x000100ca,0x000100cb,0x0001208a,0x0001208b,
    0x000100cc,0x000100cd,0x0001208c,0x0001208d,0x000100ce,0x000100cf,0x0001208e,0x0001208f,
    0x000100d0,0x000100d1,0x00012090,0x00012091,0x000100d2,0x000100d3,0x00012092,0x00012093,
    0x00012094,0x00012095,0x00012096,0x00012097,0x00012098,0x00012099,0x0001209a,0x0001209b,
    0x0001209c,0x0001209d,0x0001209e,0x0001209f,0x00012000,0x00012001,0x0001400d,0x0001400e,
    0x0001400f,0x00014010,0x00016008,0x00016009,0x00016000,0x00016001,0x0001804c,0x0001804d,
    0x000100d4,0x000100d5,0x0001a004,0x0001804e,0x000100d6,0x000100d7,0x0001804f,0x000200d8,
    0x000100d9,0x000300da,0x000100db,0x000300dc,0x000100dd,0x000300de,0x000100df,0x000300e0,
    0x000100e1,0x000300e2,0x000100e3,0x00012002,0x00012003,0x000100e4,0x000100e5,0x00012004,
    0x00012005,0x000100e6,0x000100e7,0x00012006,0x00012007,0x000100e8,0x000100e9,0x00012008,
    0x00012009,0x000100ea,0x000100eb,0x0001200a,0x0001200b,0x000100ec,0x000100ed,0x0001200c,
    0x0001200d,0x000100ee,0x000100ef,0x0001200e,0x0001200f,0x000100f0,0x000100f1,0x00012010,
    0x00012011,0x000100f2,0x000100f3,0x00012012,0x00012013,0x000100f4,0x000100f5,0x00012014,
    0x00012015,0x000100f6,0x000100f7,0x00012016,0x00012017,0x000100f8,0x000100f9,0x00012018,
    0x00012019,0x0001201a,0x0001201b,0x0001201c,0x0001201d,0x0001201e,0x0001201f,0x00012020,
    0x00012021,0x00014011,0x00014012,0x00016002,0x00016003,0x00018050,0x00018051,0x00018052,
    0x00018053,0x00028054,0x000100fa,0x000100fb,0x00018055,0x00018056,0x000100fc,0x000100fd,
    0x00018057,0x00018058,0x000100fe,0x000100ff,0x00018059,0x0001805a,0x00010100,0x00010101,
    0x0001805b,0x0001805c,0x00010102,0x00010103,0x00012022,0x00012023,0x00010104,0x00010105,
    0x00012024,0x00012025,0x00010106,0x00010107,0x00012026,0x00012027,0x00010108,0x00010109,
    0x00012028,0x00012029,0x0001010a,0x0001010b,0x0001202a,0x0001202b,0x0001010c,0x0001010d,
    0x0001202c,0x0001202d,0x0001010e,0x0001010f,0x0001202e,0x0001202f,0x00010110,0x00010111,
    0x00012030,0x00012031,0x00010112,0x00010113,0x00012032,0x00012033,0x00010114,0x00010115,
    0x00012034,0x00012035,0x00010116,0x00010117,0x00012036,0x00012037,0x00010118,0x00010119,
    0x00012038,0x00012039,0x0001011a,0x0001011b,0x0001203a,0x0001203b,0x0001011c,0x0001011d,
    0x0001203c,0x0001203d,0x0001011e,0x0001011f,0x0001203e,0x0001203f,0x00010120,0x00010121,
    0x00012040,0x00012041,0x00010122,0x00010123,0x00012042,0x00012043,0x00010124,0x00010125,
    0x00012044,0x00012045,0x00010126,0x00010127,0x00012046,0x00012047,0x00010128,0x00010129,
    0x00012048,0x00012049,0x0001012a,0x0001012b,0x0001204a,0x0001204b,0x0001012c,0x0001012d,
    0x0001204c,0x0001204d,0x0001012e,0x0001012f,0x0001204e,0x0001204f,0x00010130,0x00010131,
    0x00012050,0x00012051,0x00010132,0x00010133,0x00012052,0x00012053,0x00012054,0x00012055,
    0x00012056,0x00012057,0x00012058,0x00012059,0x0001205a,0x0001205b,0x0001205c,0x0001205d,
    0x0001205e,0x0001205f,0x00012060,0x00012061,0x00014013,0x0001400f,0x00014010,0x00014011,
    0x00016004,0x00016005,0x00016006,0x00016007,0x0001805d,0x0001805e,0x00010134,0x00010135,
    0x0001805f,0x0001a005,0x00010136,0x00010137,0x00018060,0x00018061,0x00010138,0x00010139,
    0x00018062,0x00018063,0x0001013a,0x0001013b,0x00018064,0x00018065,0x0001013c,0x0001013d,
    0x00018066,0x00018067,0x0001013e,0x0001013f,0x00018068,0x00018069,0x000100f0,0x000100f1,
    0x0001806a,0x0001806b,0x000100f2,0x000100f3,0x00012062,0x00012063,0x000100f4,0x000100f5,
    0x00012064,0x00012065,0x000100f6,0x000100f7,0x00012066,0x00012067,0x000100f8,0x000100f9,
    0x00012068,0x00012069,0x000100fa,0x000100fb,0x0001206a,0x0001206b,0x000100fc,0x000100fd,
    0x0001206c,0x0001206d,0x000100fe,0x000100ff,0x0001206e,0x0001206f,0x00010100,0x00010101,
    0x00012070,0x00012071,0x00010102,0x00010103,0x00012072,0x00012073,0x00010104,0x00010105,
    0x00012074,0x00012075,0x00010106,0x00010107,0x00012076,0x00012077,0x00010108,0x00010109,
    0x00012078,0x00012079,0x0001010a,0x0001010b,0x0001207a,0x0001207b,0x0001010c,0x0001010d,
    0x0001207c,0x0001207d,0x0001010e,0x0001010f,0x0001207e,0x0001207f,0x00010110,0x00010111,
    0x00012080,0x00012081,0x00010112,0x00010113,0x00012082,0x00012083,0x00010114,0x00010115,
    0x00012084,0x00012085,0x00010116,0x00010117,0x00012086,0x00012087,0x00010118,0x00010119,
    0x00012088,0x00012089,0x0001011a,0x0001011b,0x0001208a,0x0001208b,0x0001011c,0x0001011d,
    0x0001208c,0x0001208d,0x0001011e,0x0001011f,0x0001208e,0x0001208f,0x00010120,0x00010121,
    0x00012090,0x00012091,0x00010122,0x00010123,0x00012092,0x00012093,0x00012094,0x00012095,
    0x00012096,0x00012097,0x00012098,0x00012099,0x0001209a,0x0001209b,0x0001209c,0x0001209d,
    0x0001209e,0x0001209f,0x00014012,0x00014013,0x00016008,0x00016009,0x0001806c,0x0001806d,
    0x0001a006,0x0001806e,0x00010124,0x00010125,0x0001806f,0x00020126,0x00010127,0x00030128,
    0x00010129,0x0003012a,0x0001012b,0x0003012c,0x0001012d,0x0003012e,0x0001012f,0x00030130,
    0x00010131,0x00030132,0x00010133,0x00030134,0x00010135,0x00030136,0x00010137,0x00018070,
    0x00018071,0x00010138,0x00010139,0x00018072,0x00018073,0x0001013a,0x0001013b,0x00018074,
    0x00018075,0x0001013c,0x0001013d,0x00018076,0x00018077,0x0001013e,0x0001013f,0x00018078,
    0x00018079,0x0002807a,0x0002807b,0x0002807c,0x0002807d,0x0002807e,0x0002807f,0x0001a007,
    0x00050000,0x00010001,0x00010002,0x00010003,0x00012000,0x00012001,0x00012002,0x00012003,
    0x00012004,0x00012005,0x00012006,0x00012007,0x00012008,0x00012009,0x0001200a,0x0001200b,
    0x0001200c,0x0001200d,0x0001200e,0x0001200f,0x00012010,0x00012011,0x00012012,0x00012013,
    0x00012014,0x00012015,0x00012016,0x00012017,0x00012018,0x00012019,0x0001201a,0x0001201b,
    0x0001201c,0x0001201d,0x0001201e,0x0001201f,0x00012020,0x00012021,0x00014000,0x00014001,
    0x00014002,0x00014003,0x00016000,0x00016001,0x00016002,0x00016003,0x00030004,0x00010005,
    0x00030006,0x00010007,0x00030008,0x00010009,0x0003000a,0x0001000b,0x0003000c,0x0001000d,
    0x0003000e,0x0001000f,0x00030010,0x00010011,0x00030012,0x00010013,0x00012022,0x00012023,
    0x00010014,0x00010015,0x00012024,0x00012025,0x00010016,0x00010017,0x00012026,0x00012027,
    0x00010018,0x00010019,0x00012028,0x00012029,0x0001001a,0x0001001b,0x0001202a,0x0001202b,
    0x0001001c,0x0001001d,0x0001202c,0x0001202d,0x0001001e,0x0001001f,0x0001202e,0x0001202f,
    0x00010020,0x00010021,0x00012030,0x00012031,0x00010022,0x00010023,0x00012032,0x00012033,
    0x00010024,0x00010025,0x00012034,0x00012035,0x00010026,0x00010027,0x00012036,0x00012037,
    0x00010028,0x00010029,0x00012038,0x00012039,0x0001002a,0x0001002b,0x0001203a,0x0001203b,
    0x0001002c,0x0001002d,0x0001203c,0x0001203d,0x0001002e,0x0001002f,0x0001203e,0x0001203f,
    0x00010030,0x00010031,0x00012040,0x00012041,0x00010032,0x00010033,0x00012042,0x00012043,
    0x00010034,0x00010035,0x00012044,0x00012045,0x00010036,0x00010037,0x00012046,0x00012047,
    0x00010038,0x00010039,0x00012048,0x00012049,0x0001003a,0x0001003b,0x0001204a,0x0001204b,
    0x0001003c,0x0001003d,0x0001204c,0x0001204d,0x0001003e,0x0001003f,0x0001204e,0x0001204f,
    0x00010040,0x00010041,0x00012050,0x00012051,0x00010042,0x00010043,0x00012052,0x00012053,
    0x00012054,0x00012055,0x00012056,0x00012057,0x00012058,0x00012059,0x0001205a,0x0001205b,
    0x0001205c,0x0001205d,0x0001205e,0x0001205f,0x00012060,0x00012061,0x00014004,0x00014005,
    0x00014000,0x00014001,0x00016004,0x00016005,0x00016006,0x00016007,0x00030044,0x00010045,
    0x00030046,0x00010047,0x00030048,0x00010049,0x0003004a,0x0001004b,0x0003004c,0x0001004d,
    0x0003004e,0x0001004f,0x00030050,0x00010051,0x00030052,0x00010053,0x00012062,0x00012063,
    0x00010054,0x00010055,0x00012064,0x00012065,0x00010056,0x00010057,0x00012066,0x00012067,
    0x00010058,0x00010059,0x00012068,0x00012069,0x0001005a,0x0001005b,0x0001206a,0x0001206b,
    0x0001005c,0x0001005d,0x0001206c,0x0001206d,0x0001005e,0x0001005f,0x0001206e,0x0001206f,
    0x00010000,0x00010001,0x00012070,0x00012071,0x00010002,0x00010003,0x00012072,0x00012073,
    0x00010004,0x00010005,0x00012074,0x00012075,0x00010006,0x00010007,0x00012076,0x00012077,
    0x00010008,0x00010009,0x00012078,0x00012079,0x0001207a,0x0001207b,0x0001207c,0x0001207d,
    0x0001207e,0x0001207f,0x00012080,0x00012081,0x00014002,0x00014003,0x00016008,0x00016009,
    0x00018000,0x00018001,0x00018002,0x00018003,0x00028004,0x0001000a,0x0001000b,0x00018005,
    0x00018006,0x0001000c,0x0001000d,0x00018007,0x00018008,0x0001000e,0x0001000f,0x00018009,
    0x0001800a,0x00010010,0x00010011,0x0001800b,0x0001800c,0x00010012,0x00010013,0x00012082,
    0x00012083,0x00010014,0x00010015,0x00012084,0x00012085,0x00010016,0x00010017,0x00012086,
    0x00012087,0x00010018,0x00010019,0x00012088,0x00012089,0x0001001a,0x0001001b,0x0001208a,
    0x0001208b,0x0001001c,0x0001001d,0x0001208c,0x0001208d,0x0001001e,0x0001001f,0x0001208e,
    0x0001208f,0x00010020,0x00010021,0x00012090,0x00012091,0x00010022,0x00010023,0x00012092,
    0x00012093,0x00010024,0x00010025,0x00012094,0x00012095,0x00010026,0x00010027,0x00012096,
    0x00012097,0x00010028,0x00010029,0x00012098,0x00012099,0x0001002a,0x0001002b,0x0001209a,
    0x0001209b,0x0001002c,0x0001002d,0x0001209c,0x0001209d,0x0001002e,0x0001002f,0x0001209e,
    0x0001209f,0x00010030,0x00010031,0x000120a0,0x000120a1,0x00010032,0x00010033,0x000120a2,
    0x000120a3,0x00010034,0x00010035,0x000120a4,0x000120a5,0x00010036,0x00010037,0x000120a6,
    0x000120a7,0x00010038,0x00010039,0x000120a8,0x000120a9,0x0001003a,0x0001003b,0x000120aa,
    0x000120ab,0x0001003c,0x0001003d,0x000120ac,0x000120ad,0x0001003e,0x0001003f,0x000120ae,
    0x000120af,0x00010040,0x00010041,0x000120b0,0x000120b1,0x00010042,0x00010043,0x000120b2,
    0x000120b3,0x000120b4,0x000120b5,0x000120b6,0x000120b7,0x000120b8,0x000120b9,0x000120ba,
    0x000120bb,0x000120bc,0x000120bd,0x000120be,0x000120bf,0x00012000,0x00012001,0x00014004,
    0x00014005,0x00014006,0x00014007,0x0001600a,0x0001600b,0x00016000,0x00016001,0x0001800d,
    0x0001800e,0x00010044,0x00010045,0x0001a000,0x0001800f,0x00010046,0x00010047,0x00030048,
    0x00010049,0x0003004a,0x0001004b,0x0003004c,0x0001004d,0x0003004e,0x0001004f,0x00030050,
    0x00010051,0x00030052,0x00010053,0x00012002,0x00012003,0x00010054,0x00010055,0x00012004,
    0x00012005,0x00010056,0x00010057,0x00012006,0x00012007,0x00010058,0x00010059,0x00012008,
    0x00012009,0x0001005a,0x0001005b,0x0001200a,0x0001200b,0x0001005c,0x0001005d,0x0001200c,
    0x0001200d,0x0001005e,0x0001005f,0x0001200e,0x0001200f,0x00010060,0x00010061,0x00012010,
    0x00012011,0x00010062,0x00010063,0x00012012,0x00012013,0x00010064,0x00010065,0x00012014,
    0x00012015,0x00010066,0x00010067,0x00012016,0x00012017,0x00010068,0x00010069,0x00012018,
    0x00012019,0x0001201a,0x0001201b,0x0001201c,0x0001201d,0x0001201e,0x0001201f,0x00012020,
    0x00012021,0x00014008,0x00014009,0x00016002,0x00016003,0x00018010,0x00018011,0x00018012,
    0x00018013,0x00028014,0x0001006a,0x0001006b,0x00018015,0x00018016,0x0001006c,0x0001006d,
    0x00018017,0x00018018,0x0001006e,0x0001006f,0x00018019,0x0001801a,0x00010070,0x00010071,
    0x0001801b,0x0001801c,0x00010072,0x00010073,0x00012022,0x00012023,0x00010074,0x00010075,
    0x00012024,0x00012025,0x00010076,0x00010077,0x00012026,0x00012027,0x00010078,0x00010079,
    0x00012028,0x00012029,0x0001007a,0x0001007b,0x0001202a,0x0001202b,0x0001007c,0x0001007d,
    0x0001202c,0x0001202d,0x0001007e,0x0001007f,0x0001202e,0x0001202f,0x00010080,0x00010081,
    0x00012030,0x00012031,0x00010082,0x00010083,0x00012032,0x00012033,0x00010084,0x00010085,
    0x00012034,0x00012035,0x00010086,0x00010087,0x00012036,0x00012037,0x00010088,0x00010089,
    0x00012038,0x00012039,0x0001008a,0x0001008b,0x0001203a,0x0001203b,0x0001008c,0x0001008d,
    0x0001203c,0x0001203d,0x0001008e,0x0001008f,0x0001203e,0x0001203f,0x00010090,0x00010091,
    0x00012040,0x00012041,0x00010092,0x00010093,0x00012042,0x00012043,0x00010094,0x00010095,
    0x00012044,0x00012045,0x00010096,0x00010097,0x00012046,0x00012047,0x00010098,0x00010099,
    0x00012048,0x00012049,0x0001009a,0x0001009b,0x0001204a,0x0001204b,0x0001009c,0x0001009d,
    0x0001204c,0x0001204d,0x0001009e,0x0001009f,0x0001204e,0x0001204f,0x000100a0,0x000100a1,
    0x00012050,0x00012051,0x000100a2,0x000100a3,0x00012052,0x00012053,0x00012054,0x00012055,
    0x00012056,0x00012057,0x00012058,0x00012059,0x0001205a,0x0001205b,0x0001205c,0x0001205d,
    0x0001205e,0x0001205f,0x00012060,0x00012061,0x0001400a,0x0001400b,0x00014006,0x00014007,
    0x00016004,0x00016005,0x00016006,0x00016007,0x0001801d,0x0001801e,0x000100a4,0x000100a5,
    0x0001801f,0x0001a001,0x000100a6,0x000100a7,0x000300a8,0x000100a9,0x000300aa,0x000100ab,
    0x000300ac,0x000100ad,0x000300ae,0x000100af,0x000300b0,0x000100b1,0x000300b2,0x000100b3,
    0x00012062,0x00012063,0x000100b4,0x000100b5,0x00012064,0x00012065,0x000100b6,0x000100b7,
    0x00012066,0x00012067,0x000100b8,0x000100b9,0x00012068,0x00012069,0x000100ba,0x000100bb,
    0x0001206a,0x0001206b,0x000100bc,0x000100bd,0x0001206c,0x0001206d,0x000100be,0x000100bf,
    0x0001206e,0x0001206f,0x00010060,0x00010061,0x00012070,0x00012071,0x00010062,0x00010063,
    0x00012072,0x00012073,0x00010064,0x00010065,0x00012074,0x00012075,0x00010066,0x00010067,
    0x00012076,0x00012077,0x00010068,0x00010069,0x00012078,0x00012079,0x0001207a,0x0001207b,
    0x0001207c,0x0001207d,0x0001207e,0x0001207f,0x00012080,0x00012081,0x00014008,0x00014009,
    0x00016008,0x00016009,0x00018020,0x00018021,0x00018022,0x00018023,0x00028024,0x0001006a,
    0x0001006b,0x00018025,0x00018026,0x0001006c,0x0001006d,0x00018027,0x00018028,0x0001006e,
    0x0001006f,0x00018029,0x0001802a,0x00010070,0x00010071,0x0001802b,0x0001802c,0x00010072,
    0x00010073,0x00012082,0x00012083,0x00010074,0x00010075,0x00012084,0x00012085,0x00010076,
    0x00010077,0x00012086,0x00012087,0x00010078,0x00010079,0x00012088,0x00012089,0x0001007a,
    0x0001007b,0x0001208a,0x0001208b,0x0001007c,0x0001007d,0x0001208c,0x0001208d,0x0001007e,
    0x0001007f,0x0001208e,0x0001208f,0x00010080,0x00010081,0x00012090,0x00012091,0x00010082,
    0x00010083,0x00012092,0x00012093,0x00010084,0x00010085,0x00012094,0x00012095,0x00010086,
    0x00010087,0x00012096,0x00012097,0x00010088,0x00010089,0x00012098,0x00012099,0x0001008a,
    0x0001008b,0x0001209a,0x0001209b,0x0001008c,0x0001008d,0x0001209c,0x0001209d,0x0001008e,
    0x0001008f,0x0001209e,0x0001209f,0x00010090,0x00010091,0x000120a0,0x000120a1,0x00010092,
    0x00010093,0x000120a2,0x000120a3,0x00010094,0x00010095,0x000120a4,0x000120a5,0x00010096,
    0x00010097,0x000120a6,0x000120a7,0x00010098,0x00010099,0x000120a8,0x000120a9,0x0001009a,
    0x0001009b,0x000120aa,0x000120ab,0x0001009c,0x0001009d,0x000120ac,0x000120ad,0x0001009e,
    0x0001009f,0x000120ae,0x000120af,0x000100a0,0x000100a1,0x000120b0,0x000120b1,0x000100a2,
    0x000100a3,0x000120b2,0x000120b3,0x000120b4,0x000120b5,0x000120b6,0x000120b7,0x000120b8,
    0x000120b9,0x000120ba,0x000120bb,0x000120bc,0x000120bd,0x000120be,0x000120bf,0x00012000,
    0x00012001,0x0001400a,0x0001400b,0x0001400c,0x0001400d,0x0001600a,0x0001600b,0x00016000,
    0x00016001,0x0001802d,0x0001802e,0x000100a4,0x000100a5,0x0001a002,0x0001802f,0x000100a6,
    0x000100a7,0x000300a8,0x000100a9,0x000300aa,0x000100ab,0x000300ac,0x000100ad,0x000300ae,
    0x000100af,0x000300b0,0x000100b1,0x000300b2,0x000100b3,0x00012002,0x00012003,0x000100b4,
    0x000100b5,0x00012004,0x00012005,0x000100b6,0x000100b7,0x00012006,0x00012007,0x000100b8,
    0x000100b9,0x00012008,0x00012009,0x000100ba,0x000100bb,0x0001200a,0x0001200b,0x000100bc,
    0x000100bd,0x0001200c,0x0001200d,0x000100be,0x000100bf,0x0001200e,0x0001200f,0x000100c0,
    0x000100c1,0x00012010,0x00012011,0x000100c2,0x000100c3,0x00012012,0x00012013,0x000100c4,
    0x000100c5,0x00012014,0x00012015,0x000100c6,0x000100c7,0x00012016,0x00012017,0x000100c8,
    0x000100c9,0x00012018,0x00012019,0x0001201a,0x0001201b,0x0001201c,0x0001201d,0x0001201e,
    0x0001201f,0x00012020,0x00012021,0x0001400e,0x0001400f,0x00016002,0x00016003,0x00018030,
    0x00018031,0x00018032,0x00018033,0x00028034,0x000100ca,0x000100cb,0x00018035,0x00018036,
    0x000100cc,0x000100cd,0x00018037,0x00018038,0x000100ce,0x000100cf,0x00018039,0x0001803a,
    0x000100d0,0x000100d1,0x0001803b,0x0001803c,0x000100d2,0x000100d3,0x00012022,0x00012023,
    0x000100d4,0x000100d5,0x00012024,0x00012025,0x000100d6,0x000100d7,0x00012026,0x00012027,
    0x000100d8,0x000100d9,0x00012028,0x00012029,0x000100da,0x000100db,0x0001202a,0x0001202b,
    0x000100dc,0x000100dd,0x0001202c,0x0001202d,0x000100de,0x000100df,0x0001202e,0x0001202f,
    0x000100e0,0x000100e1,0x00012030,0x00012031,0x000100e2,0x000100e3,0x00012032,0x00012033,
    0x000100e4,0x000100e5,0x00012034,0x00012035,0x000100e6,0x000100e7,0x00012036,0x00012037,
    0x000100e8,0x000100e9,0x00012038,0x00012039,0x000100ea,0x000100eb,0x0001203a,0x0001203b,
    0x000100ec,0x000100ed,0x0001203c,0x0001203d,0x000100ee,0x000100ef,0x0001203e,0x0001203f,
    0x000100f0,0x000100f1,0x00012040,0x00012041,0x000100f2,0x000100f3,0x00012042,0x00012043,
    0x000100f4,0x000100f5,0x00012044,0x00012045,0x000100f6,0x000100f7,0x00012046,0x00012047,
    0x000100f8,0x000100f9,0x00012048,0x00012049,0x000100fa,0x000100fb,0x0001204a,0x0001204b,
    0x000100fc,0x000100fd,0x0001204c,0x0001204d,0x000100fe,0x000100ff,0x0001204e,0x0001204f,
    0x00010100,0x00010101,0x00012050,0x00012051,0x00010102,0x00010103,0x00012052,0x00012053,
    0x00012054,0x00012055,0x00012056,0x00012057,0x00012058,0x00012059,0x0001205a,0x0001205b,
    0x0001205c,0x0001205d,0x0001205e,0x0001205f,0x00012060,0x00012061,0x00014010,0x00014011,
    0x0001400c,0x0001400d,0x00016004,0x00016005,0x00016006,0x00016007,0x0001803d,0x0001803e,
    0x00010104,0x00010105,0x0001803f,0x0001a003,0x00010106,0x00010107,0x00030108,0x00010109,
    0x0003010a,0x0001010b,0x0003010c,0x0001010d,0x0003010e,0x0001010f,0x00030110,0x00010111,
    0x00030112,0x00010113,0x00012062,0x00012063,0x00010114,0x00010115,0x00012064,0x00012065,
    0x00010116,0x00010117,0x00012066,0x00012067,0x00010118,0x00010119,0x00012068,0x00012069,
    0x0001011a,0x0001011b,0x0001206a,0x0001206b,0x0001011c,0x0001011d,0x0001206c,0x0001206d,
    0x0001011e,0x0001011f,0x0001206e,0x0001206f,0x000100c0,0x000100c1,0x00012070,0x00012071,
    0x000100c2,0x000100c3,0x00012072,0x00012073,0x000100c4,0x000100c5,0x00012074,0x00012075,
    0x000100c6,0x000100c7,0x00012076,0x00012077,0x000100c8,0x000100c9,0x00012078,0x00012079,
    0x0001207a,0x0001207b,0x0001207c,0x0001207d,0x0001207e,0x0001207f,0x00012080,0x00012081,
    0x0001400e,0x0001400f,0x00016008,0x00016009,0x00018040,0x00018041,0x00018042,0x00018043,
    0x00028044,0x000100ca,0x000100cb,0x00018045,0x00018046,0x000100cc,0x000100cd,0x00018047,
    0x00018048,0x000100ce,0x000100cf,0x00018049,0x0001804a,0x000100d0,0x000100d1,0x0001804b,
    0x0001804c,0x000100d2,0x000100d3,0x00012082,0x00012083,0x000100d4,0x000100d5,0x00012084,
    0x00012085,0x000100d6,0x000100d7,0x00012086,0x00012087,0x000100d8,0x000100d9,0x00012088,
    0x00012089,0x000100da,0x000100db,0x0001208a,0x0001208b,0x000100dc,0x000100dd,0x0001208c,
    0x0001208d,0x000100de,0x000100df,0x0001208e,0x0001208f,0x000100e0,0x000100e1,0x00012090,
    0x00012091,0x000100e2,0x000100e3,0x00012092,0x00012093,0x000100e4,0x000100e5,0x00012094,
    0x00012095,0x000100e6,0x000100e7,0x00012096,0x00012097,0x000100e8,0x000100e9,0x00012098,
    0x00012099,0x000100ea,0x000100eb,0x0001209a,0x0001209b,0x000100ec,0x000100ed,0x0001209c,
    0x0001209d,0x000100ee,0x000100ef,0x0001209e,0x0001209f,0x000100f0,0x000100f1,0x000120a0,
    0x000120a1,0x000100f2,0x000100f3,0x000120a2,0x000120a3,0x000100f4,0x000100f5,0x000120a4,
    0x000120a5,0x000100f6,0x000100f7,0x000120a6,0x000120a7,0x000100f8,0x000100f9,0x000120a8,
    0x000120a9,0x000100fa,0x000100fb,0x000120aa,0x000120ab,0x000100fc,0x000100fd,0x000120ac,
    0x000120ad,0x000100fe,0x000100ff,0x000120ae,0x000120af,0x00010100,0x00010101,0x000120b0,
    0x000120b1,0x00010102,0x00010103,0x000120b2,0x000120b3,0x000120b4,0x000120b5,0x000120b6,
    0x000120b7,0x000120b8,0x000120b9,0x000120ba,0x000120bb,0x000120bc,0x000120bd,0x000120be,
    0x000120bf,0x00012000,0x00012001,0x00014010,0x00014011,0x00014012,0x00014013,0x0001600a,
    0x0001600b,0x00016000,0x00016001,0x0001804d,0x0001804e,0x00010104,0x00010105,0x0001a004,
    0x0001804f,0x00010106,0x00010107,0x00030108,0x00010109,0x0003010a,0x0001010b,0x0003010c,
    0x0001010d,0x0003010e,0x0001010f,0x00030110,0x00010111,0x00030112,0x00010113,0x00012002,
    0x00012003,0x00010114,0x00010115,0x00012004,0x00012005,0x00010116,0x00010117,0x00012006,
    0x00012007,0x00010118,0x00010119,0x00012008,0x00012009,0x0001011a,0x0001011b,0x0001200a,
    0x0001200b,0x0001011c,0x0001011d,0x0001200c,0x0001200d,0x0001011e,0x0001011f,0x0001200e,
    0x0001200f,0x00010120,0x00010121,0x00012010,0x00012011,0x00010122,0x00010123,0x00012012,
    0x00012013,0x00010124,0x00010125,0x00012014,0x00012015,0x00010126,0x00010127,0x00012016,
    0x00012017,0x00010128,0x00010129,0x00012018,0x00012019,0x0001201a,0x0001201b,0x0001201c,
    0x0001201d,0x0001201e,0x0001201f,0x00012020,0x00012021,0x00014014,0x00014015,0x00016002,
    0x00016003,0x00018050,0x00018051,0x00018052,0x00018053,0x00028054,0x0001012a,0x0001012b,
    0x00018055,0x00018056,0x0001012c,0x0001012d,0x00018057,0x00018058,0x0001012e,0x0001012f,
    0x00018059,0x0001805a,0x00010130,0x00010131,0x0001805b,0x0001805c,0x00010132,0x00010133,
    0x00012022,0x00012023,0x00010134,0x00010135,0x00012024,0x00012025,0x00010136,0x00010137,
    0x00012026,0x00012027,0x00010138,0x00010139,0x00012028,0x00012029,0x0001013a,0x0001013b,
    0x0001202a,0x0001202b,0x0001013c,0x0001013d,0x0001202c,0x0001202d,0x0001013e,0x0001013f,
    0x0001202e,0x0001202f,0x00010140,0x00010141,0x00012030,0x00012031,0x00010142,0x00010143,
    0x00012032,0x00012033,0x00010144,0x00010145,0x00012034,0x00012035,0x00010146,0x00010147,
    0x00012036,0x00012037,0x00010148,0x00010149,0x00012038,0x00012039,0x0001014a,0x0001014b,
    0x0001203a,0x0001203b,0x0001014c,0x0001014d,0x0001203c,0x0001203d,0x0001014e,0x0001014f,
    0x0001203e,0x0001203f,0x00010150,0x00010151,0x00012040,0x00012041,0x00010152,0x00010153,
    0x00012042,0x00012043,0x00010154,0x00010155,0x00012044,0x00012045,0x00010156,0x00010157,
    0x00012046,0x00012047,0x00010158,0x00010159,0x00012048,0x00012049,0x0001015a,0x0001015b,
    0x0001204a,0x0001204b,0x0001015c,0x0001015d,0x0001204c,0x0001204d,0x0001015e,0x0001015f,
    0x0001204e,0x0001204f,0x00010160,0x00010161,0x00012050,0x00012051,0x00010162,0x00010163,
    0x00012052,0x00012053,0x00012054,0x00012055,0x00012056,0x00012057,0x00012058,0x00012059,
    0x0001205a,0x0001205b,0x0001205c,0x0001205d,0x0001205e,0x0001205f,0x00012060,0x00012061,
    0x00014016,0x00014017,0x00014012,0x00014013,0x00016004,0x00016005,0x00016006,0x00016007,
    0x0001805d,0x0001805e,0x00010164,0x00010165,0x0001805f,0x0001a005,0x00010166,0x00010167,
    0x00030168,0x00010169,0x0003016a,0x0001016b,0x0003016c,0x0001016d,0x0003016e,0x0001016f,
    0x00030170,0x00010171,0x00030172,0x00010173,0x00012062,0x00012063,0x00010174,0x00010175,
    0x00012064,0x00012065,0x00010176,0x00010177,0x00012066,0x00012067,0x00010178,0x00010179,
    0x00012068,0x00012069,0x0001017a,0x0001017b,0x0001206a,0x0001206b,0x0001017c,0x0001017d,
    0x0001206c,0x0001206d,0x0001017e,0x0001017f,0x0001206e,0x0001206f,0x00010120,0x00010121,
    0x00012070,0x00012071,0x00010122,0x00010123,0x00012072,0x00012073,0x00010124,0x00010125,
    0x00012074,0x00012075,0x00010126,0x00010127,0x00012076,0x00012077,0x00010128,0x00010129,
    0x00012078,0x00012079,0x0001207a,0x0001207b,0x0001207c,0x0001207d,0x0001207e,0x0001207f,
    0x00012080,0x00012081,0x00014014,0x00014015,0x00016008,0x00016009,0x00018060,0x00018061,
    0x00018062,0x00018063,0x00028064,0x0001012a,0x0001012b,0x00018065,0x00018066,0x0001012c,
    0x0001012d,0x00018067,0x00018068,0x0001012e,0x0001012f,0x00018069,0x0001806a,0x00010130,
    0x00010131,0x0001806b,0x0001806c,0x00010132,0x00010133,0x00012082,0x00012083,0x00010134,
    0x00010135,0x00012084,0x00012085,0x00010136,0x00010137,0x00012086,0x00012087,0x00010138,
    0x00010139,0x00012088,0x00012089,0x0001013a,0x0001013b,0x0001208a,0x0001208b,0x0001013c,
    0x0001013d,0x0001208c,0x0001208d,0x0001013e,0x0001013f,0x0001208e,0x0001208f,0x00010140,
    0x00010141,0x00012090,0x00012091,0x00010142,0x00010143,0x00012092,0x00012093,0x00010144,
    0x00010145,0x00012094,0x00012095,0x00010146,0x00010147,0x00012096,0x00012097,0x00010148,
    0x00010149,0x00012098,0x00012099,0x0001014a,0x0001014b,0x0001209a,0x0001209b,0x0001014c,
    0x0001014d,0x0001209c,0x0001209d,0x0001014e,0x0001014f,0x0001209e,0x0001209f,0x00010150,
    0x00010151,0x000120a0,0x000120a1,0x00010152,0x00010153,0x000120a2,0x000120a3,0x00010154,
    0x00010155,0x000120a4,0x000120a5,0x00010156,0x00010157,0x000120a6,0x000120a7,0x00010158,
    0x00010159,0x000120a8,0x000120a9,0x0001015a,0x0001015b,0x000120aa,0x000120ab,0x0001015c,
    0x0001015d,0x000120ac,0x000120ad,0x0001015e,0x0001015f,0x000120ae,0x000120af,0x00010160,
    0x00010161,0x000120b0,0x000120b1,0x00010162,0x00010163,0x000120b2,0x000120b3,0x000120b4,
    0x000120b5,0x000120b6,0x000120b7,0x000120b8,0x000120b9,0x000120ba,0x000120bb,0x000120bc,
    0x000120bd,0x000120be,0x000120bf,0x00014016,0x00014017,0x0001600a,0x0001600b,0x0001806d,
    0x0001806e,0x0001a006,0x0001806f,0x00010164,0x00010165,0x00030166,0x00010167,0x00030168,
    0x00010169,0x0003016a,0x0001016b,0x0003016c,0x0001016d,0x0003016e,0x0001016f,0x00030170,
    0x00010171,0x00030172,0x00010173,0x00030174,0x00010175,0x00030176,0x00010177,0x00018070,
    0x00018071,0x00010178,0x00010179,0x00018072,0x00018073,0x0001017a,0x0001017b,0x00018074,
    0x00018075,0x0001017c,0x0001017d,0x00018076,0x00018077,0x0001017e,0x0001017f,0x00018078,
    0x00018079,0x0002807a,0x0002807b,0x0002807c,0x0002807d,0x0002807e,0x0002807f,0x0001a007,
    0x00050000,0x00010001,0x00010002,0x00010003,0x00012000,0x00012001,0x00012002,0x00012003,
    0x00012004,0x00012005,0x00012006,0x00012007,0x00012008,0x00012009,0x0001200a,0x0001200b,
    0x0001200c,0x0001200d,0x0001200e,0x0001200f,0x00012010,0x00012011,0x00012012,0x00012013,
    0x00012014,0x00012015,0x00012016,0x00012017,0x00012018,0x00012019,0x0001201a,0x0001201b,
    0x0001201c,0x0001201d,0x0001201e,0x0001201f,0x00012020,0x00012021,0x00014000,0x00014000,
    0x00014000,0x00014000,0x00016000,0x00016001,0x00016002,0x00016003,0x00030004,0x00010005,
    0x00030006,0x00010007,0x00018000,0x00018001,0x00010008,0x00010009,0x00018002,0x00018003,
    0x0001000a,0x0001000b,0x00018004,0x00018005,0x0001000c,0x0001000d,0x00018006,0x00018007,
    0x0001000e,0x0001000f,0x00018008,0x00018009,0x00010000,0x00010001,0x0001800a,0x0001800b,
    0x00010002,0x00010003,0x00012022,0x00012023,0x00010004,0x00010005,0x00012024,0x00012025,
    0x00010006,0x00010007,0x00012026,0x00012027,0x00010008,0x00010009,0x00012028,0x00012029,
    0x0001000a,0x0001000b,0x0001202a,0x0001202b,0x0001000c,0x0001000d,0x0001202c,0x0001202d,
    0x0001000e,0x0001000f,0x0001202e,0x0001202f,0x00010000,0x00010001,0x00012030,0x00012031,
    0x00010002,0x00010003,0x00012032,0x00012033,0x00010004,0x00010005,0x00012034,0x00012035,
    0x00012036,0x00012037,0x00012038,0x00012039,0x0001203a,0x0001203b,0x0001203c,0x0001203d,
    0x0001203e,0x0001203f,0x00012000,0x00012001,0x00014001,0x00014001,0x00016000,0x00016001,
    0x0001800c,0x0001800d,0x0001a000,0x0001800e,0x0001800f,0x00028010,0x00010006,0x00010007,
    0x00018011,0x00018012,0x00010008,0x00010009,0x00018013,0x00018014,0x0001000a,0x0001000b,
    0x00018015,0x00018016,0x0001000c,0x0001000d,0x00018017,0x00018018,0x0001000e,0x0001000f,
    0x00018019,0x0001801a,0x00010000,0x00010001,0x0001801b,0x0001801c,0x00010002,0x00010003,
    0x00012002,0x00012003,0x00010004,0x00010005,0x00012004,0x00012005,0x00010006,0x00012006,
    0x00012007,0x00012008,0x00012009,0x0001200a,0x0001200b,0x0001200c,0x0001200d,0x0001200e,
    0x0001200f,0x00012010,0x00012011,0x00014001,0x00016002,0x0001801d,0x0001801e,0x0001801f,
    0x0001a001,0x00018020,0x00018021,0x00010007,0x00010008,0x00018022,0x00018023,0x00010009,
    0x0001000a,0x00018024,0x00018025,0x0001000b,0x0001000c,0x00018026,0x00018027,0x0001000d,
    0x0001000e,0x00018028,0x00018029,0x0001000f,0x00010010,0x0001802a,0x0001802b,0x00010011,
    0x00010012,0x0001802c,0x0001802d,0x00010013,0x00010014,0x00012012,0x00012013,0x00010015,
    0x00010016,0x00012014,0x00012015,0x00010017,0x00012016,0x00012017,0x00012018,0x00012019,
    0x0001201a,0x0001201b,0x0001201c,0x0001201d,0x0001201e,0x0001201f,0x00012020,0x00012021,
    0x00014001,0x00016003,0x0001802e,0x0001802f,0x0001a002,0x00018030,0x00018031,0x00028032,
    0x00010018,0x00010019,0x00018033,0x00018034,0x0001001a,0x0001001b,0x00018035,0x00018036,
    0x0001001c,0x0001001d,0x00018037,0x00018038,0x0001001e,0x0001001f,0x00018039,0x0001803a,
    0x00010010,0x00010011,0x0001803b,0x0001803c,0x00010012,0x00010013,0x00012022,0x00012023,
    0x00010014,0x00010015,0x00012024,0x00012025,0x00010016,0x00012026,0x00012027,0x00012028,
    0x00012029,0x0001202a,0x0001202b,0x0001202c,0x0001202d,0x0001202e,0x0001202f,0x00012030,
    0x00012031,0x00014002,0x00016000,0x0001803d,0x0001803e,0x0001803f,0x0001a003,0x00018040,
    0x00018041,0x00010017,0x00010018,0x00018042,0x00018043,0x00010019,0x0001001a,0x00018044,
    0x00018045,0x0001001b,0x0001001c,0x00018046,0x00018047,0x0001001d,0x0001001e,0x00018048,
    0x00018049,0x0001001f,0x00010010,0x0001804a,0x0001804b,0x00010011,0x00010012,0x0001804c,
    0x0001804d,0x00010013,0x00010014,0x00012032,0x00012033,0x00010015,0x00010016,0x00012034,
    0x00012035,0x00010017,0x00012036,0x00012037,0x00012038,0x00012039,0x0001203a,0x0001203b,
    0x0001203c,0x0001203d,0x0001203e,0x0001203f,0x00012000,0x00012001,0x00014002,0x00016001,
    0x0001804e,0x0001804f,0x0001a004,0x00018050,0x00018051,0x00028052,0x00010018,0x00010019,
    0x00018053,0x00018054,0x0001001a,0x0001001b,0x00018055,0x00018056,0x0001001c,0x0001001d,
    0x00018057,0x00018058,0x0001001e,0x0001001f,0x00018059,0x0001805a,0x00010010,0x00010011,
    0x0001805b,0x0001805c,0x00010012,0x00010013,0x00012002,0x00012003,0x00010014,0x00010015,
    0x00012004,0x00012005,0x00010016,0x00012006,0x00012007,0x00012008,0x00012009,0x0001200a,
    0x0001200b,0x0001200c,0x0001200d,0x0001200e,0x0001200f,0x00012010,0x00012011,0x00014002,
    0x00016002,0x0001805d,0x0001805e,0x0001805f,0x0001a005,0x00018060,0x00018061,0x00010017,
    0x00010018,0x00018062,0x00018063,0x00010019,0x0001001a,0x00018064,0x00018065,0x0001001b,
    0x0001001c,0x00018066,0x00018067,0x0001001d,0x0001001e,0x00018068,0x00018069,0x0001001f,
    0x00010020,0x0001806a,0x0001806b,0x00010021,0x00010022,0x0001806c,0x0001806d,0x00010023,
    0x00010024,0x00012012,0x00012013,0x00010025,0x00010026,0x00012014,0x00012015,0x00010027,
    0x00012016,0x00012017,0x00012018,0x00012019,0x0001201a,0x0001201b,0x0001201c,0x0001201d,
    0x0001201e,0x0001201f,0x00012020,0x00012021,0x00014002,0x00016003,0x0001806e,0x0001806f,
    0x0001a006,0x00018070,0x00018071,0x00028072,0x00010028,0x00010029,0x00018073,0x00018074,
    0x0001002a,0x0001002b,0x00018075,0x00018076,0x0001002c,0x0001002d,0x00018077,0x00018078,
    0x0001002e,0x0001002f,0x00018079,0x0001807a,0x00010020,0x00010021,0x0001807b,0x0001807c,
    0x00010022,0x00010023,0x00012022,0x00012023,0x00010024,0x00010025,0x00012024,0x00012025,
    0x00010026,0x00012026,0x00012027,0x00012028,0x00012029,0x0001202a,0x0001202b,0x0001202c,
    0x0001202d,0x0001202e,0x0001202f,0x00012030,0x00012031,0x00014003,0x00016000,0x0001807d,
    0x0001807e,0x0001807f,0x0001a007,0x00018080,0x00018081,0x00010027,0x00010028,0x00018082,
    0x00018083,0x00010029,0x0001002a,0x00018084,0x00018085,0x0001002b,0x0001002c,0x00018086,
    0x00018087,0x0001002d,0x0001002e,0x00018088,0x00018089,0x0001002f,0x00010020,0x0001808a,
    0x0001808b,0x00010021,0x00010022,0x0001808c,0x0001808d,0x00010023,0x00010024,0x00012032,
    0x00012033,0x00010025,0x00010026,0x00012034,0x00012035,0x00010027,0x00012036,0x00012037,
    0x00012038,0x00012039,0x0001203a,0x0001203b,0x0001203c,0x0001203d,0x0001203e,0x0001203f,
    0x00012000,0x00012001,0x00014003,0x00016001,0x0001808e,0x0001808f,0x0001a008,0x00018090,
    0x00018091,0x00028092,0x00010028,0x00010029,0x00018093,0x00018094,0x0001002a,0x0001002b,
    0x00018095,0x00018096,0x0001002c,0x0001002d,0x00018097,0x00018098,0x0001002e,0x0001002f,
    0x00018099,0x0001809a,0x00010020,0x00010021,0x0001809b,0x0001809c,0x00010022,0x00010023,
    0x00012002,0x00012003,0x00010024,0x00010025,0x00012004,0x00012005,0x00010026,0x00012006,
    0x00012007,0x00012008,0x00012009,0x0001200a,0x0001200b,0x0001200c,0x0001200d,0x0001200e,
    0x0001200f,0x00012010,0x00012011,0x00014003,0x00016002,0x0001809d,0x0001809e,0x0001809f,
    0x0001a009,0x000180a0,0x000180a1,0x00010027,0x00010028,0x000180a2,0x000180a3,0x00010029,
    0x0001002a,0x000180a4,0x000180a5,0x0001002b,0x0001002c,0x000180a6,0x000180a7,0x0001002d,
    0x0001002e,0x000180a8,0x000180a9,0x0001002f,0x00010030,0x000180aa,0x000180ab,0x00010031,
    0x00010032,0x000180ac,0x000180ad,0x00010033,0x00010034,0x00012012,0x00012013,0x00010035,
    0x00010036,0x00012014,0x00012015,0x00010037,0x00012016,0x00012017,0x00012018,0x00012019,
    0x0001201a,0x0001201b,0x0001201c,0x0001201d,0x0001201e,0x0001201f,0x00012020,0x00012021,
    0x00014003,0x00016003,0x000180ae,0x000180af,0x0001a00a,0x000180b0,0x000180b1,0x000280b2,
    0x00010038,0x00010039,0x000180b3,0x000180b4,0x0001003a,0x0001003b,0x000180b5,0x000180b6,
    0x0001003c,0x0001003d,0x000180b7,0x000180b8,0x0001003e,0x0001003f,0x000180b9,0x000180ba,
    0x00010030,0x00010031,0x000180bb,0x000180bc,0x00010032,0x00010033,0x00012022,0x00012023,
    0x00010034,0x00010035,0x00012024,0x00012025,0x00010036,0x00012026,0x00012027,0x00012028,
    0x00012029,0x0001202a,0x0001202b,0x0001202c,0x0001202d,0x0001202e,0x0001202f,0x00012030,
    0x00012031,0x000180bd,0x000180be,0x000180bf,0x0001a00b,0x000180c0,0x000180c1,0x00010037,
    0x00010038,0x000180c2,0x000180c3,0x00010039,0x0001003a,0x000180c4,0x000180c5,0x0001003b,
    0x0001003c,0x000180c6,0x000180c7,0x0001003d,0x0001003e,0x000180c8,0x000180c9,0x0001003f,
    0x00010030,0x000180ca,0x000180cb,0x00010031,0x00010032,0x000180cc,0x000180cd,0x00010033,
    0x00010034,0x00012032,0x00012033,0x00010035,0x00010036,0x00012034,0x00012035,0x00010037,
    0x00012036,0x00012037,0x00012038,0x00012039,0x0001203a,0x0001203b,0x0001203c,0x0001203d,
    0x0001203e,0x0001203f,0x000180ce,0x000180cf,0x0001a00c,0x000180d0,0x000180d1,0x000280d2,
    0x00010038,0x00010039,0x000180d3,0x000180d4,0x0001003a,0x0001003b,0x000180d5,0x000180d6,
    0x0001003c,0x0001003d,0x000180d7,0x000180d8,0x0001003e,0x0001003f,0x000180d9,0x000180da,
    0x00010030,0x00010031,0x000180db,0x000180dc,0x00010032,0x00010033,0x000180dd,0x000180de,
    0x00010034,0x00010035,0x000180df,0x0001a00d,0x00010036,0x00010037,0x000180e0,0x000180e1,
    0x00010038,0x00010039,0x000180e2,0x000180e3,0x0001003a,0x0001003b,0x000180e4,0x000180e5,
    0x0001003c,0x0001003d,0x000180e6,0x000180e7,0x0001003e,0x0001003f,0x000180e8,0x000180e9,
    0x000180ea,0x000180eb,0x000280ec,0x000280ed,0x000280ee,0x0002a00e,0x000180ef,0x000180f0,
    0x000280f1,0x000280f2,0x000280f3,0x000280f4,0x000280f5,0x000280f6,0x000280f7,0x000280f8,
    0x000280f9,0x000280fa,0x000280fb,0x000280fc,0x000280fd,0x000280fe,0x000280ff,0x0001a00f,
    0x00050000,0x00010001,0x00010002,0x00010003,0x00012000,0x00012001,0x00012002,0x00012003,
    0x00012004,0x00012005,0x00012006,0x00012007,0x00012008,0x00012009,0x0001200a,0x0001200b,
    0x0001200c,0x0001200d,0x0001200e,0x0001200f,0x00012010,0x00012011,0x00012012,0x00012013,
    0x00012014,0x00012015,0x00012016,0x00012017,0x00012018,0x00012019,0x0001201a,0x0001201b,
    0x0001201c,0x0001201d,0x0001201e,0x0001201f,0x00012020,0x00012021,0x00014000,0x00014001,
    0x00014000,0x00014001,0x00016000,0x00016001,0x00016002,0x00016003,0x00030004,0x00010005,
    0x00030006,0x00010007,0x00030008,0x00010009,0x0003000a,0x0001000b,0x0003000c,0x0001000d,
    0x0003000e,0x0001000f,0x00030010,0x00010011,0x00030012,0x00010013,0x00012022,0x00012023,
    0x00010014,0x00010015,0x00012024,0x00012025,0x00010016,0x00010017,0x00012026,0x00012027,
    0x00010018,0x00010019,0x00012028,0x00012029,0x0001001a,0x0001001b,0x0001202a,0x0001202b,
    0x0001001c,0x0001001d,0x0001202c,0x0001202d,0x0001001e,0x0001001f,0x0001202e,0x0001202f,
    0x00010000,0x00010001,0x00012030,0x00012031,0x00010002,0x00010003,0x00012032,0x00012033,
    0x00010004,0x00010005,0x00012034,0x00012035,0x00010006,0x00010007,0x00012036,0x00012037,
    0x00010008,0x00010009,0x00012038,0x00012039,0x0001203a,0x0001203b,0x0001203c,0x0001203d,
    0x0001203e,0x0001203f,0x00012040,0x00012041,0x00014000,0x00014001,0x00016004,0x00016005,
    0x00018000,0x00018001,0x00018002,0x00018003,0x00028004,0x0001000a,0x0001000b,0x00018005,
    0x00018006,0x0001000c,0x0001000d,0x00018007,0x00018008,0x0001000e,0x0001000f,0x00018009,
    0x0001800a,0x00010010,0x00010011,0x0001800b,0x0001800c,0x00010012,0x00010013,0x00012042,
    0x00012043,0x00010014,0x00010015,0x00012044,0x00012045,0x00010016,0x00010017,0x00012046,
    0x00012047,0x00010018,0x00010019,0x00012048,0x00012049,0x0001001a,0x0001001b,0x0001204a,
    0x0001204b,0x0001001c,0x0001001d,0x0001204c,0x0001204d,0x0001001e,0x0001001f,0x0001204e,
    0x0001204f,0x00010000,0x00010001,0x00012050,0x00012051,0x00010002,0x00010003,0x00012052,
    0x00012053,0x00010004,0x00010005,0x00012054,0x00012055,0x00010006,0x00012056,0x00012057,
    0x00012058,0x00012059,0x0001205a,0x0001205b,0x0001205c,0x0001205d,0x0001205e,0x0001205f,
    0x00012060,0x00012061,0x00014000,0x00014001,0x00016006,0x00016007,0x0001800d,0x0001800e,
    0x0001a000,0x0001800f,0x00018010,0x00028011,0x00010007,0x00010008,0x00018012,0x00018013,
    0x00010009,0x0001000a,0x00018014,0x00018015,0x0001000b,0x0001000c,0x00018016,0x00018017,
    0x0001000d,0x0001000e,0x00018018,0x00018019,0x0001000f,0x00010010,0x0001801a,0x0001801b,
    0x00010011,0x00010012,0x0001801c,0x0001801d,0x00010013,0x00010014,0x00012062,0x00012063,
    0x00010015,0x00010016,0x00012064,0x00012065,0x00010017,0x00010018,0x00012066,0x00012067,
    0x00010019,0x0001001a,0x00012068,0x00012069,0x0001001b,0x0001001c,0x0001206a,0x0001206b,
    0x0001001d,0x0001001e,0x0001206c,0x0001206d,0x0001001f,0x00010000,0x0001206e,0x0001206f,
    0x00010001,0x00010002,0x00012070,0x00012071,0x00010003,0x00010004,0x00012072,0x00012073,
    0x00010005,0x00010006,0x00012074,0x00012075,0x00010007,0x00012076,0x00012077,0x00012078,
    0x00012079,0x0001207a,0x0001207b,0x0001207c,0x0001207d,0x0001207e,0x0001207f,0x00012000,
    0x00012001,0x00014002,0x00014003,0x00016000,0x00016001,0x0001801e,0x0001801f,0x0001a001,
    0x00018020,0x00018021,0x00028022,0x00010008,0x00010009,0x00018023,0x00018024,0x0001000a,
    0x0001000b,0x00018025,0x00018026,0x0001000c,0x0001000d,0x00018027,0x00018028,0x0001000e,
    0x0001000f,0x00018029,0x0001802a,0x00010010,0x00010011,0x0001802b,0x0001802c,0x00010012,
    0x00010013,0x00012002,0x00012003,0x00010014,0x00010015,0x00012004,0x00012005,0x00010016,
    0x00010017,0x00012006,0x00012007,0x00010018,0x00010019,0x00012008,0x00012009,0x0001001a,
    0x0001001b,0x0001200a,0x0001200b,0x0001001c,0x0001001d,0x0001200c,0x0001200d,0x0001001e,
    0x0001001f,0x0001200e,0x0001200f,0x00010020,0x00010021,0x00012010,0x00012011,0x00010022,
    0x00010023,0x00012012,0x00012013,0x00010024,0x00010025,0x00012014,0x00012015,0x00010026,
    0x00012016,0x00012017,0x00012018,0x00012019,0x0001201a,0x0001201b,0x0001201c,0x0001201d,
    0x0001201e,0x0001201f,0x00012020,0x00012021,0x00014002,0x00014003,0x00016002,0x00016003,
    0x0001802d,0x0001802e,0x0001802f,0x0001a002,0x00018030,0x00018031,0x00010027,0x00010028,
    0x00018032,0x00018033,0x00010029,0x0001002a,0x00018034,0x00018035,0x0001002b,0x0001002c,
    0x00018036,0x00018037,0x0001002d,0x0001002e,0x00018038,0x00018039,0x0001002f,0x00010030,
    0x0001803a,0x0001803b,0x00010031,0x00010032,0x0001803c,0x0001803d,0x00010033,0x00010034,
    0x00012022,0x00012023,0x00010035,0x00010036,0x00012024,0x00012025,0x00010037,0x00010038,
    0x00012026,0x00012027,0x00010039,0x0001003a,0x00012028,0x00012029,0x0001003b,0x0001003c,
    0x0001202a,0x0001202b,0x0001003d,0x0001003e,0x0001202c,0x0001202d,0x0001003f,0x00010020,
    0x0001202e,0x0001202f,0x00010021,0x00010022,0x00012030,0x00012031,0x00010023,0x00010024,
    0x00012032,0x00012033,0x00010025,0x00010026,0x00012034,0x00012035,0x00010027,0x00012036,
    0x00012037,0x00012038,0x00012039,0x0001203a,0x0001203b,0x0001203c,0x0001203d,0x0001203e,
    0x0001203f,0x00012040,0x00012041,0x00014002,0x00014003,0x00016004,0x00016005,0x0001803e,
    0x0001803f,0x0001a003,0x00018040,0x00018041,0x00028042,0x00010028,0x00010029,0x00018043,
    0x00018044,0x0001002a,0x0001002b,0x00018045,0x00018046,0x0001002c,0x0001002d,0x00018047,
    0x00018048,0x0001002e,0x0001002f,0x00018049,0x0001804a,0x00010030,0x00010031,0x0001804b,
    0x0001804c,0x00010032,0x00010033,0x00012042,0x00012043,0x00010034,0x00010035,0x00012044,
    0x00012045,0x00010036,0x00010037,0x00012046,0x00012047,0x00010038,0x00010039,0x00012048,
    0x00012049,0x0001003a,0x0001003b,0x0001204a,0x0001204b,0x0001003c,0x0001003d,0x0001204c,
    0x0001204d,0x0001003e,0x0001003f,0x0001204e,0x0001204f,0x00010020,0x00010021,0x00012050,
    0x00012051,0x00010022,0x00010023,0x00012052,0x00012053,0x00010024,0x00010025,0x00012054,
    0x00012055,0x00010026,0x00012056,0x00012057,0x00012058,0x00012059,0x0001205a,0x0001205b,
    0x0001205c,0x0001205d,0x0001205e,0x0001205f,0x00012060,0x00012061,0x00014002,0x00014003,
    0x00016006,0x00016007,0x0001804d,0x0001804e,0x0001804f,0x0001a004,0x00018050,0x00018051,
    0x00010027,0x00010028,0x00018052,0x00018053,0x00010029,0x0001002a,0x00018054,0x00018055,
    0x0001002b,0x0001002c,0x00018056,0x00018057,0x0001002d,0x0001002e,0x00018058,0x00018059,
    0x0001002f,0x00010030,0x0001805a,0x0001805b,0x00010031,0x00010032,0x0001805c,0x0001805d,
    0x00010033,0x00010034,0x00012062,0x00012063,0x00010035,0x00010036,0x00012064,0x00012065,
    0x00010037,0x00010038,0x00012066,0x00012067,0x00010039,0x0001003a,0x00012068,0x00012069,
    0x0001003b,0x0001003c,0x0001206a,0x0001206b,0x0001003d,0x0001003e,0x0001206c,0x0001206d,
    0x0001003f,0x00010020,0x0001206e,0x0001206f,0x00010021,0x00010022,0x00012070,0x00012071,
    0x00010023,0x00010024,0x00012072,0x00012073,0x00010025,0x00010026,0x00012074,0x00012075,
    0x00010027,0x00012076,0x00012077,0x00012078,0x00012079,0x0001207a,0x0001207b,0x0001207c,
    0x0001207d,0x0001207e,0x0001207f,0x00012000,0x00012001,0x00014004,0x00014005,0x00016000,
    0x00016001,0x0001805e,0x0001805f,0x0001a005,0x00018060,0x00018061,0x00028062,0x00010028,
    0x00010029,0x00018063,0x00018064,0x0001002a,0x0001002b,0x00018065,0x00018066,0x0001002c,
    0x0001002d,0x00018067,0x00018068,0x0001002e,0x0001002f,0x00018069,0x0001806a,0x00010030,
    0x00010031,0x0001806b,0x0001806c,0x00010032,0x00010033,0x00012002,0x00012003,0x00010034,
    0x00010035,0x00012004,0x00012005,0x00010036,0x00010037,0x00012006,0x00012007,0x00010038,
    0x00010039,0x00012008,0x00012009,0x0001003a,0x0001003b,0x0001200a,0x0001200b,0x0001003c,
    0x0001003d,0x0001200c,0x0001200d,0x0001003e,0x0001003f,0x0001200e,0x0001200f,0x00010040,
    0x00010041,0x00012010,0x00012011,0x00010042,0x00010043,0x00012012,0x00012013,0x00010044,
    0x00010045,0x00012014,0x00012015,0x00010046,0x00012016,0x00012017,0x00012018,0x00012019,
    0x0001201a,0x0001201b,0x0001201c,0x0001201d,0x0001201e,0x0001201f,0x00012020,0x00012021,
    0x00014004,0x00014005,0x00016002,0x00016003,0x0001806d,0x0001806e,0x0001806f,0x0001a006,
    0x00018070,0x00018071,0x00010047,0x00010048,0x00018072,0x00018073,0x00010049,0x0001004a,
    0x00018074,0x00018075,0x0001004b,0x0001004c,0x00018076,0x00018077,0x0001004d,0x0001004e,
    0x00018078,0x00018079,0x0001004f,0x00010050,0x0001807a,0x0001807b,0x00010051,0x00010052,
    0x0001807c,0x0001807d,0x00010053,0x00010054,0x00012022,0x00012023,0x00010055,0x00010056,
    0x00012024,0x00012025,0x00010057,0x00010058,0x00012026,0x00012027,0x00010059,0x0001005a,
    0x00012028,0x00012029,0x0001005b,0x0001005c,0x0001202a,0x0001202b,0x0001005d,0x0001005e,
    0x0001202c,0x0001202d,0x0001005f,0x00010040,0x0001202e,0x0001202f,0x00010041,0x00010042,
    0x00012030,0x00012031,0x00010043,0x00010044,0x00012032,0x00012033,0x00010045,0x00010046,
    0x00012034,0x00012035,0x00010047,0x00012036,0x00012037,0x00012038,0x00012039,0x0001203a,
    0x0001203b,0x0001203c,0x0001203d,0x0001203e,0x0001203f,0x00012040,0x00012041,0x00014004,
    0x00014005,0x00016004,0x00016005,0x0001807e,0x0001807f,0x0001a007,0x00018080,0x00018081,
    0x00028082,0x00010048,0x00010049,0x00018083,0x00018084,0x0001004a,0x0001004b,0x00018085,
    0x00018086,0x0001004c,0x0001004d,0x00018087,0x00018088,0x0001004e,0x0001004f,0x00018089,
    0x0001808a,0x00010050,0x00010051,0x0001808b,0x0001808c,0x00010052,0x00010053,0x00012042,
    0x00012043,0x00010054,0x00010055,0x00012044,0x00012045,0x00010056,0x00010057,0x00012046,
    0x00012047,0x00010058,0x00010059,0x00012048,0x00012049,0x0001005a,0x0001005b,0x0001204a,
    0x0001204b,0x0001005c,0x0001005d,0x0001204c,0x0001204d,0x0001005e,0x0001005f,0x0001204e,
    0x0001204f,0x00010040,0x00010041,0x00012050,0x00012051,0x00010042,0x00010043,0x00012052,
    0x00012053,0x00010044,0x00010045,0x00012054,0x00012055,0x00010046,0x00012056,0x00012057,
    0x00012058,0x00012059,0x0001205a,0x0001205b,0x0001205c,0x0001205d,0x0001205e,0x0001205f,
    0x00012060,0x00012061,0x00014004,0x00014005,0x00016006,0x00016007,0x0001808d,0x0001808e,
    0x0001808f,0x0001a008,0x00018090,0x00018091,0x00010047,0x00010048,0x00018092,0x00018093,
    0x00010049,0x0001004a,0x00018094,0x00018095,0x0001004b,0x0001004c,0x00018096,0x00018097,
    0x0001004d,0x0001004e,0x00018098,0x00018099,0x0001004f,0x00010050,0x0001809a,0x0001809b,
    0x00010051,0x00010052,0x0001809c,0x0001809d,0x00010053,0x00010054,0x00012062,0x00012063,
    0x00010055,0x00010056,0x00012064,0x00012065,0x00010057,0x00010058,0x00012066,0x00012067,
    0x00010059,0x0001005a,0x00012068,0x00012069,0x0001005b,0x0001005c,0x0001206a,0x0001206b,
    0x0001005d,0x0001005e,0x0001206c,0x0001206d,0x0001005f,0x00010040,0x0001206e,0x0001206f,
    0x00010041,0x00010042,0x00012070,0x00012071,0x00010043,0x00010044,0x00012072,0x00012073,
    0x00010045,0x00010046,0x00012074,0x00012075,0x00010047,0x00012076,0x00012077,0x00012078,
    0x00012079,0x0001207a,0x0001207b,0x0001207c,0x0001207d,0x0001207e,0x0001207f,0x00012000,
    0x00012001,0x00014006,0x00014007,0x00016000,0x00016001,0x0001809e,0x0001809f,0x0001a009,
    0x000180a0,0x000180a1,0x000280a2,0x00010048,0x00010049,0x000180a3,0x000180a4,0x0001004a,
    0x0001004b,0x000180a5,0x000180a6,0x0001004c,0x0001004d,0x000180a7,0x000180a8,0x0001004e,
    0x0001004f,0x000180a9,0x000180aa,0x00010050,0x00010051,0x000180ab,0x000180ac,0x00010052,
    0x00010053,0x00012002,0x00012003,0x00010054,0x00010055,0x00012004,0x00012005,0x00010056,
    0x00010057,0x00012006,0x00012007,0x00010058,0x00010059,0x00012008,0x00012009,0x0001005a,
    0x0001005b,0x0001200a,0x0001200b,0x0001005c,0x0001005d,0x0001200c,0x0001200d,0x0001005e,
    0x0001005f,0x0001200e,0x0001200f,0x00010060,0x00010061,0x00012010,0x00012011,0x00010062,
    0x00010063,0x00012012,0x00012013,0x00010064,0x00010065,0x00012014,0x00012015,0x00010066,
    0x00012016,0x00012017,0x00012018,0x00012019,0x0001201a,0x0001201b,0x0001201c,0x0001201d,
    0x0001201e,0x0001201f,0x00012020,0x00012021,0x00014006,0x00014007,0x00016002,0x00016003,
    0x000180ad,0x000180ae,0x000180af,0x0001a00a,0x000180b0,0x000180b1,0x00010067,0x00010068,
    0x000180b2,0x000180b3,0x00010069,0x0001006a,0x000180b4,0x000180b5,0x0001006b,0x0001006c,
    0x000180b6,0x000180b7,0x0001006d,0x0001006e,0x000180b8,0x000180b9,0x0001006f,0x00010070,
    0x000180ba,0x000180bb,0x00010071,0x00010072,0x000180bc,0x000180bd,0x00010073,0x00010074,
    0x00012022,0x00012023,0x00010075,0x00010076,0x00012024,0x00012025,0x00010077,0x00010078,
    0x00012026,0x00012027,0x00010079,0x0001007a,0x00012028,0x00012029,0x0001007b,0x0001007c,
    0x0001202a,0x0001202b,0x0001007d,0x0001007e,0x0001202c,0x0001202d,0x0001007f,0x00010060,
    0x0001202e,0x0001202f,0x00010061,0x00010062,0x00012030,0x00012031,0x00010063,0x00010064,
    0x00012032,0x00012033,0x00010065,0x00010066,0x00012034,0x00012035,0x00010067,0x00012036,
    0x00012037,0x00012038,0x00012039,0x0001203a,0x0001203b,0x0001203c,0x0001203d,0x0001203e,
    0x0001203f,0x00012040,0x00012041,0x00014006,0x00014007,0x00016004,0x00016005,0x000180be,
    0x000180bf,0x0001a00b,0x000180c0,0x000180c1,0x000280c2,0x00010068,0x00010069,0x000180c3,
    0x000180c4,0x0001006a,0x0001006b,0x000180c5,0x000180c6,0x0001006c,0x0001006d,0x000180c7,
    0x000180c8,0x0001006e,0x0001006f,0x000180c9,0x000180ca,0x00010070,0x00010071,0x000180cb,
    0x000180cc,0x00010072,0x00010073,0x00012042,0x00012043,0x00010074,0x00010075,0x00012044,
    0x00012045,0x00010076,0x00010077,0x00012046,0x00012047,0x00010078,0x00010079,0x00012048,
    0x00012049,0x0001007a,0x0001007b,0x0001204a,0x0001204b,0x0001007c,0x0001007d,0x0001204c,
    0x0001204d,0x0001007e,0x0001007f,0x0001204e,0x0001204f,0x00010060,0x00010061,0x00012050,
    0x00012051,0x00010062,0x00010063,0x00012052,0x00012053,0x00010064,0x00010065,0x00012054,
    0x00012055,0x00010066,0x00012056,0x00012057,0x00012058,0x00012059,0x0001205a,0x0001205b,
    0x0001205c,0x0001205d,0x0001205e,0x0001205f,0x00012060,0x00012061,0x00014006,0x00014007,
    0x00016006,0x00016007,0x000180cd,0x000180ce,0x000180cf,0x0001a00c,0x000180d0,0x000180d1,
    0x00010067,0x00010068,0x000180d2,0x000180d3,0x00010069,0x0001006a,0x000180d4,0x000180d5,
    0x0001006b,0x0001006c,0x000180d6,0x000180d7,0x0001006d,0x0001006e,0x000180d8,0x000180d9,
    0x0001006f,0x00010070,0x000180da,0x000180db,0x00010071,0x00010072,0x000180dc,0x000180dd,
    0x00010073,0x00010074,0x00012062,0x00012063,0x00010075,0x00010076,0x00012064,0x00012065,
    0x00010077,0x00010078,0x00012066,0x00012067,0x00010079,0x0001007a,0x00012068,0x00012069,
    0x0001007b,0x0001007c,0x0001206a,0x0001206b,0x0001007d,0x0001007e,0x0001206c,0x0001206d,
    0x0001007f,0x00010060,0x0001206e,0x0001206f,0x00010061,0x00010062,0x00012070,0x00012071,
    0x00010063,0x00010064,0x00012072,0x00012073,0x00010065,0x00010066,0x00012074,0x00012075,
    0x00010067,0x00012076,0x00012077,0x00012078,0x00012079,0x0001207a,0x0001207b,0x0001207c,
    0x0001207d,0x0001207e,0x0001207f,0x000180de,0x000180df,0x0001a00d,0x000180e0,0x000180e1,
    0x000280e2,0x00010068,0x00010069,0x000180e3,0x000180e4,0x0001006a,0x0001006b,0x000180e5,
    0x000180e6,0x0001006c,0x0001006d,0x000180e7,0x000180e8,0x0001006e,0x0001006f,0x000180e9,
    0x000180ea,0x00010070,0x00010071,0x000180eb,0x000180ec,0x00010072,0x00010073,0x000180ed,
    0x000180ee,0x00010074,0x00010075,0x000180ef,0x0001a00e,0x00010076,0x00010077,0x000180f0,
    0x000180f1,0x00010078,0x00010079,0x000180f2,0x000180f3,0x0001007a,0x0001007b,0x000180f4,
    0x000180f5,0x0001007c,0x0001007d,0x000180f6,0x000180f7,0x0001007e,0x0001007f,0x000180f8,
    0x000180f9,0x000280fa,0x000280fb,0x000280fc,0x000280fd,0x000280fe,0x0002a00f,0x000180ff,
    0x00050000,0x00010001,0x00010002,0x00010003,0x00012000,0x00012001,0x00012002,0x00012003,
    0x00012004,0x00012005,0x00012006,0x00012007,0x00012008,0x00012009,0x0001200a,0x0001200b,
    0x0001200c,0x0001200d,0x0001200e,0x0001200f,0x00012010,0x00012011,0x00012012,0x00012013,
    0x00012014,0x00012015,0x00012016,0x00012017,0x00012018,0x00012019,0x0001201a,0x0001201b,
    0x0001201c,0x0001201d,0x0001201e,0x0001201f,0x00012020,0x00012021,0x00014000,0x00014001,
    0x00014002,0x00014000,0x00016000,0x00016001,0x00016002,0x00016003,0x00030004,0x00010005,
    0x00030006,0x00010007,0x00030008,0x00010009,0x0003000a,0x0001000b,0x0003000c,0x0001000d,
    0x0003000e,0x0001000f,0x00030010,0x00010011,0x00030012,0x00010013,0x00012022,0x00012023,
    0x00010014,0x00010015,0x00012024,0x00012025,0x00010016,0x00010017,0x00012026,0x00012027,
    0x00010018,0x00010019,0x00012028,0x00012029,0x0001001a,0x0001001b,0x0001202a,0x0001202b,
    0x0001001c,0x0001001d,0x0001202c,0x0001202d,0x0001001e,0x0001001f,0x0001202e,0x0001202f,
    0x00010020,0x00010021,0x00012030,0x00012031,0x00010022,0x00010023,0x00012032,0x00012033,
    0x00010024,0x00010025,0x00012034,0x00012035,0x00010026,0x00010027,0x00012036,0x00012037,
    0x00010028,0x00010029,0x00012038,0x00012039,0x0001002a,0x0001002b,0x0001203a,0x0001203b,
    0x0001002c,0x0001002d,0x0001203c,0x0001203d,0x0001002e,0x0001002f,0x0001203e,0x0001203f,
    0x00010000,0x00010001,0x00012040,0x00012041,0x00010002,0x00010003,0x00012042,0x00012043,
    0x00010004,0x00010005,0x00012044,0x00012045,0x00010006,0x00010007,0x00012046,0x00012047,
    0x00010008,0x00010009,0x00012048,0x00012049,0x0001204a,0x0001204b,0x0001204c,0x0001204d,
    0x0001204e,0x0001204f,0x00012050,0x00012051,0x00014001,0x00014002,0x00014000,0x00016004,
    0x00016005,0x00016006,0x00018000,0x00018001,0x00018002,0x00018003,0x00028004,0x0001000a,
    0x0001000b,0x00018005,0x00018006,0x0001000c,0x0001000d,0x00018007,0x00018008,0x0001000e,
    0x0001000f,0x00018009,0x0001800a,0x00010010,0x00010011,0x0001800b,0x0001800c,0x00010012,
    0x00010013,0x00012052,0x00012053,0x00010014,0x00010015,0x00012054,0x00012055,0x00010016,
    0x00010017,0x00012056,0x00012057,0x00010018,0x00010019,0x00012058,0x00012059,0x0001001a,
    0x0001001b,0x0001205a,0x0001205b,0x0001001c,0x0001001d,0x0001205c,0x0001205d,0x0001001e,
    0x0001001f,0x0001205e,0x0001205f,0x00010020,0x00010021,0x00012060,0x00012061,0x00010022,
    0x00010023,0x00012062,0x00012063,0x00010024,0x00010025,0x00012064,0x00012065,0x00010026,
    0x00010027,0x00012066,0x00012067,0x00010028,0x00010029,0x00012068,0x00012069,0x0001002a,
    0x0001002b,0x0001206a,0x0001206b,0x0001002c,0x0001002d,0x0001206c,0x0001206d,0x0001002e,
    0x0001002f,0x0001206e,0x0001206f,0x00010000,0x00010001,0x00012070,0x00012071,0x00010002,
    0x00010003,0x00012072,0x00012073,0x00010004,0x00010005,0x00012074,0x00012075,0x00010006,
    0x00012076,0x00012077,0x00012078,0x00012079,0x0001207a,0x0001207b,0x0001207c,0x0001207d,
    0x0001207e,0x0001207f,0x00012080,0x00012081,0x00014001,0x00014002,0x00014000,0x00016007,
    0x00016008,0x00016009,0x0001800d,0x0001800e,0x0001a000,0x0001800f,0x00018010,0x00028011,
    0x00010007,0x00010008,0x00018012,0x00018013,0x00010009,0x0001000a,0x00018014,0x00018015,
    0x0001000b,0x0001000c,0x00018016,0x00018017,0x0001000d,0x0001000e,0x00018018,0x00018019,
    0x0001000f,0x00010010,0x0001801a,0x0001801b,0x00010011,0x00010012,0x0001801c,0x0001801d,
    0x00010013,0x00010014,0x00012082,0x00012083,0x00010015,0x00010016,0x00012084,0x00012085,
    0x00010017,0x00010018,0x00012086,0x00012087,0x00010019,0x0001001a,0x00012088,0x00012089,
    0x0001001b,0x0001001c,0x0001208a,0x0001208b,0x0001001d,0x0001001e,0x0001208c,0x0001208d,
    0x0001001f,0x00010020,0x0001208e,0x0001208f,0x00010021,0x00010022,0x00012090,0x00012091,
    0x00010023,0x00010024,0x00012092,0x00012093,0x00010025,0x00010026,0x00012094,0x00012095,
    0x00010027,0x00010028,0x00012096,0x00012097,0x00010029,0x0001002a,0x00012098,0x00012099,
    0x0001002b,0x0001002c,0x0001209a,0x0001209b,0x0001002d,0x0001002e,0x0001209c,0x0001209d,
    0x0001002f,0x00010000,0x0001209e,0x0001209f,0x00010001,0x00010002,0x000120a0,0x000120a1,
    0x00010003,0x00010004,0x000120a2,0x000120a3,0x00010005,0x00010006,0x000120a4,0x000120a5,
    0x00010007,0x000120a6,0x000120a7,0x000120a8,0x000120a9,0x000120aa,0x000120ab,0x000120ac,
    0x000120ad,0x000120ae,0x000120af,0x000120b0,0x000120b1,0x00014001,0x00014002,0x00014003,
    0x0001600a,0x0001600b,0x00016000,0x0001801e,0x0001801f,0x0001a001,0x00018020,0x00018021,
    0x00028022,0x00010008,0x00010009,0x00018023,0x00018024,0x0001000a,0x0001000b,0x00018025,
    0x00018026,0x0001000c,0x0001000d,0x00018027,0x00018028,0x0001000e,0x0001000f,0x00018029,
    0x0001802a,0x00010010,0x00010011,0x0001802b,0x0001802c,0x00010012,0x00010013,0x000120b2,
    0x000120b3,0x00010014,0x00010015,0x000120b4,0x000120b5,0x00010016,0x00010017,0x000120b6,
    0x000120b7,0x00010018,0x00010019,0x000120b8,0x000120b9,0x0001001a,0x0001001b,0x000120ba,
    0x000120bb,0x0001001c,0x0001001d,0x000120bc,0x000120bd,0x0001001e,0x0001001f,0x000120be,
    0x000120bf,0x00010020,0x00010021,0x00012000,0x00012001,0x00010022,0x00010023,0x00012002,
    0x00012003,0x00010024,0x00010025,0x00012004,0x00012005,0x00010026,0x00010027,0x00012006,
    0x00012007,0x00010028,0x00010029,0x00012008,0x00012009,0x0001002a,0x0001002b,0x0001200a,
    0x0001200b,0x0001002c,0x0001002d,0x0001200c,0x0001200d,0x0001002e,0x0001002f,0x0001200e,
    0x0001200f,0x00010030,0x00010031,0x00012010,0x00012011,0x00010032,0x00010033,0x00012012,
    0x00012013,0x00010034,0x00010035,0x00012014,0x00012015,0x00010036,0x00012016,0x00012017,
    0x00012018,0x00012019,0x0001201a,0x0001201b,0x0001201c,0x0001201d,0x0001201e,0x0001201f,
    0x00012020,0x00012021,0x00014004,0x00014005,0x00014003,0x00016001,0x00016002,0x00016003,
    0x0001802d,0x0001802e,0x0001802f,0x0001a002,0x00018030,0x00018031,0x00010037,0x00010038,
    0x00018032,0x00018033,0x00010039,0x0001003a,0x00018034,0x00018035,0x0001003b,0x0001003c,
    0x00018036,0x00018037,0x0001003d,0x0001003e,0x00018038,0x00018039,0x0001003f,0x00010040,
    0x0001803a,0x0001803b,0x00010041,0x00010042,0x0001803c,0x0001803d,0x00010043,0x00010044,
    0x00012022,0x00012023,0x00010045,0x00010046,0x00012024,0x00012025,0x00010047,0x00010048,
    0x00012026,0x00012027,0x00010049,0x0001004a,0x00012028,0x00012029,0x0001004b,0x0001004c,
    0x0001202a,0x0001202b,0x0001004d,0x0001004e,0x0001202c,0x0001202d,0x0001004f,0x00010050,
    0x0001202e,0x0001202f,0x00010051,0x00010052,0x00012030,0x00012031,0x00010053,0x00010054,
    0x00012032,0x00012033,0x00010055,0x00010056,0x00012034,0x00012035,0x00010057,0x00010058,
    0x00012036,0x00012037,0x00010059,0x0001005a,0x00012038,0x00012039,0x0001005b,0x0001005c,
    0x0001203a,0x0001203b,0x0001005d,0x0001005e,0x0001203c,0x0001203d,0x0001005f,0x00010030,
    0x0001203e,0x0001203f,0x00010031,0x00010032,0x00012040,0x00012041,0x00010033,0x00010034,
    0x00012042,0x00012043,0x00010035,0x00010036,0x00012044,0x00012045,0x00010037,0x00012046,
    0x00012047,0x00012048,0x00012049,0x0001204a,0x0001204b,0x0001204c,0x0001204d,0x0001204e,
    0x0001204f,0x00012050,0x00012051,0x00014004,0x00014005,0x00014003,0x00016004,0x00016005,
    0x00016006,0x0001803e,0x0001803f,0x0001a003,0x00018040,0x00018041,0x00028042,0x00010038,
    0x00010039,0x00018043,0x00018044,0x0001003a,0x0001003b,0x00018045,0x00018046,0x0001003c,
    0x0001003d,0x00018047,0x00018048,0x0001003e,0x0001003f,0x00018049,0x0001804a,0x00010040,
    0x00010041,0x0001804b,0x0001804c,0x00010042,0x00010043,0x00012052,0x00012053,0x00010044,
    0x00010045,0x00012054,0x00012055,0x00010046,0x00010047,0x00012056,0x00012057,0x00010048,
    0x00010049,0x00012058,0x00012059,0x0001004a,0x0001004b,0x0001205a,0x0001205b,0x0001004c,
    0x0001004d,0x0001205c,0x0001205d,0x0001004e,0x0001004f,0x0001205e,0x0001205f,0x00010050,
    0x00010051,0x00012060,0x00012061,0x00010052,0x00010053,0x00012062,0x00012063,0x00010054,
    0x00010055,0x00012064,0x00012065,0x00010056,0x00010057,0x00012066,0x00012067,0x00010058,
    0x00010059,0x00012068,0x00012069,0x0001005a,0x0001005b,0x0001206a,0x0001206b,0x0001005c,
    0x0001005d,0x0001206c,0x0001206d,0x0001005e,0x0001005f,0x0001206e,0x0001206f,0x00010030,
    0x00010031,0x00012070,0x00012071,0x00010032,0x00010033,0x00012072,0x00012073,0x00010034,
    0x00010035,0x00012074,0x00012075,0x00010036,0x00012076,0x00012077,0x00012078,0x00012079,
    0x0001207a,0x0001207b,0x0001207c,0x0001207d,0x0001207e,0x0001207f,0x00012080,0x00012081,
    0x00014004,0x00014005,0x00014003,0x00016007,0x00016008,0x00016009,0x0001804d,0x0001804e,
    0x0001804f,0x0001a004,0x00018050,0x00018051,0x00010037,0x00010038,0x00018052,0x00018053,
    0x00010039,0x0001003a,0x00018054,0x00018055,0x0001003b,0x0001003c,0x00018056,0x00018057,
    0x0001003d,0x0001003e,0x00018058,0x00018059,0x0001003f,0x00010040,0x0001805a,0x0001805b,
    0x00010041,0x00010042,0x0001805c,0x0001805d,0x00010043,0x00010044,0x00012082,0x00012083,
    0x00010045,0x00010046,0x00012084,0x00012085,0x00010047,0x00010048,0x00012086,0x00012087,
    0x00010049,0x0001004a,0x00012088,0x00012089,0x0001004b,0x0001004c,0x0001208a,0x0001208b,
    0x0001004d,0x0001004e,0x0001208c,0x0001208d,0x0001004f,0x00010050,0x0001208e,0x0001208f,
    0x00010051,0x00010052,0x00012090,0x00012091,0x00010053,0x00010054,0x00012092,0x00012093,
    0x00010055,0x00010056,0x00012094,0x00012095,0x00010057,0x00010058,0x00012096,0x00012097,
    0x00010059,0x0001005a,0x00012098,0x00012099,0x0001005b,0x0001005c,0x0001209a,0x0001209b,
    0x0001005d,0x0001005e,0x0001209c,0x0001209d,0x0001005f,0x00010030,0x0001209e,0x0001209f,
    0x00010031,0x00010032,0x000120a0,0x000120a1,0x00010033,0x00010034,0x000120a2,0x000120a3,
    0x00010035,0x00010036,0x000120a4,0x000120a5,0x00010037,0x000120a6,0x000120a7,0x000120a8,
    0x000120a9,0x000120aa,0x000120ab,0x000120ac,0x000120ad,0x000120ae,0x000120af,0x000120b0,
    0x000120b1,0x00014004,0x00014005,0x00014006,0x0001600a,0x0001600b,0x00016000,0x0001805e,
    0x0001805f,0x0001a005,0x00018060,0x00018061,0x00028062,0x00010038,0x00010039,0x00018063,
    0x00018064,0x0001003a,0x0001003b,0x00018065,0x00018066,0x0001003c,0x0001003d,0x00018067,
    0x00018068,0x0001003e,0x0001003f,0x00018069,0x0001806a,0x00010040,0x00010041,0x0001806b,
    0x0001806c,0x00010042,0x00010043,0x000120b2,0x000120b3,0x00010044,0x00010045,0x000120b4,
    0x000120b5,0x00010046,0x00010047,0x000120b6,0x000120b7,0x00010048,0x00010049,0x000120b8,
    0x000120b9,0x0001004a,0x0001004b,0x000120ba,0x000120bb,0x0001004c,0x0001004d,0x000120bc,
    0x000120bd,0x0001004e,0x0001004f,0x000120be,0x000120bf,0x00010050,0x00010051,0x00012000,
    0x00012001,0x00010052,0x00010053,0x00012002,0x00012003,0x00010054,0x00010055,0x00012004,
    0x00012005,0x00010056,0x00010057,0x00012006,0x00012007,0x00010058,0x00010059,0x00012008,
    0x00012009,0x0001005a,0x0001005b,0x0001200a,0x0001200b,0x0001005c,0x0001005d,0x0001200c,
    0x0001200d,0x0001005e,0x0001005f,0x0001200e,0x0001200f,0x00010060,0x00010061,0x00012010,
    0x00012011,0x00010062,0x00010063,0x00012012,0x00012013,0x00010064,0x00010065,0x00012014,
    0x00012015,0x00010066,0x00012016,0x00012017,0x00012018,0x00012019,0x0001201a,0x0001201b,
    0x0001201c,0x0001201d,0x0001201e,0x0001201f,0x00012020,0x00012021,0x00014007,0x00014008,
    0x00014006,0x00016001,0x00016002,0x00016003,0x0001806d,0x0001806e,0x0001806f,0x0001a006,
    0x00018070,0x00018071,0x00010067,0x00010068,0x00018072,0x00018073,0x00010069,0x0001006a,
    0x00018074,0x00018075,0x0001006b,0x0001006c,0x00018076,0x00018077,0x0001006d,0x0001006e,
    0x00018078,0x00018079,0x0001006f,0x00010070,0x0001807a,0x0001807b,0x00010071,0x00010072,
    0x0001807c,0x0001807d,0x00010073,0x00010074,0x00012022,0x00012023,0x00010075,0x00010076,
    0x00012024,0x00012025,0x00010077,0x00010078,0x00012026,0x00012027,0x00010079,0x0001007a,
    0x00012028,0x00012029,0x0001007b,0x0001007c,0x0001202a,0x0001202b,0x0001007d,0x0001007e,
    0x0001202c,0x0001202d,0x0001007f,0x00010080,0x0001202e,0x0001202f,0x00010081,0x00010082,
    0x00012030,0x00012031,0x00010083,0x00010084,0x00012032,0x00012033,0x00010085,0x00010086,
    0x00012034,0x00012035,0x00010087,0x00010088,0x00012036,0x00012037,0x00010089,0x0001008a,
    0x00012038,0x00012039,0x0001008b,0x0001008c,0x0001203a,0x0001203b,0x0001008d,0x0001008e,
    0x0001203c,0x0001203d,0x0001008f,0x00010060,0x0001203e,0x0001203f,0x00010061,0x00010062,
    0x00012040,0x00012041,0x00010063,0x00010064,0x00012042,0x00012043,0x00010065,0x00010066,
    0x00012044,0x00012045,0x00010067,0x00012046,0x00012047,0x00012048,0x00012049,0x0001204a,
    0x0001204b,0x0001204c,0x0001204d,0x0001204e,0x0001204f,0x00012050,0x00012051,0x00014007,
    0x00014008,0x00014006,0x00016004,0x00016005,0x00016006,0x0001807e,0x0001807f,0x0001a007,
    0x00018080,0x00018081,0x00028082,0x00010068,0x00010069,0x00018083,0x00018084,0x0001006a,
    0x0001006b,0x00018085,0x00018086,0x0001006c,0x0001006d,0x00018087,0x00018088,0x0001006e,
    0x0001006f,0x00018089,0x0001808a,0x00010070,0x00010071,0x0001808b,0x0001808c,0x00010072,
    0x00010073,0x00012052,0x00012053,0x00010074,0x00010075,0x00012054,0x00012055,0x00010076,
    0x00010077,0x00012056,0x00012057,0x00010078,0x00010079,0x00012058,0x00012059,0x0001007a,
    0x0001007b,0x0001205a,0x0001205b,0x0001007c,0x0001007d,0x0001205c,0x0001205d,0x0001007e,
    0x0001007f,0x0001205e,0x0001205f,0x00010080,0x00010081,0x00012060,0x00012061,0x00010082,
    0x00010083,0x00012062,0x00012063,0x00010084,0x00010085,0x00012064,0x00012065,0x00010086,
    0x00010087,0x00012066,0x00012067,0x00010088,0x00010089,0x00012068,0x00012069,0x0001008a,
    0x0001008b,0x0001206a,0x0001206b,0x0001008c,0x0001008d,0x0001206c,0x0001206d,0x0001008e,
    0x0001008f,0x0001206e,0x0001206f,0x00010060,0x00010061,0x00012070,0x00012071,0x00010062,
    0x00010063,0x00012072,0x00012073,0x00010064,0x00010065,0x00012074,0x00012075,0x00010066,
    0x00012076,0x00012077,0x00012078,0x00012079,0x0001207a,0x0001207b,0x0001207c,0x0001207d,
    0x0001207e,0x0001207f,0x00012080,0x00012081,0x00014007,0x00014008,0x00014006,0x00016007,
    0x00016008,0x00016009,0x0001808d,0x0001808e,0x0001808f,0x0001a008,0x00018090,0x00018091,
    0x00010067,0x00010068,0x00018092,0x00018093,0x00010069,0x0001006a,0x00018094,0x00018095,
    0x0001006b,0x0001006c,0x00018096,0x00018097,0x0001006d,0x0001006e,0x00018098,0x00018099,
    0x0001006f,0x00010070,0x0001809a,0x0001809b,0x00010071,0x00010072,0x0001809c,0x0001809d,
    0x00010073,0x00010074,0x00012082,0x00012083,0x00010075,0x00010076,0x00012084,0x00012085,
    0x00010077,0x00010078,0x00012086,0x00012087,0x00010079,0x0001007a,0x00012088,0x00012089,
    0x0001007b,0x0001007c,0x0001208a,0x0001208b,0x0001007d,0x0001007e,0x0001208c,0x0001208d,
    0x0001007f,0x00010080,0x0001208e,0x0001208f,0x00010081,0x00010082,0x00012090,0x00012091,
    0x00010083,0x00010084,0x00012092,0x00012093,0x00010085,0x00010086,0x00012094,0x00012095,
    0x00010087,0x00010088,0x00012096,0x00012097,0x00010089,0x0001008a,0x00012098,0x00012099,
    0x0001008b,0x0001008c,0x0001209a,0x0001209b,0x0001008d,0x0001008e,0x0001209c,0x0001209d,
    0x0001008f,0x00010060,0x0001209e,0x0001209f,0x00010061,0x00010062,0x000120a0,0x000120a1,
    0x00010063,0x00010064,0x000120a2,0x000120a3,0x00010065,0x00010066,0x000120a4,0x000120a5,
    0x00010067,0x000120a6,0x000120a7,0x000120a8,0x000120a9,0x000120aa,0x000120ab,0x000120ac,
    0x000120ad,0x000120ae,0x000120af,0x000120b0,0x000120b1,0x00014007,0x00014008,0x00014009,
    0x0001600a,0x0001600b,0x00016000,0x0001809e,0x0001809f,0x0001a009,0x000180a0,0x000180a1,
    0x000280a2,0x00010068,0x00010069,0x000180a3,0x000180a4,0x0001006a,0x0001006b,0x000180a5,
    0x000180a6,0x0001006c,0x0001006d,0x000180a7,0x000180a8,0x0001006e,0x0001006f,0x000180a9,
    0x000180aa,0x00010070,0x00010071,0x000180ab,0x000180ac,0x00010072,0x00010073,0x000120b2,
    0x000120b3,0x00010074,0x00010075,0x000120b4,0x000120b5,0x00010076,0x00010077,0x000120b6,
    0x000120b7,0x00010078,0x00010079,0x000120b8,0x000120b9,0x0001007a,0x0001007b,0x000120ba,
    0x000120bb,0x0001007c,0x0001007d,0x000120bc,0x000120bd,0x0001007e,0x0001007f,0x000120be,
    0x000120bf,0x00010080,0x00010081,0x00012000,0x00012001,0x00010082,0x00010083,0x00012002,
    0x00012003,0x00010084,0x00010085,0x00012004,0x00012005,0x00010086,0x00010087,0x00012006,
    0x00012007,0x00010088,0x00010089,0x00012008,0x00012009,0x0001008a,0x0001008b,0x0001200a,
    0x0001200b,0x0001008c,0x0001008d,0x0001200c,0x0001200d,0x0001008e,0x0001008f,0x0001200e,
    0x0001200f,0x00010090,0x00010091,0x00012010,0x00012011,0x00010092,0x00010093,0x00012012,
    0x00012013,0x00010094,0x00010095,0x00012014,0x00012015,0x00010096,0x00012016,0x00012017,
    0x00012018,0x00012019,0x0001201a,0x0001201b,0x0001201c,0x0001201d,0x0001201e,0x0001201f,
    0x00012020,0x00012021,0x0001400a,0x0001400b,0x00014009,0x00016001,0x00016002,0x00016003,
    0x000180ad,0x000180ae,0x000180af,0x0001a00a,0x000180b0,0x000180b1,0x00010097,0x00010098,
    0x000180b2,0x000180b3,0x00010099,0x0001009a,0x000180b4,0x000180b5,0x0001009b,0x0001009c,
    0x000180b6,0x000180b7,0x0001009d,0x0001009e,0x000180b8,0x000180b9,0x0001009f,0x000100a0,
    0x000180ba,0x000180bb,0x000100a1,0x000100a2,0x000180bc,0x000180bd,0x000100a3,0x000100a4,
    0x00012022,0x00012023,0x000100a5,0x000100a6,0x00012024,0x00012025,0x000100a7,0x000100a8,
    0x00012026,0x00012027,0x000100a9,0x000100aa,0x00012028,0x00012029,0x000100ab,0x000100ac,
    0x0001202a,0x0001202b,0x000100ad,0x000100ae,0x0001202c,0x0001202d,0x000100af,0x000100b0,
    0x0001202e,0x0001202f,0x000100b1,0x000100b2,0x00012030,0x00012031,0x000100b3,0x000100b4,
    0x00012032,0x00012033,0x000100b5,0x000100b6,0x00012034,0x00012035,0x000100b7,0x000100b8,
    0x00012036,0x00012037,0x000100b9,0x000100ba,0x00012038,0x00012039,0x000100bb,0x000100bc,
    0x0001203a,0x0001203b,0x000100bd,0x000100be,0x0001203c,0x0001203d,0x000100bf,0x00010090,
    0x0001203e,0x0001203f,0x00010091,0x00010092,0x00012040,0x00012041,0x00010093,0x00010094,
    0x00012042,0x00012043,0x00010095,0x00010096,0x00012044,0x00012045,0x00010097,0x00012046,
    0x00012047,0x00012048,0x00012049,0x0001204a,0x0001204b,0x0001204c,0x0001204d,0x0001204e,
    0x0001204f,0x00012050,0x00012051,0x0001400a,0x0001400b,0x00014009,0x00016004,0x00016005,
    0x00016006,0x000180be,0x000180bf,0x0001a00b,0x000180c0,0x000180c1,0x000280c2,0x00010098,
    0x00010099,0x000180c3,0x000180c4,0x0001009a,0x0001009b,0x000180c5,0x000180c6,0x0001009c,
    0x0001009d,0x000180c7,0x000180c8,0x0001009e,0x0001009f,0x000180c9,0x000180ca,0x000100a0,
    0x000100a1,0x000180cb,0x000180cc,0x000100a2,0x000100a3,0x00012052,0x00012053,0x000100a4,
    0x000100a5,0x00012054,0x00012055,0x000100a6,0x000100a7,0x00012056,0x00012057,0x000100a8,
    0x000100a9,0x00012058,0x00012059,0x000100aa,0x000100ab,0x0001205a,0x0001205b,0x000100ac,
    0x000100ad,0x0001205c,0x0001205d,0x000100ae,0x000100af,0x0001205e,0x0001205f,0x000100b0,
    0x000100b1,0x00012060,0x00012061,0x000100b2,0x000100b3,0x00012062,0x00012063,0x000100b4,
    0x000100b5,0x00012064,0x00012065,0x000100b6,0x000100b7,0x00012066,0x00012067,0x000100b8,
    0x000100b9,0x00012068,0x00012069,0x000100ba,0x000100bb,0x0001206a,0x0001206b,0x000100bc,
    0x000100bd,0x0001206c,0x0001206d,0x000100be,0x000100bf,0x0001206e,0x0001206f,0x00010090,
    0x00010091,0x00012070,0x00012071,0x00010092,0x00010093,0x00012072,0x00012073,0x00010094,
    0x00010095,0x00012074,0x00012075,0x00010096,0x00012076,0x00012077,0x00012078,0x00012079,
    0x0001207a,0x0001207b,0x0001207c,0x0001207d,0x0001207e,0x0001207f,0x00012080,0x00012081,
    0x0001400a,0x0001400b,0x00014009,0x00016007,0x00016008,0x00016009,0x000180cd,0x000180ce,
    0x000180cf,0x0001a00c,0x000180d0,0x000180d1,0x00010097,0x00010098,0x000180d2,0x000180d3,
    0x00010099,0x0001009a,0x000180d4,0x000180d5,0x0001009b,0x0001009c,0x000180d6,0x000180d7,
    0x0001009d,0x0001009e,0x000180d8,0x000180d9,0x0001009f,0x000100a0,0x000180da,0x000180db,
    0x000100a1,0x000100a2,0x000180dc,0x000180dd,0x000100a3,0x000100a4,0x00012082,0x00012083,
    0x000100a5,0x000100a6,0x00012084,0x00012085,0x000100a7,0x000100a8,0x00012086,0x00012087,
    0x000100a9,0x000100aa,0x00012088,0x00012089,0x000100ab,0x000100ac,0x0001208a,0x0001208b,
    0x000100ad,0x000100ae,0x0001208c,0x0001208d,0x000100af,0x000100b0,0x0001208e,0x0001208f,
    0x000100b1,0x000100b2,0x00012090,0x00012091,0x000100b3,0x000100b4,0x00012092,0x00012093,
    0x000100b5,0x000100b6,0x00012094,0x00012095,0x000100b7,0x000100b8,0x00012096,0x00012097,
    0x000100b9,0x000100ba,0x00012098,0x00012099,0x000100bb,0x000100bc,0x0001209a,0x0001209b,
    0x000100bd,0x000100be,0x0001209c,0x0001209d,0x000100bf,0x00010090,0x0001209e,0x0001209f,
    0x00010091,0x00010092,0x000120a0,0x000120a1,0x00010093,0x00010094,0x000120a2,0x000120a3,
    0x00010095,0x00010096,0x000120a4,0x000120a5,0x00010097,0x000120a6,0x000120a7,0x000120a8,
    0x000120a9,0x000120aa,0x000120ab,0x000120ac,0x000120ad,0x000120ae,0x000120af,0x000120b0,
    0x000120b1,0x0001400a,0x0001400b,0x0001600a,0x0001600b,0x000180de,0x000180df,0x0001a00d,
    0x000180e0,0x000180e1,0x000280e2,0x00010098,0x00010099,0x000180e3,0x000180e4,0x0001009a,
    0x0001009b,0x000180e5,0x000180e6,0x0001009c,0x0001009d,0x000180e7,0x000180e8,0x0001009e,
    0x0001009f,0x000180e9,0x000180ea,0x000100a0,0x000100a1,0x000180eb,0x000180ec,0x000100a2,
    0x000100a3,0x000120b2,0x000120b3,0x000100a4,0x000100a5,0x000120b4,0x000120b5,0x000100a6,
    0x000100a7,0x000120b6,0x000120b7,0x000100a8,0x000100a9,0x000120b8,0x000120b9,0x000100aa,
    0x000100ab,0x000120ba,0x000120bb,0x000100ac,0x000100ad,0x000120bc,0x000120bd,0x000100ae,
    0x000100af,0x000120be,0x000120bf,0x000100b0,0x000100b1,0x000180ed,0x000180ee,0x000100b2,
    0x000100b3,0x000180ef,0x0001a00e,0x000100b4,0x000100b5,0x000300b6,0x000100b7,0x000180f0,
    0x000180f1,0x000100b8,0x000100b9,0x000180f2,0x000180f3,0x000100ba,0x000100bb,0x000180f4,
    0x000180f5,0x000100bc,0x000100bd,0x000180f6,0x000180f7,0x000100be,0x000100bf,0x000180f8,
    0x000180f9,0x000280fa,0x000280fb,0x000280fc,0x000280fd,0x000280fe,0x0002a00f,0x000180ff,
    0x00050000,0x00010001,0x00010002,0x00010003,0x00012000,0x00012001,0x00012002,0x00012003,
    0x00012004,0x00012005,0x00012006,0x00012007,0x00012008,0x00012009,0x0001200a,0x0001200b,
    0x0001200c,0x0001200d,0x0001200e,0x0001200f,0x00012010,0x00012011,0x00012012,0x00012013,
    0x00012014,0x00012015,0x00012016,0x00012017,0x00012018,0x00012019,0x0001201a,0x0001201b,
    0x0001201c,0x0001201d,0x0001201e,0x0001201f,0x00012020,0x00012021,0x00014000,0x00014001,
    0x00014002,0x00014003,0x00016000,0x00016001,0x00016002,0x00016003,0x00030004,0x00010005,
    0x00030006,0x00010007,0x00030008,0x00010009,0x0003000a,0x0001000b,0x0003000c,0x0001000d,
    0x0003000e,0x0001000f,0x00030010,0x00010011,0x00030012,0x00010013,0x00012022,0x00012023,
    0x00010014,0x00010015,0x00012024,0x00012025,0x00010016,0x00010017,0x00012026,0x00012027,
    0x00010018,0x00010019,0x00012028,0x00012029,0x0001001a,0x0001001b,0x0001202a,0x0001202b,
    0x0001001c,0x0001001d,0x0001202c,0x0001202d,0x0001001e,0x0001001f,0x0001202e,0x0001202f,
    0x00010020,0x00010021,0x00012030,0x00012031,0x00010022,0x00010023,0x00012032,0x00012033,
    0x00010024,0x00010025,0x00012034,0x00012035,0x00010026,0x00010027,0x00012036,0x00012037,
    0x00010028,0x00010029,0x00012038,0x00012039,0x0001002a,0x0001002b,0x0001203a,0x0001203b,
    0x0001002c,0x0001002d,0x0001203c,0x0001203d,0x0001002e,0x0001002f,0x0001203e,0x0001203f,
    0x00010030,0x00010031,0x00012040,0x00012041,0x00010032,0x00010033,0x00012042,0x00012043,
    0x00010034,0x00010035,0x00012044,0x00012045,0x00010036,0x00010037,0x00012046,0x00012047,
    0x00010038,0x00010039,0x00012048,0x00012049,0x0001003a,0x0001003b,0x0001204a,0x0001204b,
    0x0001003c,0x0001003d,0x0001204c,0x0001204d,0x0001003e,0x0001003f,0x0001204e,0x0001204f,
    0x00010000,0x00010001,0x00012050,0x00012051,0x00010002,0x00010003,0x00012052,0x00012053,
    0x00012054,0x00012055,0x00012056,0x00012057,0x00012058,0x00012059,0x0001205a,0x0001205b,
    0x0001205c,0x0001205d,0x0001205e,0x0001205f,0x00012060,0x00012061,0x00014000,0x00014001,
    0x00014002,0x00014003,0x00016004,0x00016005,0x00016006,0x00016007,0x00018000,0x00018001,
    0x00010004,0x00010005,0x00018002,0x00018003,0x00010006,0x00010007,0x00018004,0x00018005,
    0x00010008,0x00010009,0x00018006,0x00018007,0x0001000a,0x0001000b,0x00018008,0x00018009,
    0x0001000c,0x0001000d,0x0001800a,0x0001800b,0x0001000e,0x0001000f,0x0001800c,0x0001800d,
    0x00010010,0x00010011,0x0001800e,0x0001a000,0x00010012,0x00010013,0x00012062,0x00012063,
    0x00010014,0x00010015,0x00012064,0x00012065,0x00010016,0x00010017,0x00012066,0x00012067,
    0x00010018,0x00010019,0x00012068,0x00012069,0x0001001a,0x0001001b,0x0001206a,0x0001206b,
    0x0001001c,0x0001001d,0x0001206c,0x0001206d,0x0001001e,0x0001001f,0x0001206e,0x0001206f,
    0x00010020,0x00010021,0x00012070,0x00012071,0x00010022,0x00010023,0x00012072,0x00012073,
    0x00010024,0x00010025,0x00012074,0x00012075,0x00010026,0x00010027,0x00012076,0x00012077,
    0x00010028,0x00010029,0x00012078,0x00012079,0x0001002a,0x0001002b,0x0001207a,0x0001207b,
    0x0001002c,0x0001002d,0x0001207c,0x0001207d,0x0001002e,0x0001002f,0x0001207e,0x0001207f,
    0x00010030,0x00010031,0x00012080,0x00012081,0x00010032,0x00010033,0x00012082,0x00012083,
    0x00010034,0x00010035,0x00012084,0x00012085,0x00010036,0x00010037,0x00012086,0x00012087,
    0x00010038,0x00010039,0x00012088,0x00012089,0x0001003a,0x0001003b,0x0001208a,0x0001208b,
    0x0001003c,0x0001003d,0x0001208c,0x0001208d,0x0001003e,0x0001003f,0x0001208e,0x0001208f,
    0x00010000,0x00010001,0x00012090,0x00012091,0x00010002,0x00010003,0x00012092,0x00012093,
    0x00012094,0x00012095,0x00012096,0x00012097,0x00012098,0x00012099,0x0001209a,0x0001209b,
    0x0001209c,0x0001209d,0x0001209e,0x0001209f,0x000120a0,0x000120a1,0x00014000,0x00014001,
    0x00014002,0x00014003,0x00016008,0x00016009,0x0001600a,0x0001600b,0x0001800f,0x00018010,
    0x00010004,0x00010005,0x00018011,0x00018012,0x00010006,0x00010007,0x00018013,0x00018014,
    0x00010008,0x00010009,0x00018015,0x00018016,0x0001000a,0x0001000b,0x00018017,0x00018018,
    0x0001000c,0x0001000d,0x00018019,0x0001801a,0x0001000e,0x0001000f,0x0001801b,0x0001801c,
    0x00010010,0x00010011,0x0001801d,0x0001801e,0x00010012,0x00010013,0x000120a2,0x000120a3,
    0x00010014,0x00010015,0x000120a4,0x000120a5,0x00010016,0x00010017,0x000120a6,0x000120a7,
    0x00010018,0x00010019,0x000120a8,0x000120a9,0x0001001a,0x0001001b,0x000120aa,0x000120ab,
    0x0001001c,0x0001001d,0x000120ac,0x000120ad,0x0001001e,0x0001001f,0x000120ae,0x000120af,
    0x00010020,0x00010021,0x000120b0,0x000120b1,0x00010022,0x00010023,0x000120b2,0x000120b3,
    0x00010024,0x00010025,0x000120b4,0x000120b5,0x00010026,0x00010027,0x000120b6,0x000120b7,
    0x00010028,0x00010029,0x000120b8,0x000120b9,0x0001002a,0x0001002b,0x000120ba,0x000120bb,
    0x0001002c,0x0001002d,0x000120bc,0x000120bd,0x0001002e,0x0001002f,0x000120be,0x000120bf,
    0x00010030,0x00010031,0x000120c0,0x000120c1,0x00010032,0x00010033,0x000120c2,0x000120c3,
    0x00010034,0x00010035,0x000120c4,0x000120c5,0x00010036,0x00010037,0x000120c6,0x000120c7,
    0x00010038,0x00010039,0x000120c8,0x000120c9,0x0001003a,0x0001003b,0x000120ca,0x000120cb,
    0x0001003c,0x0001003d,0x000120cc,0x000120cd,0x0001003e,0x0001003f,0x000120ce,0x000120cf,
    0x00010000,0x00010001,0x000120d0,0x000120d1,0x00010002,0x00010003,0x000120d2,0x000120d3,
    0x000120d4,0x000120d5,0x000120d6,0x000120d7,0x000120d8,0x000120d9,0x000120da,0x000120db,
    0x000120dc,0x000120dd,0x000120de,0x000120df,0x000120e0,0x000120e1,0x00014000,0x00014001,
    0x00014002,0x00014003,0x0001600c,0x0001600d,0x0001600e,0x0001600f,0x0001801f,0x0001a001,
    0x00010004,0x00010005,0x00018020,0x00018021,0x00010006,0x00010007,0x00018022,0x00018023,
    0x00010008,0x00010009,0x00018024,0x00018025,0x0001000a,0x0001000b,0x00018026,0x00018027,
    0x0001000c,0x0001000d,0x00018028,0x00018029,0x0001000e,0x0001000f,0x0001802a,0x0001802b,
    0x00010010,0x00010011,0x0001802c,0x0001802d,0x00010012,0x00010013,0x000120e2,0x000120e3,
    0x00010014,0x00010015,0x000120e4,0x000120e5,0x00010016,0x00010017,0x000120e6,0x000120e7,
    0x00010018,0x00010019,0x000120e8,0x000120e9,0x0001001a,0x0001001b,0x000120ea,0x000120eb,
    0x0001001c,0x0001001d,0x000120ec,0x000120ed,0x0001001e,0x0001001f,0x000120ee,0x000120ef,
    0x00010020,0x00010021,0x000120f0,0x000120f1,0x00010022,0x00010023,0x000120f2,0x000120f3,
    0x00010024,0x00010025,0x000120f4,0x000120f5,0x00010026,0x00010027,0x000120f6,0x000120f7,
    0x00010028,0x00010029,0x000120f8,0x000120f9,0x0001002a,0x0001002b,0x000120fa,0x000120fb,
    0x0001002c,0x0001002d,0x000120fc,0x000120fd,0x0001002e,0x0001002f,0x000120fe,0x000120ff,
    0x00010030,0x00010031,0x00012000,0x00012001,0x00010032,0x00010033,0x00012002,0x00012003,
    0x00010034,0x00010035,0x00012004,0x00012005,0x00010036,0x00010037,0x00012006,0x00012007,
    0x00010038,0x00010039,0x00012008,0x00012009,0x0001003a,0x0001003b,0x0001200a,0x0001200b,
    0x0001003c,0x0001003d,0x0001200c,0x0001200d,0x0001003e,0x0001003f,0x0001200e,0x0001200f,
    0x00010040,0x00010041,0x00012010,0x00012011,0x00010042,0x00010043,0x00012012,0x00012013,
    0x00012014,0x00012015,0x00012016,0x00012017,0x00012018,0x00012019,0x0001201a,0x0001201b,
    0x0001201c,0x0001201d,0x0001201e,0x0001201f,0x00012020,0x00012021,0x00014004,0x00014005,
    0x00014006,0x00014007,0x00016000,0x00016001,0x00016002,0x00016003,0x0001802e,0x0001a002,
    0x00010044,0x00010045,0x0001802f,0x00018030,0x00010046,0x00010047,0x00018031,0x00018032,
    0x00010048,0x00010049,0x00018033,0x00018034,0x0001004a,0x0001004b,0x00018035,0x00018036,
    0x0001004c,0x0001004d,0x00018037,0x00018038,0x0001004e,0x0001004f,0x00018039,0x0001803a,
    0x00010050,0x00010051,0x0001803b,0x0001803c,0x00010052,0x00010053,0x00012022,0x00012023,
    0x00010054,0x00010055,0x00012024,0x00012025,0x00010056,0x00010057,0x00012026,0x00012027,
    0x00010058,0x00010059,0x00012028,0x00012029,0x0001005a,0x0001005b,0x0001202a,0x0001202b,
    0x0001005c,0x0001005d,0x0001202c,0x0001202d,0x0001005e,0x0001005f,0x0001202e,0x0001202f,
    0x00010060,0x00010061,0x00012030,0x00012031,0x00010062,0x00010063,0x00012032,0x00012033,
    0x00010064,0x00010065,0x00012034,0x00012035,0x00010066,0x00010067,0x00012036,0x00012037,
    0x00010068,0x00010069,0x00012038,0x00012039,0x0001006a,0x0001006b,0x0001203a,0x0001203b,
    0x0001006c,0x0001006d,0x0001203c,0x0001203d,0x0001006e,0x0001006f,0x0001203e,0x0001203f,
    0x00010070,0x00010071,0x00012040,0x00012041,0x00010072,0x00010073,0x00012042,0x00012043,
    0x00010074,0x00010075,0x00012044,0x00012045,0x00010076,0x00010077,0x00012046,0x00012047,
    0x00010078,0x00010079,0x00012048,0x00012049,0x0001007a,0x0001007b,0x0001204a,0x0001204b,
    0x0001007c,0x0001007d,0x0001204c,0x0001204d,0x0001007e,0x0001007f,0x0001204e,0x0001204f,
    0x00010040,0x00010041,0x00012050,0x00012051,0x00010042,0x00010043,0x00012052,0x00012053,
    0x00012054,0x00012055,0x00012056,0x00012057,0x00012058,0x00012059,0x0001205a,0x0001205b,
    0x0001205c,0x0001205d,0x0001205e,0x0001205f,0x00012060,0x00012061,0x00014004,0x00014005,
    0x00014006,0x00014007,0x00016004,0x00016005,0x00016006,0x00016007,0x0001803d,0x0001803e,
    0x00010044,0x00010045,0x0001803f,0x0001a003,0x00010046,0x00010047,0x00018040,0x00018041,
    0x00010048,0x00010049,0x00018042,0x00018043,0x0001004a,0x0001004b,0x00018044,0x00018045,
    0x0001004c,0x0001004d,0x00018046,0x00018047,0x0001004e,0x0001004f,0x00018048,0x00018049,
    0x00010050,0x00010051,0x0001804a,0x0001804b,0x00010052,0x00010053,0x00012062,0x00012063,
    0x00010054,0x00010055,0x00012064,0x00012065,0x00010056,0x00010057,0x00012066,0x00012067,
    0x00010058,0x00010059,0x00012068,0x00012069,0x0001005a,0x0001005b,0x0001206a,0x0001206b,
    0x0001005c,0x0001005d,0x0001206c,0x0001206d,0x0001005e,0x0001005f,0x0001206e,0x0001206f,
    0x00010060,0x00010061,0x00012070,0x00012071,0x00010062,0x00010063,0x00012072,0x00012073,
    0x00010064,0x00010065,0x00012074,0x00012075,0x00010066,0x00010067,0x00012076,0x00012077,
    0x00010068,0x00010069,0x00012078,0x00012079,0x0001006a,0x0001006b,0x0001207a,0x0001207b,
    0x0001006c,0x0001006d,0x0001207c,0x0001207d,0x0001006e,0x0001006f,0x0001207e,0x0001207f,
    0x00010070,0x00010071,0x00012080,0x00012081,0x00010072,0x00010073,0x00012082,0x00012083,
    0x00010074,0x00010075,0x00012084,0x00012085,0x00010076,0x00010077,0x00012086,0x00012087,
    0x00010078,0x00010079,0x00012088,0x00012089,0x0001007a,0x0001007b,0x0001208a,0x0001208b,
    0x0001007c,0x0001007d,0x0001208c,0x0001208d,0x0001007e,0x0001007f,0x0001208e,0x0001208f,
    0x00010040,0x00010041,0x00012090,0x00012091,0x00010042,0x00010043,0x00012092,0x00012093,
    0x00012094,0x00012095,0x00012096,0x00012097,0x00012098,0x00012099,0x0001209a,0x0001209b,
    0x0001209c,0x0001209d,0x0001209e,0x0001209f,0x000120a0,0x000120a1,0x00014004,0x00014005,
    0x00014006,0x00014007,0x00016008,0x00016009,0x0001600a,0x0001600b,0x0001804c,0x0001804d,
    0x00010044,0x00010045,0x0001804e,0x0001a004,0x00010046,0x0001804f,0x00018050,0x00018051,
    0x00010047,0x00010048,0x00018052,0x00018053,0x00010049,0x0001004a,0x00018054,0x00018055,
    0x0001004b,0x0001004c,0x00018056,0x00018057,0x0001004d,0x0001004e,0x00018058,0x00018059,
    0x0001004f,0x00010050,0x0001805a,0x0001805b,0x00010051,0x00010052,0x0001805c,0x0001805d,
    0x00010053,0x00010054,0x000120a2,0x000120a3,0x00010055,0x00010056,0x000120a4,0x000120a5,
    0x00010057,0x00010058,0x000120a6,0x000120a7,0x00010059,0x0001005a,0x000120a8,0x000120a9,
    0x0001005b,0x0001005c,0x000120aa,0x000120ab,0x0001005d,0x0001005e,0x000120ac,0x000120ad,
    0x0001005f,0x00010060,0x000120ae,0x000120af,0x00010061,0x00010062,0x000120b0,0x000120b1,
    0x00010063,0x00010064,0x000120b2,0x000120b3,0x00010065,0x00010066,0x000120b4,0x000120b5,
    0x00010067,0x00010068,0x000120b6,0x000120b7,0x00010069,0x0001006a,0x000120b8,0x000120b9,
    0x0001006b,0x0001006c,0x000120ba,0x000120bb,0x0001006d,0x0001006e,0x000120bc,0x000120bd,
    0x0001006f,0x00010070,0x000120be,0x000120bf,0x00010071,0x00010072,0x000120c0,0x000120c1,
    0x00010073,0x00010074,0x000120c2,0x000120c3,0x00010075,0x00010076,0x000120c4,0x000120c5,
    0x00010077,0x00010078,0x000120c6,0x000120c7,0x00010079,0x0001007a,0x000120c8,0x000120c9,
    0x0001007b,0x0001007c,0x000120ca,0x000120cb,0x0001007d,0x0001007e,0x000120cc,0x000120cd,
    0x0001007f,0x00010040,0x000120ce,0x000120cf,0x00010041,0x00010042,0x000120d0,0x000120d1,
    0x00010043,0x000120d2,0x000120d3,0x000120d4,0x000120d5,0x000120d6,0x000120d7,0x000120d8,
    0x000120d9,0x000120da,0x000120db,0x000120dc,0x000120dd,0x000120de,0x000120df,0x000120e0,
    0x000120e1,0x00014004,0x00014005,0x00014006,0x00014007,0x0001600c,0x0001600d,0x0001600e,
    0x0001600f,0x0001805e,0x0001805f,0x00010044,0x00010045,0x0001a005,0x00018060,0x00010046,
    0x00010047,0x00018061,0x00018062,0x00010048,0x00010049,0x00018063,0x00018064,0x0001004a,
    0x0001004b,0x00018065,0x00018066,0x0001004c,0x0001004d,0x00018067,0x00018068,0x0001004e,
    0x0001004f,0x00018069,0x0001806a,0x00010050,0x00010051,0x0001806b,0x0001806c,0x00010052,
    0x00010053,0x000120e2,0x000120e3,0x00010054,0x00010055,0x000120e4,0x000120e5,0x00010056,
    0x00010057,0x000120e6,0x000120e7,0x00010058,0x00010059,0x000120e8,0x000120e9,0x0001005a,
    0x0001005b,0x000120ea,0x000120eb,0x0001005c,0x0001005d,0x000120ec,0x000120ed,0x0001005e,
    0x0001005f,0x000120ee,0x000120ef,0x00010060,0x00010061,0x000120f0,0x000120f1,0x00010062,
    0x00010063,0x000120f2,0x000120f3,0x00010064,0x00010065,0x000120f4,0x000120f5,0x00010066,
    0x00010067,0x000120f6,0x000120f7,0x00010068,0x00010069,0x000120f8,0x000120f9,0x0001006a,
    0x0001006b,0x000120fa,0x000120fb,0x0001006c,0x0001006d,0x000120fc,0x000120fd,0x0001006e,
    0x0001006f,0x000120fe,0x000120ff,0x00010070,0x00010071,0x00012000,0x00012001,0x00010072,
    0x00010073,0x00012002,0x00012003,0x00010074,0x00010075,0x00012004,0x00012005,0x00010076,
    0x00010077,0x00012006,0x00012007,0x00010078,0x00010079,0x00012008,0x00012009,0x0001007a,
    0x0001007b,0x0001200a,0x0001200b,0x0001007c,0x0001007d,0x0001200c,0x0001200d,0x0001007e,
    0x0001007f,0x0001200e,0x0001200f,0x00010080,0x00010081,0x00012010,0x00012011,0x00010082,
    0x00010083,0x00012012,0x00012013,0x00012014,0x00012015,0x00012016,0x00012017,0x00012018,
    0x00012019,0x0001201a,0x0001201b,0x0001201c,0x0001201d,0x0001201e,0x0001201f,0x00012020,
    0x00012021,0x00014008,0x00014009,0x0001400a,0x0001400b,0x00016000,0x00016001,0x00016002,
    0x00016003,0x0001806d,0x0001806e,0x00010084,0x00010085,0x0001806f,0x0001a006,0x00010086,
    0x00010087,0x00018070,0x00018071,0x00010088,0x00010089,0x00018072,0x00018073,0x0001008a,
    0x0001008b,0x00018074,0x00018075,0x0001008c,0x0001008d,0x00018076,0x00018077,0x0001008e,
    0x0001008f,0x00018078,0x00018079,0x00010090,0x00010091,0x0001807a,0x0001807b,0x00010092,
    0x00010093,0x00012022,0x00012023,0x00010094,0x00010095,0x00012024,0x00012025,0x00010096,
    0x00010097,0x00012026,0x00012027,0x00010098,0x00010099,0x00012028,0x00012029,0x0001009a,
    0x0001009b,0x0001202a,0x0001202b,0x0001009c,0x0001009d,0x0001202c,0x0001202d,0x0001009e,
    0x0001009f,0x0001202e,0x0001202f,0x000100a0,0x000100a1,0x00012030,0x00012031,0x000100a2,
    0x000100a3,0x00012032,0x00012033,0x000100a4,0x000100a5,0x00012034,0x00012035,0x000100a6,
    0x000100a7,0x00012036,0x00012037,0x000100a8,0x000100a9,0x00012038,0x00012039,0x000100aa,
    0x000100ab,0x0001203a,0x0001203b,0x000100ac,0x000100ad,0x0001203c,0x0001203d,0x000100ae,
    0x000100af,0x0001203e,0x0001203f,0x000100b0,0x000100b1,0x00012040,0x00012041,0x000100b2,
    0x000100b3,0x00012042,0x00012043,0x000100b4,0x000100b5,0x00012044,0x00012045,0x000100b6,
    0x000100b7,0x00012046,0x00012047,0x000100b8,0x000100b9,0x00012048,0x00012049,0x000100ba,
    0x000100bb,0x0001204a,0x0001204b,0x000100bc,0x000100bd,0x0001204c,0x0001204d,0x000100be,
    0x000100bf,0x0001204e,0x0001204f,0x00010080,0x00010081,0x00012050,0x00012051,0x00010082,
    0x00010083,0x00012052,0x00012053,0x00012054,0x00012055,0x00012056,0x00012057,0x00012058,
    0x00012059,0x0001205a,0x0001205b,0x0001205c,0x0001205d,0x0001205e,0x0001205f,0x00012060,
    0x00012061,0x00014008,0x00014009,0x0001400a,0x0001400b,0x00016004,0x00016005,0x00016006,
    0x00016007,0x0001807c,0x0001807d,0x00010084,0x00010085,0x0001807e,0x0001a007,0x00010086,
    0x0001807f,0x00018080,0x00018081,0x00010087,0x00010088,0x00018082,0x00018083,0x00010089,
    0x0001008a,0x00018084,0x00018085,0x0001008b,0x0001008c,0x00018086,0x00018087,0x0001008d,
    0x0001008e,0x00018088,0x00018089,0x0001008f,0x00010090,0x0001808a,0x0001808b,0x00010091,
    0x00010092,0x0001808c,0x0001808d,0x00010093,0x00010094,0x00012062,0x00012063,0x00010095,
    0x00010096,0x00012064,0x00012065,0x00010097,0x00010098,0x00012066,0x00012067,0x00010099,
    0x0001009a,0x00012068,0x00012069,0x0001009b,0x0001009c,0x0001206a,0x0001206b,0x0001009d,
    0x0001009e,0x0001206c,0x0001206d,0x0001009f,0x000100a0,0x0001206e,0x0001206f,0x000100a1,
    0x000100a2,0x00012070,0x00012071,0x000100a3,0x000100a4,0x00012072,0x00012073,0x000100a5,
    0x000100a6,0x00012074,0x00012075,0x000100a7,0x000100a8,0x00012076,0x00012077,0x000100a9,
    0x000100aa,0x00012078,0x00012079,0x000100ab,0x000100ac,0x0001207a,0x0001207b,0x000100ad,
    0x000100ae,0x0001207c,0x0001207d,0x000100af,0x000100b0,0x0001207e,0x0001207f,0x000100b1,
    0x000100b2,0x00012080,0x00012081,0x000100b3,0x000100b4,0x00012082,0x00012083,0x000100b5,
    0x000100b6,0x00012084,0x00012085,0x000100b7,0x000100b8,0x00012086,0x00012087,0x000100b9,
    0x000100ba,0x00012088,0x00012089,0x000100bb,0x000100bc,0x0001208a,0x0001208b,0x000100bd,
    0x000100be,0x0001208c,0x0001208d,0x000100bf,0x00010080,0x0001208e,0x0001208f,0x00010081,
    0x00010082,0x00012090,0x00012091,0x00010083,0x00012092,0x00012093,0x00012094,0x00012095,
    0x00012096,0x00012097,0x00012098,0x00012099,0x0001209a,0x0001209b,0x0001209c,0x0001209d,
    0x0001209e,0x0001209f,0x000120a0,0x000120a1,0x00014008,0x00014009,0x0001400a,0x0001400b,
    0x00016008,0x00016009,0x0001600a,0x0001600b,0x0001808e,0x0001808f,0x00010084,0x00010085,
    0x0001a008,0x00018090,0x00010086,0x00010087,0x00018091,0x00018092,0x00010088,0x00010089,
    0x00018093,0x00018094,0x0001008a,0x0001008b,0x00018095,0x00018096,0x0001008c,0x0001008d,
    0x00018097,0x00018098,0x0001008e,0x0001008f,0x00018099,0x0001809a,0x00010090,0x00010091,
    0x0001809b,0x0001809c,0x00010092,0x00010093,0x000120a2,0x000120a3,0x00010094,0x00010095,
    0x000120a4,0x000120a5,0x00010096,0x00010097,0x000120a6,0x000120a7,0x00010098,0x00010099,
    0x000120a8,0x000120a9,0x0001009a,0x0001009b,0x000120aa,0x000120ab,0x0001009c,0x0001009d,
    0x000120ac,0x000120ad,0x0001009e,0x0001009f,0x000120ae,0x000120af,0x000100a0,0x000100a1,
    0x000120b0,0x000120b1,0x000100a2,0x000100a3,0x000120b2,0x000120b3,0x000100a4,0x000100a5,
    0x000120b4,0x000120b5,0x000100a6,0x000100a7,0x000120b6,0x000120b7,0x000100a8,0x000100a9,
    0x000120b8,0x000120b9,0x000100aa,0x000100ab,0x000120ba,0x000120bb,0x000100ac,0x000100ad,
    0x000120bc,0x000120bd,0x000100ae,0x000100af,0x000120be,0x000120bf,0x000100b0,0x000100b1,
    0x000120c0,0x000120c1,0x000100b2,0x000100b3,0x000120c2,0x000120c3,0x000100b4,0x000100b5,
    0x000120c4,0x000120c5,0x000100b6,0x000100b7,0x000120c6,0x000120c7,0x000100b8,0x000100b9,
    0x000120c8,0x000120c9,0x000100ba,0x000100bb,0x000120ca,0x000120cb,0x000100bc,0x000100bd,
    0x000120cc,0x000120cd,0x000100be,0x000100bf,0x000120ce,0x000120cf,0x00010080,0x00010081,
    0x000120d0,0x000120d1,0x00010082,0x00010083,0x000120d2,0x000120d3,0x000120d4,0x000120d5,
    0x000120d6,0x000120d7,0x000120d8,0x000120d9,0x000120da,0x000120db,0x000120dc,0x000120dd,
    0x000120de,0x000120df,0x000120e0,0x000120e1,0x00014008,0x00014009,0x0001400a,0x0001400b,
    0x0001600c,0x0001600d,0x0001600e,0x0001600f,0x0001809d,0x0001809e,0x00010084,0x00010085,
    0x0001809f,0x0001a009,0x00010086,0x00010087,0x000180a0,0x000180a1,0x00010088,0x00010089,
    0x000180a2,0x000180a3,0x0001008a,0x0001008b,0x000180a4,0x000180a5,0x0001008c,0x0001008d,
    0x000180a6,0x000180a7,0x0001008e,0x0001008f,0x000180a8,0x000180a9,0x00010090,0x00010091,
    0x000180aa,0x000180ab,0x00010092,0x00010093,0x000120e2,0x000120e3,0x00010094,0x00010095,
    0x000120e4,0x000120e5,0x00010096,0x00010097,0x000120e6,0x000120e7,0x00010098,0x00010099,
    0x000120e8,0x000120e9,0x0001009a,0x0001009b,0x000120ea,0x000120eb,0x0001009c,0x0001009d,
    0x000120ec,0x000120ed,0x0001009e,0x0001009f,0x000120ee,0x000120ef,0x000100a0,0x000100a1,
    0x000120f0,0x000120f1,0x000100a2,0x000100a3,0x000120f2,0x000120f3,0x000100a4,0x000100a5,
    0x000120f4,0x000120f5,0x000100a6,0x000100a7,0x000120f6,0x000120f7,0x000100a8,0x000100a9,
    0x000120f8,0x000120f9,0x000100aa,0x000100ab,0x000120fa,0x000120fb,0x000100ac,0x000100ad,
    0x000120fc,0x000120fd,0x000100ae,0x000100af,0x000120fe,0x000120ff,0x000100b0,0x000100b1,
    0x00012000,0x00012001,0x000100b2,0x000100b3,0x00012002,0x00012003,0x000100b4,0x000100b5,
    0x00012004,0x00012005,0x000100b6,0x000100b7,0x00012006,0x00012007,0x000100b8,0x000100b9,
    0x00012008,0x00012009,0x000100ba,0x000100bb,0x0001200a,0x0001200b,0x000100bc,0x000100bd,
    0x0001200c,0x0001200d,0x000100be,0x000100bf,0x0001200e,0x0001200f,0x000100c0,0x000100c1,
    0x00012010,0x00012011,0x000100c2,0x000100c3,0x00012012,0x00012013,0x00012014,0x00012015,
    0x00012016,0x00012017,0x00012018,0x00012019,0x0001201a,0x0001201b,0x0001201c,0x0001201d,
    0x0001201e,0x0001201f,0x00012020,0x00012021,0x0001400c,0x0001400d,0x0001400e,0x0001400f,
    0x00016000,0x00016001,0x00016002,0x00016003,0x000180ac,0x000180ad,0x000100c4,0x000100c5,
    0x000180ae,0x0001a00a,0x000100c6,0x000180af,0x000180b0,0x000180b1,0x000100c7,0x000100c8,
    0x000180b2,0x000180b3,0x000100c9,0x000100ca,0x000180b4,0x000180b5,0x000100cb,0x000100cc,
    0x000180b6,0x000180b7,0x000100cd,0x000100ce,0x000180b8,0x000180b9,0x000100cf,0x000100d0,
    0x000180ba,0x000180bb,0x000100d1,0x000100d2,0x000180bc,0x000180bd,0x000100d3,0x000100d4,
    0x00012022,0x00012023,0x000100d5,0x000100d6,0x00012024,0x00012025,0x000100d7,0x000100d8,
    0x00012026,0x00012027,0x000100d9,0x000100da,0x00012028,0x00012029,0x000100db,0x000100dc,
    0x0001202a,0x0001202b,0x000100dd,0x000100de,0x0001202c,0x0001202d,0x000100df,0x000100e0,
    0x0001202e,0x0001202f,0x000100e1,0x000100e2,0x00012030,0x00012031,0x000100e3,0x000100e4,
    0x00012032,0x00012033,0x000100e5,0x000100e6,0x00012034,0x00012035,0x000100e7,0x000100e8,
    0x00012036,0x00012037,0x000100e9,0x000100ea,0x00012038,0x00012039,0x000100eb,0x000100ec,
    0x0001203a,0x0001203b,0x000100ed,0x000100ee,0x0001203c,0x0001203d,0x000100ef,0x000100f0,
    0x0001203e,0x0001203f,0x000100f1,0x000100f2,0x00012040,0x00012041,0x000100f3,0x000100f4,
    0x00012042,0x00012043,0x000100f5,0x000100f6,0x00012044,0x00012045,0x000100f7,0x000100f8,
    0x00012046,0x00012047,0x000100f9,0x000100fa,0x00012048,0x00012049,0x000100fb,0x000100fc,
    0x0001204a,0x0001204b,0x000100fd,0x000100fe,0x0001204c,0x0001204d,0x000100ff,0x000100c0,
    0x0001204e,0x0001204f,0x000100c1,0x000100c2,0x00012050,0x00012051,0x000100c3,0x00012052,
    0x00012053,0x00012054,0x00012055,0x00012056,0x00012057,0x00012058,0x00012059,0x0001205a,
    0x0001205b,0x0001205c,0x0001205d,0x0001205e,0x0001205f,0x00012060,0x00012061,0x0001400c,
    0x0001400d,0x0001400e,0x0001400f,0x00016004,0x00016005,0x00016006,0x00016007,0x000180be,
    0x000180bf,0x000100c4,0x000100c5,0x0001a00b,0x000180c0,0x000100c6,0x000100c7,0x000180c1,
    0x000180c2,0x000100c8,0x000100c9,0x000180c3,0x000180c4,0x000100ca,0x000100cb,0x000180c5,
    0x000180c6,0x000100cc,0x000100cd,0x000180c7,0x000180c8,0x000100ce,0x000100cf,0x000180c9,
    0x000180ca,0x000100d0,0x000100d1,0x000180cb,0x000180cc,0x000100d2,0x000100d3,0x00012062,
    0x00012063,0x000100d4,0x000100d5,0x00012064,0x00012065,0x000100d6,0x000100d7,0x00012066,
    0x00012067,0x000100d8,0x000100d9,0x00012068,0x00012069,0x000100da,0x000100db,0x0001206a,
    0x0001206b,0x000100dc,0x000100dd,0x0001206c,0x0001206d,0x000100de,0x000100df,0x0001206e,
    0x0001206f,0x000100e0,0x000100e1,0x00012070,0x00012071,0x000100e2,0x000100e3,0x00012072,
    0x00012073,0x000100e4,0x000100e5,0x00012074,0x00012075,0x000100e6,0x000100e7,0x00012076,
    0x00012077,0x000100e8,0x000100e9,0x00012078,0x00012079,0x000100ea,0x000100eb,0x0001207a,
    0x0001207b,0x000100ec,0x000100ed,0x0001207c,0x0001207d,0x000100ee,0x000100ef,0x0001207e,
    0x0001207f,0x000100f0,0x000100f1,0x00012080,0x00012081,0x000100f2,0x000100f3,0x00012082,
    0x00012083,0x000100f4,0x000100f5,0x00012084,0x00012085,0x000100f6,0x000100f7,0x00012086,
    0x00012087,0x000100f8,0x000100f9,0x00012088,0x00012089,0x000100fa,0x000100fb,0x0001208a,
    0x0001208b,0x000100fc,0x000100fd,0x0001208c,0x0001208d,0x000100fe,0x000100ff,0x0001208e,
    0x0001208f,0x000100c0,0x000100c1,0x00012090,0x00012091,0x000100c2,0x000100c3,0x00012092,
    0x00012093,0x00012094,0x00012095,0x00012096,0x00012097,0x00012098,0x00012099,0x0001209a,
    0x0001209b,0x0001209c,0x0001209d,0x0001209e,0x0001209f,0x000120a0,0x000120a1,0x0001400c,
    0x0001400d,0x0001400e,0x0001400f,0x00016008,0x00016009,0x0001600a,0x0001600b,0x000180cd,
    0x000180ce,0x000100c4,0x000100c5,0x000180cf,0x0001a00c,0x000100c6,0x000100c7,0x000180d0,
    0x000180d1,0x000100c8,0x000100c9,0x000180d2,0x000180d3,0x000100ca,0x000100cb,0x000180d4,
    0x000180d5,0x000100cc,0x000100cd,0x000180d6,0x000180d7,0x000100ce,0x000100cf,0x000180d8,
    0x000180d9,0x000100d0,0x000100d1,0x000180da,0x000180db,0x000100d2,0x000100d3,0x000120a2,
    0x000120a3,0x000100d4,0x000100d5,0x000120a4,0x000120a5,0x000100d6,0x000100d7,0x000120a6,
    0x000120a7,0x000100d8,0x000100d9,0x000120a8,0x000120a9,0x000100da,0x000100db,0x000120aa,
    0x000120ab,0x000100dc,0x000100dd,0x000120ac,0x000120ad,0x000100de,0x000100df,0x000120ae,
    0x000120af,0x000100e0,0x000100e1,0x000120b0,0x000120b1,0x000100e2,0x000100e3,0x000120b2,
    0x000120b3,0x000100e4,0x000100e5,0x000120b4,0x000120b5,0x000100e6,0x000100e7,0x000120b6,
    0x000120b7,0x000100e8,0x000100e9,0x000120b8,0x000120b9,0x000100ea,0x000100eb,0x000120ba,
    0x000120bb,0x000100ec,0x000100ed,0x000120bc,0x000120bd,0x000100ee,0x000100ef,0x000120be,
    0x000120bf,0x000100f0,0x000100f1,0x000120c0,0x000120c1,0x000100f2,0x000100f3,0x000120c2,
    0x000120c3,0x000100f4,0x000100f5,0x000120c4,0x000120c5,0x000100f6,0x000100f7,0x000120c6,
    0x000120c7,0x000100f8,0x000100f9,0x000120c8,0x000120c9,0x000100fa,0x000100fb,0x000120ca,
    0x000120cb,0x000100fc,0x000100fd,0x000120cc,0x000120cd,0x000100fe,0x000100ff,0x000120ce,
    0x000120cf,0x000100c0,0x000100c1,0x000120d0,0x000120d1,0x000100c2,0x000100c3,0x000120d2,
    0x000120d3,0x000120d4,0x000120d5,0x000120d6,0x000120d7,0x000120d8,0x000120d9,0x000120da,
    0x000120db,0x000120dc,0x000120dd,0x000120de,0x000120df,0x000120e0,0x000120e1,0x0001400c,
    0x0001400d,0x0001400e,0x0001400f,0x0001600c,0x0001600d,0x0001600e,0x0001600f,0x000180dc,
    0x000180dd,0x000100c4,0x000100c5,0x000180de,0x0001a00d,0x000100c6,0x000180df,0x000180e0,
    0x000180e1,0x000100c7,0x000100c8,0x000180e2,0x000180e3,0x000100c9,0x000100ca,0x000180e4,
    0x000180e5,0x000100cb,0x000100cc,0x000180e6,0x000180e7,0x000100cd,0x000100ce,0x000180e8,
    0x000180e9,0x000100cf,0x000100d0,0x000180ea,0x000180eb,0x000100d1,0x000100d2,0x000180ec,
    0x000180ed,0x000100d3,0x000100d4,0x000120e2,0x000120e3,0x000100d5,0x000100d6,0x000120e4,
    0x000120e5,0x000100d7,0x000100d8,0x000120e6,0x000120e7,0x000100d9,0x000100da,0x000120e8,
    0x000120e9,0x000100db,0x000100dc,0x000120ea,0x000120eb,0x000100dd,0x000100de,0x000120ec,
    0x000120ed,0x000100df,0x000100e0,0x000120ee,0x000120ef,0x000100e1,0x000100e2,0x000120f0,
    0x000120f1,0x000100e3,0x000100e4,0x000120f2,0x000120f3,0x000100e5,0x000100e6,0x000120f4,
    0x000120f5,0x000100e7,0x000100e8,0x000120f6,0x000120f7,0x000100e9,0x000100ea,0x000120f8,
    0x000120f9,0x000100eb,0x000100ec,0x000120fa,0x000120fb,0x000100ed,0x000100ee,0x000120fc,
    0x000120fd,0x000100ef,0x000100f0,0x000120fe,0x000120ff,0x000100f1,0x000100f2,0x000180ee,
    0x000180ef,0x000100f3,0x000100f4,0x0001a00e,0x000200f5,0x000100f6,0x000280f0,0x000100f7,
    0x000100f8,0x000180f1,0x000180f2,0x000100f9,0x000100fa,0x000180f3,0x000180f4,0x000100fb,
    0x000100fc,0x000180f5,0x000180f6,0x000100fd,0x000100fe,0x000180f7,0x000180f8,0x000100ff,
    0x000180f9,0x000280fa,0x000280fb,0x000280fc,0x000280fd,0x000280fe,0x0002a00f,0x000180ff,
    0x00050000,0x00010001,0x00010002,0x00010003,0x00012000,0x00012001,0x00012002,0x00012003,
    0x00012004,0x00012005,0x00012006,0x00012007,0x00012008,0x00012009,0x0001200a,0x0001200b,
    0x0001200c,0x0001200d,0x0001200e,0x0001200f,0x00012010,0x00012011,0x00012012,0x00012013,
    0x00012014,0x00012015,0x00012016,0x00012017,0x00012018,0x00012019,0x0001201a,0x0001201b,
    0x0001201c,0x0001201d,0x0001201e,0x0001201f,0x00012020,0x00012021,0x00014000,0x00014001,
    0x00014002,0x00014003,0x00016000,0x00016001,0x00016002,0x00016003,0x00030004,0x00010005,
    0x00030006,0x00010007,0x00030008,0x00010009,0x0003000a,0x0001000b,0x0003000c,0x0001000d,
    0x0003000e,0x0001000f,0x00030010,0x00010011,0x00030012,0x00010013,0x00012022,0x00012023,
    0x00010014,0x00010015,0x00012024,0x00012025,0x00010016,0x00010017,0x00012026,0x00012027,
    0x00010018,0x00010019,0x00012028,0x00012029,0x0001001a,0x0001001b,0x0001202a,0x0001202b,
    0x0001001c,0x0001001d,0x0001202c,0x0001202d,0x0001001e,0x0001001f,0x0001202e,0x0001202f,
    0x00010020,0x00010021,0x00012030,0x00012031,0x00010022,0x00010023,0x00012032,0x00012033,
    0x00010024,0x00010025,0x00012034,0x00012035,0x00010026,0x00010027,0x00012036,0x00012037,
    0x00010028,0x00010029,0x00012038,0x00012039,0x0001002a,0x0001002b,0x0001203a,0x0001203b,
    0x0001002c,0x0001002d,0x0001203c,0x0001203d,0x0001002e,0x0001002f,0x0001203e,0x0001203f,
    0x00010030,0x00010031,0x00012040,0x00012041,0x00010032,0x00010033,0x00012042,0x00012043,
    0x00010034,0x00010035,0x00012044,0x00012045,0x00010036,0x00010037,0x00012046,0x00012047,
    0x00010038,0x00010039,0x00012048,0x00012049,0x0001003a,0x0001003b,0x0001204a,0x0001204b,
    0x0001003c,0x0001003d,0x0001204c,0x0001204d,0x0001003e,0x0001003f,0x0001204e,0x0001204f,
    0x00010040,0x00010041,0x00012050,0x00012051,0x00010042,0x00010043,0x00012052,0x00012053,
    0x00012054,0x00012055,0x00012056,0x00012057,0x00012058,0x00012059,0x0001205a,0x0001205b,
    0x0001205c,0x0001205d,0x0001205e,0x0001205f,0x00012060,0x00012061,0x00014004,0x00014000,
    0x00014001,0x00014002,0x00016004,0x00016005,0x00016006,0x00016007,0x00030044,0x00010045,
    0x00030046,0x00010047,0x00018000,0x00018001,0x00010048,0x00010049,0x00018002,0x00018003,
    0x0001004a,0x0001004b,0x00018004,0x00018005,0x0001004c,0x0001004d,0x00018006,0x00018007,
    0x0001004e,0x0001004f,0x00018008,0x00018009,0x00010000,0x00010001,0x0001800a,0x0001800b,
    0x00010002,0x00010003,0x00012062,0x00012063,0x00010004,0x00010005,0x00012064,0x00012065,
    0x00010006,0x00010007,0x00012066,0x00012067,0x00010008,0x00010009,0x00012068,0x00012069,
    0x0001000a,0x0001000b,0x0001206a,0x0001206b,0x0001000c,0x0001000d,0x0001206c,0x0001206d,
    0x0001000e,0x0001000f,0x0001206e,0x0001206f,0x00010010,0x00010011,0x00012070,0x00012071,
    0x00010012,0x00010013,0x00012072,0x00012073,0x00010014,0x00010015,0x00012074,0x00012075,
    0x00010016,0x00010017,0x00012076,0x00012077,0x00010018,0x00010019,0x00012078,0x00012079,
    0x0001001a,0x0001001b,0x0001207a,0x0001207b,0x0001001c,0x0001001d,0x0001207c,0x0001207d,
    0x0001001e,0x0001001f,0x0001207e,0x0001207f,0x00010020,0x00010021,0x00012080,0x00012081,
    0x00010022,0x00010023,0x00012082,0x00012083,0x00010024,0x00010025,0x00012084,0x00012085,
    0x00010026,0x00010027,0x00012086,0x00012087,0x00010028,0x00010029,0x00012088,0x00012089,
    0x0001002a,0x0001002b,0x0001208a,0x0001208b,0x0001002c,0x0001002d,0x0001208c,0x0001208d,
    0x0001002e,0x0001002f,0x0001208e,0x0001208f,0x00010030,0x00010031,0x00012090,0x00012091,
    0x00010032,0x00010033,0x00012092,0x00012093,0x00012094,0x00012095,0x00012096,0x00012097,
    0x00012098,0x00012099,0x0001209a,0x0001209b,0x0001209c,0x0001209d,0x0001209e,0x0001209f,
    0x000120a0,0x000120a1,0x00014003,0x00014004,0x00014000,0x00014001,0x00016008,0x00016009,
    0x0001600a,0x0001600b,0x0001800c,0x0001800d,0x00010034,0x00010035,0x0001a000,0x0001800e,
    0x00010036,0x00010037,0x0001800f,0x00020038,0x00010039,0x0003003a,0x0001003b,0x0003003c,
    0x0001003d,0x0003003e,0x0001003f,0x00030040,0x00010041,0x00030042,0x00010043,0x000120a2,
    0x000120a3,0x00010044,0x00010045,0x000120a4,0x000120a5,0x00010046,0x00010047,0x000120a6,
    0x000120a7,0x00010048,0x00010049,0x000120a8,0x000120a9,0x0001004a,0x0001004b,0x000120aa,
    0x000120ab,0x0001004c,0x0001004d,0x000120ac,0x000120ad,0x0001004e,0x0001004f,0x000120ae,
    0x000120af,0x00010000,0x00010001,0x000120b0,0x000120b1,0x00010002,0x00010003,0x000120b2,
    0x000120b3,0x00010004,0x00010005,0x000120b4,0x000120b5,0x00010006,0x00010007,0x000120b6,
    0x000120b7,0x00010008,0x00010009,0x000120b8,0x000120b9,0x000120ba,0x000120bb,0x000120bc,
    0x000120bd,0x000120be,0x000120bf,0x000120c0,0x000120c1,0x00014002,0x00014003,0x0001600c,
    0x0001600d,0x00018010,0x00018011,0x00018012,0x00018013,0x00028014,0x0001000a,0x0001000b,
    0x00018015,0x00018016,0x0001000c,0x0001000d,0x00018017,0x00018018,0x0001000e,0x0001000f,
    0x00018019,0x0001801a,0x00010010,0x00010011,0x0001801b,0x0001801c,0x00010012,0x00010013,
    0x000120c2,0x000120c3,0x00010014,0x00010015,0x000120c4,0x000120c5,0x00010016,0x00010017,
    0x000120c6,0x000120c7,0x00010018,0x00010019,0x000120c8,0x000120c9,0x0001001a,0x0001001b,
    0x000120ca,0x000120cb,0x0001001c,0x0001001d,0x000120cc,0x000120cd,0x0001001e,0x0001001f,
    0x000120ce,0x000120cf,0x00010020,0x00010021,0x000120d0,0x000120d1,0x00010022,0x00010023,
    0x000120d2,0x000120d3,0x00010024,0x00010025,0x000120d4,0x000120d5,0x00010026,0x00010027,
    0x000120d6,0x000120d7,0x00010028,0x00010029,0x000120d8,0x000120d9,0x0001002a,0x0001002b,
    0x000120da,0x000120db,0x0001002c,0x0001002d,0x000120dc,0x000120dd,0x0001002e,0x0001002f,
    0x000120de,0x000120df,0x00010030,0x00010031,0x000120e0,0x000120e1,0x00010032,0x00010033,
    0x000120e2,0x000120e3,0x00010034,0x00010035,0x000120e4,0x000120e5,0x00010036,0x00010037,
    0x000120e6,0x000120e7,0x00010038,0x00010039,0x000120e8,0x000120e9,0x0001003a,0x0001003b,
    0x000120ea,0x000120eb,0x0001003c,0x0001003d,0x000120ec,0x000120ed,0x0001003e,0x0001003f,
    0x000120ee,0x000120ef,0x00010040,0x00010041,0x000120f0,0x000120f1,0x00010042,0x00010043,
    0x000120f2,0x000120f3,0x000120f4,0x000120f5,0x000120f6,0x000120f7,0x000120f8,0x000120f9,
    0x000120fa,0x000120fb,0x000120fc,0x000120fd,0x000120fe,0x000120ff,0x00012100,0x00012101,
    0x00014004,0x00014000,0x00014001,0x00014002,0x0001600e,0x0001600f,0x00016010,0x00016011,
    0x0001801d,0x0001801e,0x00010044,0x00010045,0x0001801f,0x0001a001,0x00010046,0x00010047,
    0x00018020,0x00018021,0x00010048,0x00010049,0x00018022,0x00018023,0x0001004a,0x0001004b,
    0x00018024,0x00018025,0x0001004c,0x0001004d,0x00018026,0x00018027,0x0001004e,0x0001004f,
    0x00018028,0x00018029,0x00010000,0x00010001,0x0001802a,0x0001802b,0x00010002,0x00010003,
    0x00012102,0x00012103,0x00010004,0x00010005,0x00012104,0x00012105,0x00010006,0x00010007,
    0x00012106,0x00012107,0x00010008,0x00010009,0x00012108,0x00012109,0x0001000a,0x0001000b,
    0x0001210a,0x0001210b,0x0001000c,0x0001000d,0x0001210c,0x0001210d,0x0001000e,0x0001000f,
    0x0001210e,0x0001210f,0x00010010,0x00010011,0x00012110,0x00012111,0x00010012,0x00010013,
    0x00012112,0x00012113,0x00010014,0x00010015,0x00012114,0x00012115,0x00010016,0x00010017,
    0x00012116,0x00012117,0x00010018,0x00010019,0x00012118,0x00012119,0x0001001a,0x0001001b,
    0x0001211a,0x0001211b,0x0001001c,0x0001001d,0x0001211c,0x0001211d,0x0001001e,0x0001001f,
    0x0001211e,0x0001211f,0x00010020,0x00010021,0x00012120,0x00012121,0x00010022,0x00010023,
    0x00012122,0x00012123,0x00010024,0x00010025,0x00012124,0x00012125,0x00010026,0x00010027,
    0x00012126,0x00012127,0x00010028,0x00010029,0x00012128,0x00012129,0x0001002a,0x0001002b,
    0x0001212a,0x0001212b,0x0001002c,0x0001002d,0x0001212c,0x0001212d,0x0001002e,0x0001002f,
    0x0001212e,0x0001212f,0x00010030,0x00010031,0x00012130,0x00012131,0x00010032,0x00010033,
    0x00012132,0x00012133,0x00012134,0x00012135,0x00012136,0x00012137,0x00012138,0x00012139,
    0x0001213a,0x0001213b,0x0001213c,0x0001213d,0x0001213e,0x0001213f,0x00012000,0x00012001,
    0x00014003,0x00014004,0x00014005,0x00014006,0x00016012,0x00016013,0x00016000,0x00016001,
    0x0001802c,0x0001802d,0x00010034,0x00010035,0x0001a002,0x0001802e,0x00010036,0x00010037,
    0x0001802f,0x00020038,0x00010039,0x0003003a,0x0001003b,0x0003003c,0x0001003d,0x0003003e,
    0x0001003f,0x00030040,0x00010041,0x00030042,0x00010043,0x00012002,0x00012003,0x00010044,
    0x00010045,0x00012004,0x00012005,0x00010046,0x00010047,0x00012006,0x00012007,0x00010048,
    0x00010049,0x00012008,0x00012009,0x0001004a,0x0001004b,0x0001200a,0x0001200b,0x0001004c,
    0x0001004d,0x0001200c,0x0001200d,0x0001004e,0x0001004f,0x0001200e,0x0001200f,0x00010050,
    0x00010051,0x00012010,0x00012011,0x00010052,0x00010053,0x00012012,0x00012013,0x00010054,
    0x00010055,0x00012014,0x00012015,0x00010056,0x00010057,0x00012016,0x00012017,0x00010058,
    0x00010059,0x00012018,0x00012019,0x0001201a,0x0001201b,0x0001201c,0x0001201d,0x0001201e,
    0x0001201f,0x00012020,0x00012021,0x00014007,0x00014008,0x00016002,0x00016003,0x00018030,
    0x00018031,0x00018032,0x00018033,0x00028034,0x0001005a,0x0001005b,0x00018035,0x00018036,
    0x0001005c,0x0001005d,0x00018037,0x00018038,0x0001005e,0x0001005f,0x00018039,0x0001803a,
    0x00010060,0x00010061,0x0001803b,0x0001803c,0x00010062,0x00010063,0x00012022,0x00012023,
    0x00010064,0x00010065,0x00012024,0x00012025,0x00010066,0x00010067,0x00012026,0x00012027,
    0x00010068,0x00010069,0x00012028,0x00012029,0x0001006a,0x0001006b,0x0001202a,0x0001202b,
    0x0001006c,0x0001006d,0x0001202c,0x0001202d,0x0001006e,0x0001006f,0x0001202e,0x0001202f,
    0x00010070,0x00010071,0x00012030,0x00012031,0x00010072,0x00010073,0x00012032,0x00012033,
    0x00010074,0x00010075,0x00012034,0x00012035,0x00010076,0x00010077,0x00012036,0x00012037,
    0x00010078,0x00010079,0x00012038,0x00012039,0x0001007a,0x0001007b,0x0001203a,0x0001203b,
    0x0001007c,0x0001007d,0x0001203c,0x0001203d,0x0001007e,0x0001007f,0x0001203e,0x0001203f,
    0x00010080,0x00010081,0x00012040,0x00012041,0x00010082,0x00010083,0x00012042,0x00012043,
    0x00010084,0x00010085,0x00012044,0x00012045,0x00010086,0x00010087,0x00012046,0x00012047,
    0x00010088,0x00010089,0x00012048,0x00012049,0x0001008a,0x0001008b,0x0001204a,0x0001204b,
    0x0001008c,0x0001008d,0x0001204c,0x0001204d,0x0001008e,0x0001008f,0x0001204e,0x0001204f,
    0x00010090,0x00010091,0x00012050,0x00012051,0x00010092,0x00010093,0x00012052,0x00012053,
    0x00012054,0x00012055,0x00012056,0x00012057,0x00012058,0x00012059,0x0001205a,0x0001205b,
    0x0001205c,0x0001205d,0x0001205e,0x0001205f,0x00012060,0x00012061,0x00014009,0x00014005,
    0x00014006,0x00014007,0x00016004,0x00016005,0x00016006,0x00016007,0x0001803d,0x0001803e,
    0x00010094,0x00010095,0x0001803f,0x0001a003,0x00010096,0x00010097,0x00018040,0x00018041,
    0x00010098,0x00010099,0x00018042,0x00018043,0x0001009a,0x0001009b,0x00018044,0x00018045,
    0x0001009c,0x0001009d,0x00018046,0x00018047,0x0001009e,0x0001009f,0x00018048,0x00018049,
    0x00010050,0x00010051,0x0001804a,0x0001804b,0x00010052,0x00010053,0x00012062,0x00012063,
    0x00010054,0x00010055,0x00012064,0x00012065,0x00010056,0x00010057,0x00012066,0x00012067,
    0x00010058,0x00010059,0x00012068,0x00012069,0x0001005a,0x0001005b,0x0001206a,0x0001206b,
    0x0001005c,0x0001005d,0x0001206c,0x0001206d,0x0001005e,0x0001005f,0x0001206e,0x0001206f,
    0x00010060,0x00010061,0x00012070,0x00012071,0x00010062,0x00010063,0x00012072,0x00012073,
    0x00010064,0x00010065,0x00012074,0x00012075,0x00010066,0x00010067,0x00012076,0x00012077,
    0x00010068,0x00010069,0x00012078,0x00012079,0x0001006a,0x0001006b,0x0001207a,0x0001207b,
    0x0001006c,0x0001006d,0x0001207c,0x0001207d,0x0001006e,0x0001006f,0x0001207e,0x0001207f,
    0x00010070,0x00010071,0x00012080,0x00012081,0x00010072,0x00010073,0x00012082,0x00012083,
    0x00010074,0x00010075,0x00012084,0x00012085,0x00010076,0x00010077,0x00012086,0x00012087,
    0x00010078,0x00010079,0x00012088,0x00012089,0x0001007a,0x0001007b,0x0001208a,0x0001208b,
    0x0001007c,0x0001007d,0x0001208c,0x0001208d,0x0001007e,0x0001007f,0x0001208e,0x0001208f,
    0x00010080,0x00010081,0x00012090,0x00012091,0x00010082,0x00010083,0x00012092,0x00012093,
    0x00012094,0x00012095,0x00012096,0x00012097,0x00012098,0x00012099,0x0001209a,0x0001209b,
    0x0001209c,0x0001209d,0x0001209e,0x0001209f,0x000120a0,0x000120a1,0x00014008,0x00014009,
    0x00014005,0x00014006,0x00016008,0x00016009,0x0001600a,0x0001600b,0x0001804c,0x0001804d,
    0x00010084,0x00010085,0x0001a004,0x0001804e,0x00010086,0x00010087,0x0001804f,0x00020088,
    0x00010089,0x0003008a,0x0001008b,0x0003008c,0x0001008d,0x0003008e,0x0001008f,0x00030090,
    0x00010091,0x00030092,0x00010093,0x000120a2,0x000120a3,0x00010094,0x00010095,0x000120a4,
    0x000120a5,0x00010096,0x00010097,0x000120a6,0x000120a7,0x00010098,0x00010099,0x000120a8,
    0x000120a9,0x0001009a,0x0001009b,0x000120aa,0x000120ab,0x0001009c,0x0001009d,0x000120ac,
    0x000120ad,0x0001009e,0x0001009f,0x000120ae,0x000120af,0x00010050,0x00010051,0x000120b0,
    0x000120b1,0x00010052,0x00010053,0x000120b2,0x000120b3,0x00010054,0x00010055,0x000120b4,
    0x000120b5,0x00010056,0x00010057,0x000120b6,0x000120b7,0x00010058,0x00010059,0x000120b8,
    0x000120b9,0x000120ba,0x000120bb,0x000120bc,0x000120bd,0x000120be,0x000120bf,0x000120c0,
    0x000120c1,0x00014007,0x00014008,0x0001600c,0x0001600d,0x00018050,0x00018051,0x00018052,
    0x00018053,0x00028054,0x0001005a,0x0001005b,0x00018055,0x00018056,0x0001005c,0x0001005d,
    0x00018057,0x00018058,0x0001005e,0x0001005f,0x00018059,0x0001805a,0x00010060,0x00010061,
    0x0001805b,0x0001805c,0x00010062,0x00010063,0x000120c2,0x000120c3,0x00010064,0x00010065,
    0x000120c4,0x000120c5,0x00010066,0x00010067,0x000120c6,0x000120c7,0x00010068,0x00010069,
    0x000120c8,0x000120c9,0x0001006a,0x0001006b,0x000120ca,0x000120cb,0x0001006c,0x0001006d,
    0x000120cc,0x000120cd,0x0001006e,0x0001006f,0x000120ce,0x000120cf,0x00010070,0x00010071,
    0x000120d0,0x000120d1,0x00010072,0x00010073,0x000120d2,0x000120d3,0x00010074,0x00010075,
    0x000120d4,0x000120d5,0x00010076,0x00010077,0x000120d6,0x000120d7,0x00010078,0x00010079,
    0x000120d8,0x000120d9,0x0001007a,0x0001007b,0x000120da,0x000120db,0x0001007c,0x0001007d,
    0x000120dc,0x000120dd,0x0001007e,0x0001007f,0x000120de,0x000120df,0x00010080,0x00010081,
    0x000120e0,0x000120e1,0x00010082,0x00010083,0x000120e2,0x000120e3,0x00010084,0x00010085,
    0x000120e4,0x000120e5,0x00010086,0x00010087,0x000120e6,0x000120e7,0x00010088,0x00010089,
    0x000120e8,0x000120e9,0x0001008a,0x0001008b,0x000120ea,0x000120eb,0x0001008c,0x0001008d,
    0x000120ec,0x000120ed,0x0001008e,0x0001008f,0x000120ee,0x000120ef,0x00010090,0x00010091,
    0x000120f0,0x000120f1,0x00010092,0x00010093,0x000120f2,0x000120f3,0x000120f4,0x000120f5,
    0x000120f6,0x000120f7,0x000120f8,0x000120f9,0x000120fa,0x000120fb,0x000120fc,0x000120fd,
    0x000120fe,0x000120ff,0x00012100,0x00012101,0x00014009,0x00014005,0x00014006,0x00014007,
    0x0001600e,0x0001600f,0x00016010,0x00016011,0x0001805d,0x0001805e,0x00010094,0x00010095,
    0x0001805f,0x0001a005,0x00010096,0x00010097,0x00018060,0x00018061,0x00010098,0x00010099,
    0x00018062,0x00018063,0x0001009a,0x0001009b,0x00018064,0x00018065,0x0001009c,0x0001009d,
    0x00018066,0x00018067,0x0001009e,0x0001009f,0x00018068,0x00018069,0x00010050,0x00010051,
    0x0001806a,0x0001806b,0x00010052,0x00010053,0x00012102,0x00012103,0x00010054,0x00010055,
    0x00012104,0x00012105,0x00010056,0x00010057,0x00012106,0x00012107,0x00010058,0x00010059,
    0x00012108,0x00012109,0x0001005a,0x0001005b,0x0001210a,0x0001210b,0x0001005c,0x0001005d,
    0x0001210c,0x0001210d,0x0001005e,0x0001005f,0x0001210e,0x0001210f,0x00010060,0x00010061,
    0x00012110,0x00012111,0x00010062,0x00010063,0x00012112,0x00012113,0x00010064,0x00010065,
    0x00012114,0x00012115,0x00010066,0x00010067,0x00012116,0x00012117,0x00010068,0x00010069,
    0x00012118,0x00012119,0x0001006a,0x0001006b,0x0001211a,0x0001211b,0x0001006c,0x0001006d,
    0x0001211c,0x0001211d,0x0001006e,0x0001006f,0x0001211e,0x0001211f,0x00010070,0x00010071,
    0x00012120,0x00012121,0x00010072,0x00010073,0x00012122,0x00012123,0x00010074,0x00010075,
    0x00012124,0x00012125,0x00010076,0x00010077,0x00012126,0x00012127,0x00010078,0x00010079,
    0x00012128,0x00012129,0x0001007a,0x0001007b,0x0001212a,0x0001212b,0x0001007c,0x0001007d,
    0x0001212c,0x0001212d,0x0001007e,0x0001007f,0x0001212e,0x0001212f,0x00010080,0x00010081,
    0x00012130,0x00012131,0x00010082,0x00010083,0x00012132,0x00012133,0x00012134,0x00012135,
    0x00012136,0x00012137,0x00012138,0x00012139,0x0001213a,0x0001213b,0x0001213c,0x0001213d,
    0x0001213e,0x0001213f,0x00012000,0x00012001,0x00014008,0x00014009,0x0001400a,0x0001400b,
    0x00016012,0x00016013,0x00016000,0x00016001,0x0001806c,0x0001806d,0x00010084,0x00010085,
    0x0001a006,0x0001806e,0x00010086,0x00010087,0x0001806f,0x00020088,0x00010089,0x0003008a,
    0x0001008b,0x0003008c,0x0001008d,0x0003008e,0x0001008f,0x00030090,0x00010091,0x00030092,
    0x00010093,0x00012002,0x00012003,0x00010094,0x00010095,0x00012004,0x00012005,0x00010096,
    0x00010097,0x00012006,0x00012007,0x00010098,0x00010099,0x00012008,0x00012009,0x0001009a,
    0x0001009b,0x0001200a,0x0001200b,0x0001009c,0x0001009d,0x0001200c,0x0001200d,0x0001009e,
    0x0001009f,0x0001200e,0x0001200f,0x000100a0,0x000100a1,0x00012010,0x00012011,0x000100a2,
    0x000100a3,0x00012012,0x00012013,0x000100a4,0x000100a5,0x00012014,0x00012015,0x000100a6,
    0x000100a7,0x00012016,0x00012017,0x000100a8,0x000100a9,0x00012018,0x00012019,0x0001201a,
    0x0001201b,0x0001201c,0x0001201d,0x0001201e,0x0001201f,0x00012020,0x00012021,0x0001400c,
    0x0001400d,0x00016002,0x00016003,0x00018070,0x00018071,0x00018072,0x00018073,0x00028074,
    0x000100aa,0x000100ab,0x00018075,0x00018076,0x000100ac,0x000100ad,0x00018077,0x00018078,
    0x000100ae,0x000100af,0x00018079,0x0001807a,0x000100b0,0x000100b1,0x0001807b,0x0001807c,
    0x000100b2,0x000100b3,0x00012022,0x00012023,0x000100b4,0x000100b5,0x00012024,0x00012025,
    0x000100b6,0x000100b7,0x00012026,0x00012027,0x000100b8,0x000100b9,0x00012028,0x00012029,
    0x000100ba,0x000100bb,0x0001202a,0x0001202b,0x000100bc,0x000100bd,0x0001202c,0x0001202d,
    0x000100be,0x000100bf,0x0001202e,0x0001202f,0x000100c0,0x000100c1,0x00012030,0x00012031,
    0x000100c2,0x000100c3,0x00012032,0x00012033,0x000100c4,0x000100c5,0x00012034,0x00012035,
    0x000100c6,0x000100c7,0x00012036,0x00012037,0x000100c8,0x000100c9,0x00012038,0x00012039,
    0x000100ca,0x000100cb,0x0001203a,0x0001203b,0x000100cc,0x000100cd,0x0001203c,0x0001203d,
    0x000100ce,0x000100cf,0x0001203e,0x0001203f,0x000100d0,0x000100d1,0x00012040,0x00012041,
    0x000100d2,0x000100d3,0x00012042,0x00012043,0x000100d4,0x000100d5,0x00012044,0x00012045,
    0x000100d6,0x000100d7,0x00012046,0x00012047,0x000100d8,0x000100d9,0x00012048,0x00012049,
    0x000100da,0x000100db,0x0001204a,0x0001204b,0x000100dc,0x000100dd,0x0001204c,0x0001204d,
    0x000100de,0x000100df,0x0001204e,0x0001204f,0x000100e0,0x000100e1,0x00012050,0x00012051,
    0x000100e2,0x000100e3,0x00012052,0x00012053,0x00012054,0x00012055,0x00012056,0x00012057,
    0x00012058,0x00012059,0x0001205a,0x0001205b,0x0001205c,0x0001205d,0x0001205e,0x0001205f,
    0x00012060,0x00012061,0x0001400e,0x0001400a,0x0001400b,0x0001400c,0x00016004,0x00016005,
    0x00016006,0x00016007,0x0001807d,0x0001807e,0x000100e4,0x000100e5,0x0001807f,0x0001a007,
    0x000100e6,0x000100e7,0x00018080,0x00018081,0x000100e8,0x000100e9,0x00018082,0x00018083,
    0x000100ea,0x000100eb,0x00018084,0x00018085,0x000100ec,0x000100ed,0x00018086,0x00018087,
    0x000100ee,0x000100ef,0x00018088,0x00018089,0x000100a0,0x000100a1,0x0001808a,0x0001808b,
    0x000100a2,0x000100a3,0x00012062,0x00012063,0x000100a4,0x000100a5,0x00012064,0x00012065,
    0x000100a6,0x000100a7,0x00012066,0x00012067,0x000100a8,0x000100a9,0x00012068,0x00012069,
    0x000100aa,0x000100ab,0x0001206a,0x0001206b,0x000100ac,0x000100ad,0x0001206c,0x0001206d,
    0x000100ae,0x000100af,0x0001206e,0x0001206f,0x000100b0,0x000100b1,0x00012070,0x00012071,
    0x000100b2,0x000100b3,0x00012072,0x00012073,0x000100b4,0x000100b5,0x00012074,0x00012075,
    0x000100b6,0x000100b7,0x00012076,0x00012077,0x000100b8,0x000100b9,0x00012078,0x00012079,
    0x000100ba,0x000100bb,0x0001207a,0x0001207b,0x000100bc,0x000100bd,0x0001207c,0x0001207d,
    0x000100be,0x000100bf,0x0001207e,0x0001207f,0x000100c0,0x000100c1,0x00012080,0x00012081,
    0x000100c2,0x000100c3,0x00012082,0x00012083,0x000100c4,0x000100c5,0x00012084,0x00012085,
    0x000100c6,0x000100c7,0x00012086,0x00012087,0x000100c8,0x000100c9,0x00012088,0x00012089,
    0x000100ca,0x000100cb,0x0001208a,0x0001208b,0x000100cc,0x000100cd,0x0001208c,0x0001208d,
    0x000100ce,0x000100cf,0x0001208e,0x0001208f,0x000100d0,0x000100d1,0x00012090,0x00012091,
    0x000100d2,0x000100d3,0x00012092,0x00012093,0x00012094,0x00012095,0x00012096,0x00012097,
    0x00012098,0x00012099,0x0001209a,0x0001209b,0x0001209c,0x0001209d,0x0001209e,0x0001209f,
    0x000120a0,0x000120a1,0x0001400d,0x0001400e,0x0001400a,0x0001400b,0x00016008,0x00016009,
    0x0001600a,0x0001600b,0x0001808c,0x0001808d,0x000100d4,0x000100d5,0x0001a008,0x0001808e,
    0x000100d6,0x000100d7,0x0001808f,0x000200d8,0x000100d9,0x000300da,0x000100db,0x000300dc,
    0x000100dd,0x000300de,0x000100df,0x000300e0,0x000100e1,0x000300e2,0x000100e3,0x000120a2,
    0x000120a3,0x000100e4,0x000100e5,0x000120a4,0x000120a5,0x000100e6,0x000100e7,0x000120a6,
    0x000120a7,0x000100e8,0x000100e9,0x000120a8,0x000120a9,0x000100ea,0x000100eb,0x000120aa,
    0x000120ab,0x000100ec,0x000100ed,0x000120ac,0x000120ad,0x000100ee,0x000100ef,0x000120ae,
    0x000120af,0x000100a0,0x000100a1,0x000120b0,0x000120b1,0x000100a2,0x000100a3,0x000120b2,
    0x000120b3,0x000100a4,0x000100a5,0x000120b4,0x000120b5,0x000100a6,0x000100a7,0x000120b6,
    0x000120b7,0x000100a8,0x000100a9,0x000120b8,0x000120b9,0x000120ba,0x000120bb,0x000120bc,
    0x000120bd,0x000120be,0x000120bf,0x000120c0,0x000120c1,0x0001400c,0x0001400d,0x0001600c,
    0x0001600d,0x00018090,0x00018091,0x00018092,0x00018093,0x00028094,0x000100aa,0x000100ab,
    0x00018095,0x00018096,0x000100ac,0x000100ad,0x00018097,0x00018098,0x000100ae,0x000100af,
    0x00018099,0x0001809a,0x000100b0,0x000100b1,0x0001809b,0x0001809c,0x000100b2,0x000100b3,
    0x000120c2,0x000120c3,0x000100b4,0x000100b5,0x000120c4,0x000120c5,0x000100b6,0x000100b7,
    0x000120c6,0x000120c7,0x000100b8,0x000100b9,0x000120c8,0x000120c9,0x000100ba,0x000100bb,
    0x000120ca,0x000120cb,0x000100bc,0x000100bd,0x000120cc,0x000120cd,0x000100be,0x000100bf,
    0x000120ce,0x000120cf,0x000100c0,0x000100c1,0x000120d0,0x000120d1,0x000100c2,0x000100c3,
    0x000120d2,0x000120d3,0x000100c4,0x000100c5,0x000120d4,0x000120d5,0x000100c6,0x000100c7,
    0x000120d6,0x000120d7,0x000100c8,0x000100c9,0x000120d8,0x000120d9,0x000100ca,0x000100cb,
    0x000120da,0x000120db,0x000100cc,0x000100cd,0x000120dc,0x000120dd,0x000100ce,0x000100cf,
    0x000120de,0x000120df,0x000100d0,0x000100d1,0x000120e0,0x000120e1,0x000100d2,0x000100d3,
    0x000120e2,0x000120e3,0x000100d4,0x000100d5,0x000120e4,0x000120e5,0x000100d6,0x000100d7,
    0x000120e6,0x000120e7,0x000100d8,0x000100d9,0x000120e8,0x000120e9,0x000100da,0x000100db,
    0x000120ea,0x000120eb,0x000100dc,0x000100dd,0x000120ec,0x000120ed,0x000100de,0x000100df,
    0x000120ee,0x000120ef,0x000100e0,0x000100e1,0x000120f0,0x000120f1,0x000100e2,0x000100e3,
    0x000120f2,0x000120f3,0x000120f4,0x000120f5,0x000120f6,0x000120f7,0x000120f8,0x000120f9,
    0x000120fa,0x000120fb,0x000120fc,0x000120fd,0x000120fe,0x000120ff,0x00012100,0x00012101,
    0x0001400e,0x0001400a,0x0001400b,0x0001400c,0x0001600e,0x0001600f,0x00016010,0x00016011,
    0x0001809d,0x0001809e,0x000100e4,0x000100e5,0x0001809f,0x0001a009,0x000100e6,0x000100e7,
    0x000180a0,0x000180a1,0x000100e8,0x000100e9,0x000180a2,0x000180a3,0x000100ea,0x000100eb,
    0x000180a4,0x000180a5,0x000100ec,0x000100ed,0x000180a6,0x000180a7,0x000100ee,0x000100ef,
    0x000180a8,0x000180a9,0x000100a0,0x000100a1,0x000180aa,0x000180ab,0x000100a2,0x000100a3,
    0x00012102,0x00012103,0x000100a4,0x000100a5,0x00012104,0x00012105,0x000100a6,0x000100a7,
    0x00012106,0x00012107,0x000100a8,0x000100a9,0x00012108,0x00012109,0x000100aa,0x000100ab,
    0x0001210a,0x0001210b,0x000100ac,0x000100ad,0x0001210c,0x0001210d,0x000100ae,0x000100af,
    0x0001210e,0x0001210f,0x000100b0,0x000100b1,0x00012110,0x00012111,0x000100b2,0x000100b3,
    0x00012112,0x00012113,0x000100b4,0x000100b5,0x00012114,0x00012115,0x000100b6,0x000100b7,
    0x00012116,0x00012117,0x000100b8,0x000100b9,0x00012118,0x00012119,0x000100ba,0x000100bb,
    0x0001211a,0x0001211b,0x000100bc,0x000100bd,0x0001211c,0x0001211d,0x000100be,0x000100bf,
    0x0001211e,0x0001211f,0x000100c0,0x000100c1,0x00012120,0x00012121,0x000100c2,0x000100c3,
    0x00012122,0x00012123,0x000100c4,0x000100c5,0x00012124,0x00012125,0x000100c6,0x000100c7,
    0x00012126,0x00012127,0x000100c8,0x000100c9,0x00012128,0x00012129,0x000100ca,0x000100cb,
    0x0001212a,0x0001212b,0x000100cc,0x000100cd,0x0001212c,0x0001212d,0x000100ce,0x000100cf,
    0x0001212e,0x0001212f,0x000100d0,0x000100d1,0x00012130,0x00012131,0x000100d2,0x000100d3,
    0x00012132,0x00012133,0x00012134,0x00012135,0x00012136,0x00012137,0x00012138,0x00012139,
    0x0001213a,0x0001213b,0x0001213c,0x0001213d,0x0001213e,0x0001213f,0x00012000,0x00012001,
    0x0001400d,0x0001400e,0x0001400f,0x00014010,0x00016012,0x00016013,0x00016000,0x00016001,
    0x000180ac,0x000180ad,0x000100d4,0x000100d5,0x0001a00a,0x000180ae,0x000100d6,0x000100d7,
    0x000180af,0x000200d8,0x000100d9,0x000300da,0x000100db,0x000300dc,0x000100dd,0x000300de,
    0x000100df,0x000300e0,0x000100e1,0x000300e2,0x000100e3,0x00012002,0x00012003,0x000100e4,
    0x000100e5,0x00012004,0x00012005,0x000100e6,0x000100e7,0x00012006,0x00012007,0x000100e8,
    0x000100e9,0x00012008,0x00012009,0x000100ea,0x000100eb,0x0001200a,0x0001200b,0x000100ec,
    0x000100ed,0x0001200c,0x0001200d,0x000100ee,0x000100ef,0x0001200e,0x0001200f,0x000100f0,
    0x000100f1,0x00012010,0x00012011,0x000100f2,0x000100f3,0x00012012,0x00012013,0x000100f4,
    0x000100f5,0x00012014,0x00012015,0x000100f6,0x000100f7,0x00012016,0x00012017,0x000100f8,
    0x000100f9,0x00012018,0x00012019,0x0001201a,0x0001201b,0x0001201c,0x0001201d,0x0001201e,
    0x0001201f,0x00012020,0x00012021,0x00014011,0x00014012,0x00016002,0x00016003,0x000180b0,
    0x000180b1,0x000180b2,0x000180b3,0x000280b4,0x000100fa,0x000100fb,0x000180b5,0x000180b6,
    0x000100fc,0x000100fd,0x000180b7,0x000180b8,0x000100fe,0x000100ff,0x000180b9,0x000180ba,
    0x00010100,0x00010101,0x000180bb,0x000180bc,0x00010102,0x00010103,0x00012022,0x00012023,
    0x00010104,0x00010105,0x00012024,0x00012025,0x00010106,0x00010107,0x00012026,0x00012027,
    0x00010108,0x00010109,0x00012028,0x00012029,0x0001010a,0x0001010b,0x0001202a,0x0001202b,
    0x0001010c,0x0001010d,0x0001202c,0x0001202d,0x0001010e,0x0001010f,0x0001202e,0x0001202f,
    0x00010110,0x00010111,0x00012030,0x00012031,0x00010112,0x00010113,0x00012032,0x00012033,
    0x00010114,0x00010115,0x00012034,0x00012035,0x00010116,0x00010117,0x00012036,0x00012037,
    0x00010118,0x00010119,0x00012038,0x00012039,0x0001011a,0x0001011b,0x0001203a,0x0001203b,
    0x0001011c,0x0001011d,0x0001203c,0x0001203d,0x0001011e,0x0001011f,0x0001203e,0x0001203f,
    0x00010120,0x00010121,0x00012040,0x00012041,0x00010122,0x00010123,0x00012042,0x00012043,
    0x00010124,0x00010125,0x00012044,0x00012045,0x00010126,0x00010127,0x00012046,0x00012047,
    0x00010128,0x00010129,0x00012048,0x00012049,0x0001012a,0x0001012b,0x0001204a,0x0001204b,
    0x0001012c,0x0001012d,0x0001204c,0x0001204d,0x0001012e,0x0001012f,0x0001204e,0x0001204f,
    0x00010130,0x00010131,0x00012050,0x00012051,0x00010132,0x00010133,0x00012052,0x00012053,
    0x00012054,0x00012055,0x00012056,0x00012057,0x00012058,0x00012059,0x0001205a,0x0001205b,
    0x0001205c,0x0001205d,0x0001205e,0x0001205f,0x00012060,0x00012061,0x00014013,0x0001400f,
    0x00014010,0x00014011,0x00016004,0x00016005,0x00016006,0x00016007,0x000180bd,0x000180be,
    0x00010134,0x00010135,0x000180bf,0x0001a00b,0x00010136,0x00010137,0x000180c0,0x000180c1,
    0x00010138,0x00010139,0x000180c2,0x000180c3,0x0001013a,0x0001013b,0x000180c4,0x000180c5,
    0x0001013c,0x0001013d,0x000180c6,0x000180c7,0x0001013e,0x0001013f,0x000180c8,0x000180c9,
    0x000100f0,0x000100f1,0x000180ca,0x000180cb,0x000100f2,0x000100f3,0x00012062,0x00012063,
    0x000100f4,0x000100f5,0x00012064,0x00012065,0x000100f6,0x000100f7,0x00012066,0x00012067,
    0x000100f8,0x000100f9,0x00012068,0x00012069,0x000100fa,0x000100fb,0x0001206a,0x0001206b,
    0x000100fc,0x000100fd,0x0001206c,0x0001206d,0x000100fe,0x000100ff,0x0001206e,0x0001206f,
    0x00010100,0x00010101,0x00012070,0x00012071,0x00010102,0x00010103,0x00012072,0x00012073,
    0x00010104,0x00010105,0x00012074,0x00012075,0x00010106,0x00010107,0x00012076,0x00012077,
    0x00010108,0x00010109,0x00012078,0x00012079,0x0001010a,0x0001010b,0x0001207a,0x0001207b,
    0x0001010c,0x0001010d,0x0001207c,0x0001207d,0x0001010e,0x0001010f,0x0001207e,0x0001207f,
    0x00010110,0x00010111,0x00012080,0x00012081,0x00010112,0x00010113,0x00012082,0x00012083,
    0x00010114,0x00010115,0x00012084,0x00012085,0x00010116,0x00010117,0x00012086,0x00012087,
    0x00010118,0x00010119,0x00012088,0x00012089,0x0001011a,0x0001011b,0x0001208a,0x0001208b,
    0x0001011c,0x0001011d,0x0001208c,0x0001208d,0x0001011e,0x0001011f,0x0001208e,0x0001208f,
    0x00010120,0x00010121,0x00012090,0x00012091,0x00010122,0x00010123,0x00012092,0x00012093,
    0x00012094,0x00012095,0x00012096,0x00012097,0x00012098,0x00012099,0x0001209a,0x0001209b,
    0x0001209c,0x0001209d,0x0001209e,0x0001209f,0x000120a0,0x000120a1,0x00014012,0x00014013,
    0x0001400f,0x00014010,0x00016008,0x00016009,0x0001600a,0x0001600b,0x000180cc,0x000180cd,
    0x00010124,0x00010125,0x0001a00c,0x000180ce,0x00010126,0x00010127,0x000180cf,0x00020128,
    0x00010129,0x0003012a,0x0001012b,0x0003012c,0x0001012d,0x0003012e,0x0001012f,0x00030130,
    0x00010131,0x00030132,0x00010133,0x000120a2,0x000120a3,0x00010134,0x00010135,0x000120a4,
    0x000120a5,0x00010136,0x00010137,0x000120a6,0x000120a7,0x00010138,0x00010139,0x000120a8,
    0x000120a9,0x0001013a,0x0001013b,0x000120aa,0x000120ab,0x0001013c,0x0001013d,0x000120ac,
    0x000120ad,0x0001013e,0x0001013f,0x000120ae,0x000120af,0x000100f0,0x000100f1,0x000120b0,
    0x000120b1,0x000100f2,0x000100f3,0x000120b2,0x000120b3,0x000100f4,0x000100f5,0x000120b4,
    0x000120b5,0x000100f6,0x000100f7,0x000120b6,0x000120b7,0x000100f8,0x000100f9,0x000120b8,
    0x000120b9,0x000120ba,0x000120bb,0x000120bc,0x000120bd,0x000120be,0x000120bf,0x000120c0,
    0x000120c1,0x00014011,0x00014012,0x0001600c,0x0001600d,0x000180d0,0x000180d1,0x000180d2,
    0x000180d3,0x000280d4,0x000100fa,0x000100fb,0x000180d5,0x000180d6,0x000100fc,0x000100fd,
    0x000180d7,0x000180d8,0x000100fe,0x000100ff,0x000180d9,0x000180da,0x00010100,0x00010101,
    0x000180db,0x000180dc,0x00010102,0x00010103,0x000120c2,0x000120c3,0x00010104,0x00010105,
    0x000120c4,0x000120c5,0x00010106,0x00010107,0x000120c6,0x000120c7,0x00010108,0x00010109,
    0x000120c8,0x000120c9,0x0001010a,0x0001010b,0x000120ca,0x000120cb,0x0001010c,0x0001010d,
    0x000120cc,0x000120cd,0x0001010e,0x0001010f,0x000120ce,0x000120cf,0x00010110,0x00010111,
    0x000120d0,0x000120d1,0x00010112,0x00010113,0x000120d2,0x000120d3,0x00010114,0x00010115,
    0x000120d4,0x000120d5,0x00010116,0x00010117,0x000120d6,0x000120d7,0x00010118,0x00010119,
    0x000120d8,0x000120d9,0x0001011a,0x0001011b,0x000120da,0x000120db,0x0001011c,0x0001011d,
    0x000120dc,0x000120dd,0x0001011e,0x0001011f,0x000120de,0x000120df,0x00010120,0x00010121,
    0x000120e0,0x000120e1,0x00010122,0x00010123,0x000120e2,0x000120e3,0x00010124,0x00010125,
    0x000120e4,0x000120e5,0x00010126,0x00010127,0x000120e6,0x000120e7,0x00010128,0x00010129,
    0x000120e8,0x000120e9,0x0001012a,0x0001012b,0x000120ea,0x000120eb,0x0001012c,0x0001012d,
    0x000120ec,0x000120ed,0x0001012e,0x0001012f,0x000120ee,0x000120ef,0x00010130,0x00010131,
    0x000120f0,0x000120f1,0x00010132,0x00010133,0x000120f2,0x000120f3,0x000120f4,0x000120f5,
    0x000120f6,0x000120f7,0x000120f8,0x000120f9,0x000120fa,0x000120fb,0x000120fc,0x000120fd,
    0x000120fe,0x000120ff,0x00012100,0x00012101,0x00014013,0x0001400f,0x00014010,0x00014011,
    0x0001600e,0x0001600f,0x00016010,0x00016011,0x000180dd,0x000180de,0x00010134,0x00010135,
    0x000180df,0x0001a00d,0x00010136,0x00010137,0x000180e0,0x000180e1,0x00010138,0x00010139,
    0x000180e2,0x000180e3,0x0001013a,0x0001013b,0x000180e4,0x000180e5,0x0001013c,0x0001013d,
    0x000180e6,0x000180e7,0x0001013e,0x0001013f,0x000180e8,0x000180e9,0x000100f0,0x000100f1,
    0x000180ea,0x000180eb,0x000100f2,0x000100f3,0x00012102,0x00012103,0x000100f4,0x000100f5,
    0x00012104,0x00012105,0x000100f6,0x000100f7,0x00012106,0x00012107,0x000100f8,0x000100f9,
    0x00012108,0x00012109,0x000100fa,0x000100fb,0x0001210a,0x0001210b,0x000100fc,0x000100fd,
    0x0001210c,0x0001210d,0x000100fe,0x000100ff,0x0001210e,0x0001210f,0x00010100,0x00010101,
    0x00012110,0x00012111,0x00010102,0x00010103,0x00012112,0x00012113,0x00010104,0x00010105,
    0x00012114,0x00012115,0x00010106,0x00010107,0x00012116,0x00012117,0x00010108,0x00010109,
    0x00012118,0x00012119,0x0001010a,0x0001010b,0x0001211a,0x0001211b,0x0001010c,0x0001010d,
    0x0001211c,0x0001211d,0x0001010e,0x0001010f,0x0001211e,0x0001211f,0x00010110,0x00010111,
    0x00012120,0x00012121,0x00010112,0x00010113,0x00012122,0x00012123,0x00010114,0x00010115,
    0x00012124,0x00012125,0x00010116,0x00010117,0x00012126,0x00012127,0x00010118,0x00010119,
    0x00012128,0x00012129,0x0001011a,0x0001011b,0x0001212a,0x0001212b,0x0001011c,0x0001011d,
    0x0001212c,0x0001212d,0x0001011e,0x0001011f,0x0001212e,0x0001212f,0x00010120,0x00010121,
    0x00012130,0x00012131,0x00010122,0x00010123,0x00012132,0x00012133,0x00012134,0x00012135,
    0x00012136,0x00012137,0x00012138,0x00012139,0x0001213a,0x0001213b,0x0001213c,0x0001213d,
    0x0001213e,0x0001213f,0x00014012,0x00014013,0x00016012,0x00016013,0x000180ec,0x000180ed,
    0x0001a00e,0x000180ee,0x00010124,0x00010125,0x000180ef,0x00020126,0x00010127,0x00030128,
    0x00010129,0x0003012a,0x0001012b,0x0003012c,0x0001012d,0x0003012e,0x0001012f,0x00030130,
    0x00010131,0x00030132,0x00010133,0x00030134,0x00010135,0x00030136,0x00010137,0x000180f0,
    0x000180f1,0x00010138,0x00010139,0x000180f2,0x000180f3,0x0001013a,0x0001013b,0x000180f4,
    0x000180f5,0x0001013c,0x0001013d,0x000180f6,0x000180f7,0x0001013e,0x0001013f,0x000180f8,
    0x000180f9,0x000280fa,0x000280fb,0x000280fc,0x000280fd,0x000280fe,0x000280ff,0x0001a00f,
    0x00050000,0x00010001,0x00010002,0x00010003,0x00012000,0x00012001,0x00012002,0x00012003,
    0x00012004,0x00012005,0x00012006,0x00012007,0x00012008,0x00012009,0x0001200a,0x0001200b,
    0x0001200c,0x0001200d,0x0001200e,0x0001200f,0x00012010,0x00012011,0x00012012,0x00012013,
    0x00012014,0x00012015,0x00012016,0x00012017,0x00012018,0x00012019,0x0001201a,0x0001201b,
    0x0001201c,0x0001201d,0x0001201e,0x0001201f,0x00012020,0x00012021,0x00014000,0x00014001,
    0x00014002,0x00014003,0x00016000,0x00016001,0x00016002,0x00016003,0x00030004,0x00010005,
    0x00030006,0x00010007,0x00030008,0x00010009,0x0003000a,0x0001000b,0x0003000c,0x0001000d,
    0x0003000e,0x0001000f,0x00030010,0x00010011,0x00030012,0x00010013,0x00012022,0x00012023,
    0x00010014,0x00010015,0x00012024,0x00012025,0x00010016,0x00010017,0x00012026,0x00012027,
    0x00010018,0x00010019,0x00012028,0x00012029,0x0001001a,0x0001001b,0x0001202a,0x0001202b,
    0x0001001c,0x0001001d,0x0001202c,0x0001202d,0x0001001e,0x0001001f,0x0001202e,0x0001202f,
    0x00010020,0x00010021,0x00012030,0x00012031,0x00010022,0x00010023,0x00012032,0x00012033,
    0x00010024,0x00010025,0x00012034,0x00012035,0x00010026,0x00010027,0x00012036,0x00012037,
    0x00010028,0x00010029,0x00012038,0x00012039,0x0001002a,0x0001002b,0x0001203a,0x0001203b,
    0x0001002c,0x0001002d,0x0001203c,0x0001203d,0x0001002e,0x0001002f,0x0001203e,0x0001203f,
    0x00010030,0x00010031,0x00012040,0x00012041,0x00010032,0x00010033,0x00012042,0x00012043,
    0x00010034,0x00010035,0x00012044,0x00012045,0x00010036,0x00010037,0x00012046,0x00012047,
    0x00010038,0x00010039,0x00012048,0x00012049,0x0001003a,0x0001003b,0x0001204a,0x0001204b,
    0x0001003c,0x0001003d,0x0001204c,0x0001204d,0x0001003e,0x0001003f,0x0001204e,0x0001204f,
    0x00010040,0x00010041,0x00012050,0x00012051,0x00010042,0x00010043,0x00012052,0x00012053,
    0x00012054,0x00012055,0x00012056,0x00012057,0x00012058,0x00012059,0x0001205a,0x0001205b,
    0x0001205c,0x0001205d,0x0001205e,0x0001205f,0x00012060,0x00012061,0x00014004,0x00014005,
    0x00014000,0x00014001,0x00016004,0x00016005,0x00016006,0x00016007,0x00030044,0x00010045,
    0x00030046,0x00010047,0x00030048,0x00010049,0x0003004a,0x0001004b,0x0003004c,0x0001004d,
    0x0003004e,0x0001004f,0x00030050,0x00010051,0x00030052,0x00010053,0x00012062,0x00012063,
    0x00010054,0x00010055,0x00012064,0x00012065,0x00010056,0x00010057,0x00012066,0x00012067,
    0x00010058,0x00010059,0x00012068,0x00012069,0x0001005a,0x0001005b,0x0001206a,0x0001206b,
    0x0001005c,0x0001005d,0x0001206c,0x0001206d,0x0001005e,0x0001005f,0x0001206e,0x0001206f,
    0x00010000,0x00010001,0x00012070,0x00012071,0x00010002,0x00010003,0x00012072,0x00012073,
    0x00010004,0x00010005,0x00012074,0x00012075,0x00010006,0x00010007,0x00012076,0x00012077,
    0x00010008,0x00010009,0x00012078,0x00012079,0x0001207a,0x0001207b,0x0001207c,0x0001207d,
    0x0001207e,0x0001207f,0x00012080,0x00012081,0x00014002,0x00014003,0x00016008,0x00016009,
    0x00018000,0x00018001,0x00018002,0x00018003,0x00028004,0x0001000a,0x0001000b,0x00018005,
    0x00018006,0x0001000c,0x0001000d,0x00018007,0x00018008,0x0001000e,0x0001000f,0x00018009,
    0x0001800a,0x00010010,0x00010011,0x0001800b,0x0001800c,0x00010012,0x00010013,0x00012082,
    0x00012083,0x00010014,0x00010015,0x00012084,0x00012085,0x00010016,0x00010017,0x00012086,
    0x00012087,0x00010018,0x00010019,0x00012088,0x00012089,0x0001001a,0x0001001b,0x0001208a,
    0x0001208b,0x0001001c,0x0001001d,0x0001208c,0x0001208d,0x0001001e,0x0001001f,0x0001208e,
    0x0001208f,0x00010020,0x00010021,0x00012090,0x00012091,0x00010022,0x00010023,0x00012092,
    0x00012093,0x00010024,0x00010025,0x00012094,0x00012095,0x00010026,0x00010027,0x00012096,
    0x00012097,0x00010028,0x00010029,0x00012098,0x00012099,0x0001002a,0x0001002b,0x0001209a,
    0x0001209b,0x0001002c,0x0001002d,0x0001209c,0x0001209d,0x0001002e,0x0001002f,0x0001209e,
    0x0001209f,0x00010030,0x00010031,0x000120a0,0x000120a1,0x00010032,0x00010033,0x000120a2,
    0x000120a3,0x00010034,0x00010035,0x000120a4,0x000120a5,0x00010036,0x00010037,0x000120a6,
    0x000120a7,0x00010038,0x00010039,0x000120a8,0x000120a9,0x0001003a,0x0001003b,0x000120aa,
    0x000120ab,0x0001003c,0x0001003d,0x000120ac,0x000120ad,0x0001003e,0x0001003f,0x000120ae,
    0x000120af,0x00010040,0x00010041,0x000120b0,0x000120b1,0x00010042,0x00010043,0x000120b2,
    0x000120b3,0x000120b4,0x000120b5,0x000120b6,0x000120b7,0x000120b8,0x000120b9,0x000120ba,
    0x000120bb,0x000120bc,0x000120bd,0x000120be,0x000120bf,0x000120c0,0x000120c1,0x00014004,
    0x00014005,0x00014000,0x00014001,0x0001600a,0x0001600b,0x0001600c,0x0001600d,0x0001800d,
    0x0001800e,0x00010044,0x00010045,0x0001a000,0x0001800f,0x00010046,0x00010047,0x00030048,
    0x00010049,0x0003004a,0x0001004b,0x0003004c,0x0001004d,0x0003004e,0x0001004f,0x00030050,
    0x00010051,0x00030052,0x00010053,0x000120c2,0x000120c3,0x00010054,0x00010055,0x000120c4,
    0x000120c5,0x00010056,0x00010057,0x000120c6,0x000120c7,0x00010058,0x00010059,0x000120c8,
    0x000120c9,0x0001005a,0x0001005b,0x000120ca,0x000120cb,0x0001005c,0x0001005d,0x000120cc,
    0x000120cd,0x0001005e,0x0001005f,0x000120ce,0x000120cf,0x00010000,0x00010001,0x000120d0,
    0x000120d1,0x00010002,0x00010003,0x000120d2,0x000120d3,0x00010004,0x00010005,0x000120d4,
    0x000120d5,0x00010006,0x00010007,0x000120d6,0x000120d7,0x00010008,0x00010009,0x000120d8,
    0x000120d9,0x000120da,0x000120db,0x000120dc,0x000120dd,0x000120de,0x000120df,0x000120e0,
    0x000120e1,0x00014002,0x00014003,0x0001600e,0x0001600f,0x00018010,0x00018011,0x00018012,
    0x00018013,0x00028014,0x0001000a,0x0001000b,0x00018015,0x00018016,0x0001000c,0x0001000d,
    0x00018017,0x00018018,0x0001000e,0x0001000f,0x00018019,0x0001801a,0x00010010,0x00010011,
    0x0001801b,0x0001801c,0x00010012,0x00010013,0x000120e2,0x000120e3,0x00010014,0x00010015,
    0x000120e4,0x000120e5,0x00010016,0x00010017,0x000120e6,0x000120e7,0x00010018,0x00010019,
    0x000120e8,0x000120e9,0x0001001a,0x0001001b,0x000120ea,0x000120eb,0x0001001c,0x0001001d,
    0x000120ec,0x000120ed,0x0001001e,0x0001001f,0x000120ee,0x000120ef,0x00010020,0x00010021,
    0x000120f0,0x000120f1,0x00010022,0x00010023,0x000120f2,0x000120f3,0x00010024,0x00010025,
    0x000120f4,0x000120f5,0x00010026,0x00010027,0x000120f6,0x000120f7,0x00010028,0x00010029,
    0x000120f8,0x000120f9,0x0001002a,0x0001002b,0x000120fa,0x000120fb,0x0001002c,0x0001002d,
    0x000120fc,0x000120fd,0x0001002e,0x0001002f,0x000120fe,0x000120ff,0x00010030,0x00010031,
    0x00012100,0x00012101,0x00010032,0x00010033,0x00012102,0x00012103,0x00010034,0x00010035,
    0x00012104,0x00012105,0x00010036,0x00010037,0x00012106,0x00012107,0x00010038,0x00010039,
    0x00012108,0x00012109,0x0001003a,0x0001003b,0x0001210a,0x0001210b,0x0001003c,0x0001003d,
    0x0001210c,0x0001210d,0x0001003e,0x0001003f,0x0001210e,0x0001210f,0x00010040,0x00010041,
    0x00012110,0x00012111,0x00010042,0x00010043,0x00012112,0x00012113,0x00012114,0x00012115,
    0x00012116,0x00012117,0x00012118,0x00012119,0x0001211a,0x0001211b,0x0001211c,0x0001211d,
    0x0001211e,0x0001211f,0x00012120,0x00012121,0x00014004,0x00014005,0x00014000,0x00014001,
    0x00016010,0x00016011,0x00016012,0x00016013,0x0001801d,0x0001801e,0x00010044,0x00010045,
    0x0001801f,0x0001a001,0x00010046,0x00010047,0x00030048,0x00010049,0x0003004a,0x0001004b,
    0x0003004c,0x0001004d,0x0003004e,0x0001004f,0x00030050,0x00010051,0x00030052,0x00010053,
    0x00012122,0x00012123,0x00010054,0x00010055,0x00012124,0x00012125,0x00010056,0x00010057,
    0x00012126,0x00012127,0x00010058,0x00010059,0x00012128,0x00012129,0x0001005a,0x0001005b,
    0x0001212a,0x0001212b,0x0001005c,0x0001005d,0x0001212c,0x0001212d,0x0001005e,0x0001005f,
    0x0001212e,0x0001212f,0x00010000,0x00010001,0x00012130,0x00012131,0x00010002,0x00010003,
    0x00012132,0x00012133,0x00010004,0x00010005,0x00012134,0x00012135,0x00010006,0x00010007,
    0x00012136,0x00012137,0x00010008,0x00010009,0x00012138,0x00012139,0x0001213a,0x0001213b,
    0x0001213c,0x0001213d,0x0001213e,0x0001213f,0x00012140,0x00012141,0x00014002,0x00014003,
    0x00016014,0x00016015,0x00018020,0x00018021,0x00018022,0x00018023,0x00028024,0x0001000a,
    0x0001000b,0x00018025,0x00018026,0x0001000c,0x0001000d,0x00018027,0x00018028,0x0001000e,
    0x0001000f,0x00018029,0x0001802a,0x00010010,0x00010011,0x0001802b,0x0001802c,0x00010012,
    0x00010013,0x00012142,0x00012143,0x00010014,0x00010015,0x00012144,0x00012145,0x00010016,
    0x00010017,0x00012146,0x00012147,0x00010018,0x00010019,0x00012148,0x00012149,0x0001001a,
    0x0001001b,0x0001214a,0x0001214b,0x0001001c,0x0001001d,0x0001214c,0x0001214d,0x0001001e,
    0x0001001f,0x0001214e,0x0001214f,0x00010020,0x00010021,0x00012150,0x00012151,0x00010022,
    0x00010023,0x00012152,0x00012153,0x00010024,0x00010025,0x00012154,0x00012155,0x00010026,
    0x00010027,0x00012156,0x00012157,0x00010028,0x00010029,0x00012158,0x00012159,0x0001002a,
    0x0001002b,0x0001215a,0x0001215b,0x0001002c,0x0001002d,0x0001215c,0x0001215d,0x0001002e,
    0x0001002f,0x0001215e,0x0001215f,0x00010030,0x00010031,0x00012160,0x00012161,0x00010032,
    0x00010033,0x00012162,0x00012163,0x00010034,0x00010035,0x00012164,0x00012165,0x00010036,
    0x00010037,0x00012166,0x00012167,0x00010038,0x00010039,0x00012168,0x00012169,0x0001003a,
    0x0001003b,0x0001216a,0x0001216b,0x0001003c,0x0001003d,0x0001216c,0x0001216d,0x0001003e,
    0x0001003f,0x0001216e,0x0001216f,0x00010040,0x00010041,0x00012170,0x00012171,0x00010042,
    0x00010043,0x00012172,0x00012173,0x00012174,0x00012175,0x00012176,0x00012177,0x00012178,
    0x00012179,0x0001217a,0x0001217b,0x0001217c,0x0001217d,0x0001217e,0x0001217f,0x00012000,
    0x00012001,0x00014004,0x00014005,0x00014006,0x00014007,0x00016016,0x00016017,0x00016000,
    0x00016001,0x0001802d,0x0001802e,0x00010044,0x00010045,0x0001a002,0x0001802f,0x00010046,
    0x00010047,0x00030048,0x00010049,0x0003004a,0x0001004b,0x0003004c,0x0001004d,0x0003004e,
    0x0001004f,0x00030050,0x00010051,0x00030052,0x00010053,0x00012002,0x00012003,0x00010054,
    0x00010055,0x00012004,0x00012005,0x00010056,0x00010057,0x00012006,0x00012007,0x00010058,
    0x00010059,0x00012008,0x00012009,0x0001005a,0x0001005b,0x0001200a,0x0001200b,0x0001005c,
    0x0001005d,0x0001200c,0x0001200d,0x0001005e,0x0001005f,0x0001200e,0x0001200f,0x00010060,
    0x00010061,0x00012010,0x00012011,0x00010062,0x00010063,0x00012012,0x00012013,0x00010064,
    0x00010065,0x00012014,0x00012015,0x00010066,0x00010067,0x00012016,0x00012017,0x00010068,
    0x00010069,0x00012018,0x00012019,0x0001201a,0x0001201b,0x0001201c,0x0001201d,0x0001201e,
    0x0001201f,0x00012020,0x00012021,0x00014008,0x00014009,0x00016002,0x00016003,0x00018030,
    0x00018031,0x00018032,0x00018033,0x00028034,0x0001006a,0x0001006b,0x00018035,0x00018036,
    0x0001006c,0x0001006d,0x00018037,0x00018038,0x0001006e,0x0001006f,0x00018039,0x0001803a,
    0x00010070,0x00010071,0x0001803b,0x0001803c,0x00010072,0x00010073,0x00012022,0x00012023,
    0x00010074,0x00010075,0x00012024,0x00012025,0x00010076,0x00010077,0x00012026,0x00012027,
    0x00010078,0x00010079,0x00012028,0x00012029,0x0001007a,0x0001007b,0x0001202a,0x0001202b,
    0x0001007c,0x0001007d,0x0001202c,0x0001202d,0x0001007e,0x0001007f,0x0001202e,0x0001202f,
    0x00010080,0x00010081,0x00012030,0x00012031,0x00010082,0x00010083,0x00012032,0x00012033,
    0x00010084,0x00010085,0x00012034,0x00012035,0x00010086,0x00010087,0x00012036,0x00012037,
    0x00010088,0x00010089,0x00012038,0x00012039,0x0001008a,0x0001008b,0x0001203a,0x0001203b,
    0x0001008c,0x0001008d,0x0001203c,0x0001203d,0x0001008e,0x0001008f,0x0001203e,0x0001203f,
    0x00010090,0x00010091,0x00012040,0x00012041,0x00010092,0x00010093,0x00012042,0x00012043,
    0x00010094,0x00010095,0x00012044,0x00012045,0x00010096,0x00010097,0x00012046,0x00012047,
    0x00010098,0x00010099,0x00012048,0x00012049,0x0001009a,0x0001009b,0x0001204a,0x0001204b,
    0x0001009c,0x0001009d,0x0001204c,0x0001204d,0x0001009e,0x0001009f,0x0001204e,0x0001204f,
    0x000100a0,0x000100a1,0x00012050,0x00012051,0x000100a2,0x000100a3,0x00012052,0x00012053,
    0x00012054,0x00012055,0x00012056,0x00012057,0x00012058,0x00012059,0x0001205a,0x0001205b,
    0x0001205c,0x0001205d,0x0001205e,0x0001205f,0x00012060,0x00012061,0x0001400a,0x0001400b,
    0x00014006,0x00014007,0x00016004,0x00016005,0x00016006,0x00016007,0x0001803d,0x0001803e,
    0x000100a4,0x000100a5,0x0001803f,0x0001a003,0x000100a6,0x000100a7,0x000300a8,0x000100a9,
    0x000300aa,0x000100ab,0x000300ac,0x000100ad,0x000300ae,0x000100af,0x000300b0,0x000100b1,
    0x000300b2,0x000100b3,0x00012062,0x00012063,0x000100b4,0x000100b5,0x00012064,0x00012065,
    0x000100b6,0x000100b7,0x00012066,0x00012067,0x000100b8,0x000100b9,0x00012068,0x00012069,
    0x000100ba,0x000100bb,0x0001206a,0x0001206b,0x000100bc,0x000100bd,0x0001206c,0x0001206d,
    0x000100be,0x000100bf,0x0001206e,0x0001206f,0x00010060,0x00010061,0x00012070,0x00012071,
    0x00010062,0x00010063,0x00012072,0x00012073,0x00010064,0x00010065,0x00012074,0x00012075,
    0x00010066,0x00010067,0x00012076,0x00012077,0x00010068,0x00010069,0x00012078,0x00012079,
    0x0001207a,0x0001207b,0x0001207c,0x0001207d,0x0001207e,0x0001207f,0x00012080,0x00012081,
    0x00014008,0x00014009,0x00016008,0x00016009,0x00018040,0x00018041,0x00018042,0x00018043,
    0x00028044,0x0001006a,0x0001006b,0x00018045,0x00018046,0x0001006c,0x0001006d,0x00018047,
    0x00018048,0x0001006e,0x0001006f,0x00018049,0x0001804a,0x00010070,0x00010071,0x0001804b,
    0x0001804c,0x00010072,0x00010073,0x00012082,0x00012083,0x00010074,0x00010075,0x00012084,
    0x00012085,0x00010076,0x00010077,0x00012086,0x00012087,0x00010078,0x00010079,0x00012088,
    0x00012089,0x0001007a,0x0001007b,0x0001208a,0x0001208b,0x0001007c,0x0001007d,0x0001208c,
    0x0001208d,0x0001007e,0x0001007f,0x0001208e,0x0001208f,0x00010080,0x00010081,0x00012090,
    0x00012091,0x00010082,0x00010083,0x00012092,0x00012093,0x00010084,0x00010085,0x00012094,
    0x00012095,0x00010086,0x00010087,0x00012096,0x00012097,0x00010088,0x00010089,0x00012098,
    0x00012099,0x0001008a,0x0001008b,0x0001209a,0x0001209b,0x0001008c,0x0001008d,0x0001209c,
    0x0001209d,0x0001008e,0x0001008f,0x0001209e,0x0001209f,0x00010090,0x00010091,0x000120a0,
    0x000120a1,0x00010092,0x00010093,0x000120a2,0x000120a3,0x00010094,0x00010095,0x000120a4,
    0x000120a5,0x00010096,0x00010097,0x000120a6,0x000120a7,0x00010098,0x00010099,0x000120a8,
    0x000120a9,0x0001009a,0x0001009b,0x000120aa,0x000120ab,0x0001009c,0x0001009d,0x000120ac,
    0x000120ad,0x0001009e,0x0001009f,0x000120ae,0x000120af,0x000100a0,0x000100a1,0x000120b0,
    0x000120b1,0x000100a2,0x000100a3,0x000120b2,0x000120b3,0x000120b4,0x000120b5,0x000120b6,
    0x000120b7,0x000120b8,0x000120b9,0x000120ba,0x000120bb,0x000120bc,0x000120bd,0x000120be,
    0x000120bf,0x000120c0,0x000120c1,0x0001400a,0x0001400b,0x00014006,0x00014007,0x0001600a,
    0x0001600b,0x0001600c,0x0001600d,0x0001804d,0x0001804e,0x000100a4,0x000100a5,0x0001a004,
    0x0001804f,0x000100a6,0x000100a7,0x000300a8,0x000100a9,0x000300aa,0x000100ab,0x000300ac,
    0x000100ad,0x000300ae,0x000100af,0x000300b0,0x000100b1,0x000300b2,0x000100b3,0x000120c2,
    0x000120c3,0x000100b4,0x000100b5,0x000120c4,0x000120c5,0x000100b6,0x000100b7,0x000120c6,
    0x000120c7,0x000100b8,0x000100b9,0x000120c8,0x000120c9,0x000100ba,0x000100bb,0x000120ca,
    0x000120cb,0x000100bc,0x000100bd,0x000120cc,0x000120cd,0x000100be,0x000100bf,0x000120ce,
    0x000120cf,0x00010060,0x00010061,0x000120d0,0x000120d1,0x00010062,0x00010063,0x000120d2,
    0x000120d3,0x00010064,0x00010065,0x000120d4,0x000120d5,0x00010066,0x00010067,0x000120d6,
    0x000120d7,0x00010068,0x00010069,0x000120d8,0x000120d9,0x000120da,0x000120db,0x000120dc,
    0x000120dd,0x000120de,0x000120df,0x000120e0,0x000120e1,0x00014008,0x00014009,0x0001600e,
    0x0001600f,0x00018050,0x00018051,0x00018052,0x00018053,0x00028054,0x0001006a,0x0001006b,
    0x00018055,0x00018056,0x0001006c,0x0001006d,0x00018057,0x00018058,0x0001006e,0x0001006f,
    0x00018059,0x0001805a,0x00010070,0x00010071,0x0001805b,0x0001805c,0x00010072,0x00010073,
    0x000120e2,0x000120e3,0x00010074,0x00010075,0x000120e4,0x000120e5,0x00010076,0x00010077,
    0x000120e6,0x000120e7,0x00010078,0x00010079,0x000120e8,0x000120e9,0x0001007a,0x0001007b,
    0x000120ea,0x000120eb,0x0001007c,0x0001007d,0x000120ec,0x000120ed,0x0001007e,0x0001007f,
    0x000120ee,0x000120ef,0x00010080,0x00010081,0x000120f0,0x000120f1,0x00010082,0x00010083,
    0x000120f2,0x000120f3,0x00010084,0x00010085,0x000120f4,0x000120f5,0x00010086,0x00010087,
    0x000120f6,0x000120f7,0x00010088,0x00010089,0x000120f8,0x000120f9,0x0001008a,0x0001008b,
    0x000120fa,0x000120fb,0x0001008c,0x0001008d,0x000120fc,0x000120fd,0x0001008e,0x0001008f,
    0x000120fe,0x000120ff,0x00010090,0x00010091,0x00012100,0x00012101,0x00010092,0x00010093,
    0x00012102,0x00012103,0x00010094,0x00010095,0x00012104,0x00012105,0x00010096,0x00010097,
    0x00012106,0x00012107,0x00010098,0x00010099,0x00012108,0x00012109,0x0001009a,0x0001009b,
    0x0001210a,0x0001210b,0x0001009c,0x0001009d,0x0001210c,0x0001210d,0x0001009e,0x0001009f,
    0x0001210e,0x0001210f,0x000100a0,0x000100a1,0x00012110,0x00012111,0x000100a2,0x000100a3,
    0x00012112,0x00012113,0x00012114,0x00012115,0x00012116,0x00012117,0x00012118,0x00012119,
    0x0001211a,0x0001211b,0x0001211c,0x0001211d,0x0001211e,0x0001211f,0x00012120,0x00012121,
    0x0001400a,0x0001400b,0x00014006,0x00014007,0x00016010,0x00016011,0x00016012,0x00016013,
    0x0001805d,0x0001805e,0x000100a4,0x000100a5,0x0001805f,0x0001a005,0x000100a6,0x000100a7,
    0x000300a8,0x000100a9,0x000300aa,0x000100ab,0x000300ac,0x000100ad,0x000300ae,0x000100af,
    0x000300b0,0x000100b1,0x000300b2,0x000100b3,0x00012122,0x00012123,0x000100b4,0x000100b5,
    0x00012124,0x00012125,0x000100b6,0x000100b7,0x00012126,0x00012127,0x000100b8,0x000100b9,
    0x00012128,0x00012129,0x000100ba,0x000100bb,0x0001212a,0x0001212b,0x000100bc,0x000100bd,
    0x0001212c,0x0001212d,0x000100be,0x000100bf,0x0001212e,0x0001212f,0x00010060,0x00010061,
    0x00012130,0x00012131,0x00010062,0x00010063,0x00012132,0x00012133,0x00010064,0x00010065,
    0x00012134,0x00012135,0x00010066,0x00010067,0x00012136,0x00012137,0x00010068,0x00010069,
    0x00012138,0x00012139,0x0001213a,0x0001213b,0x0001213c,0x0001213d,0x0001213e,0x0001213f,
    0x00012140,0x00012141,0x00014008,0x00014009,0x00016014,0x00016015,0x00018060,0x00018061,
    0x00018062,0x00018063,0x00028064,0x0001006a,0x0001006b,0x00018065,0x00018066,0x0001006c,
    0x0001006d,0x00018067,0x00018068,0x0001006e,0x0001006f,0x00018069,0x0001806a,0x00010070,
    0x00010071,0x0001806b,0x0001806c,0x00010072,0x00010073,0x00012142,0x00012143,0x00010074,
    0x00010075,0x00012144,0x00012145,0x00010076,0x00010077,0x00012146,0x00012147,0x00010078,
    0x00010079,0x00012148,0x00012149,0x0001007a,0x0001007b,0x0001214a,0x0001214b,0x0001007c,
    0x0001007d,0x0001214c,0x0001214d,0x0001007e,0x0001007f,0x0001214e,0x0001214f,0x00010080,
    0x00010081,0x00012150,0x00012151,0x00010082,0x00010083,0x00012152,0x00012153,0x00010084,
    0x00010085,0x00012154,0x00012155,0x00010086,0x00010087,0x00012156,0x00012157,0x00010088,
    0x00010089,0x00012158,0x00012159,0x0001008a,0x0001008b,0x0001215a,0x0001215b,0x0001008c,
    0x0001008d,0x0001215c,0x0001215d,0x0001008e,0x0001008f,0x0001215e,0x0001215f,0x00010090,
    0x00010091,0x00012160,0x00012161,0x00010092,0x00010093,0x00012162,0x00012163,0x00010094,
    0x00010095,0x00012164,0x00012165,0x00010096,0x00010097,0x00012166,0x00012167,0x00010098,
    0x00010099,0x00012168,0x00012169,0x0001009a,0x0001009b,0x0001216a,0x0001216b,0x0001009c,
    0x0001009d,0x0001216c,0x0001216d,0x0001009e,0x0001009f,0x0001216e,0x0001216f,0x000100a0,
    0x000100a1,0x00012170,0x00012171,0x000100a2,0x000100a3,0x00012172,0x00012173,0x00012174,
    0x00012175,0x00012176,0x00012177,0x00012178,0x00012179,0x0001217a,0x0001217b,0x0001217c,
    0x0001217d,0x0001217e,0x0001217f,0x00012000,0x00012001,0x0001400a,0x0001400b,0x0001400c,
    0x0001400d,0x00016016,0x00016017,0x00016000,0x00016001,0x0001806d,0x0001806e,0x000100a4,
    0x000100a5,0x0001a006,0x0001806f,0x000100a6,0x000100a7,0x000300a8,0x000100a9,0x000300aa,
    0x000100ab,0x000300ac,0x000100ad,0x000300ae,0x000100af,0x000300b0,0x000100b1,0x000300b2,
    0x000100b3,0x00012002,0x00012003,0x000100b4,0x000100b5,0x00012004,0x00012005,0x000100b6,
    0x000100b7,0x00012006,0x00012007,0x000100b8,0x000100b9,0x00012008,0x00012009,0x000100ba,
    0x000100bb,0x0001200a,0x0001200b,0x000100bc,0x000100bd,0x0001200c,0x0001200d,0x000100be,
    0x000100bf,0x0001200e,0x0001200f,0x000100c0,0x000100c1,0x00012010,0x00012011,0x000100c2,
    0x000100c3,0x00012012,0x00012013,0x000100c4,0x000100c5,0x00012014,0x00012015,0x000100c6,
    0x000100c7,0x00012016,0x00012017,0x000100c8,0x000100c9,0x00012018,0x00012019,0x0001201a,
    0x0001201b,0x0001201c,0x0001201d,0x0001201e,0x0001201f,0x00012020,0x00012021,0x0001400e,
    0x0001400f,0x00016002,0x00016003,0x00018070,0x00018071,0x00018072,0x00018073,0x00028074,
    0x000100ca,0x000100cb,0x00018075,0x00018076,0x000100cc,0x000100cd,0x00018077,0x00018078,
    0x000100ce,0x000100cf,0x00018079,0x0001807a,0x000100d0,0x000100d1,0x0001807b,0x0001807c,
    0x000100d2,0x000100d3,0x00012022,0x00012023,0x000100d4,0x000100d5,0x00012024,0x00012025,
    0x000100d6,0x000100d7,0x00012026,0x00012027,0x000100d8,0x000100d9,0x00012028,0x00012029,
    0x000100da,0x000100db,0x0001202a,0x0001202b,0x000100dc,0x000100dd,0x0001202c,0x0001202d,
    0x000100de,0x000100df,0x0001202e,0x0001202f,0x000100e0,0x000100e1,0x00012030,0x00012031,
    0x000100e2,0x000100e3,0x00012032,0x00012033,0x000100e4,0x000100e5,0x00012034,0x00012035,
    0x000100e6,0x000100e7,0x00012036,0x00012037,0x000100e8,0x000100e9,0x00012038,0x00012039,
    0x000100ea,0x000100eb,0x0001203a,0x0001203b,0x000100ec,0x000100ed,0x0001203c,0x0001203d,
    0x000100ee,0x000100ef,0x0001203e,0x0001203f,0x000100f0,0x000100f1,0x00012040,0x00012041,
    0x000100f2,0x000100f3,0x00012042,0x00012043,0x000100f4,0x000100f5,0x00012044,0x00012045,
    0x000100f6,0x000100f7,0x00012046,0x00012047,0x000100f8,0x000100f9,0x00012048,0x00012049,
    0x000100fa,0x000100fb,0x0001204a,0x0001204b,0x000100fc,0x000100fd,0x0001204c,0x0001204d,
    0x000100fe,0x000100ff,0x0001204e,0x0001204f,0x00010100,0x00010101,0x00012050,0x00012051,
    0x00010102,0x00010103,0x00012052,0x00012053,0x00012054,0x00012055,0x00012056,0x00012057,
    0x00012058,0x00012059,0x0001205a,0x0001205b,0x0001205c,0x0001205d,0x0001205e,0x0001205f,
    0x00012060,0x00012061,0x00014010,0x00014011,0x0001400c,0x0001400d,0x00016004,0x00016005,
    0x00016006,0x00016007,0x0001807d,0x0001807e,0x00010104,0x00010105,0x0001807f,0x0001a007,
    0x00010106,0x00010107,0x00030108,0x00010109,0x0003010a,0x0001010b,0x0003010c,0x0001010d,
    0x0003010e,0x0001010f,0x00030110,0x00010111,0x00030112,0x00010113,0x00012062,0x00012063,
    0x00010114,0x00010115,0x00012064,0x00012065,0x00010116,0x00010117,0x00012066,0x00012067,
    0x00010118,0x00010119,0x00012068,0x00012069,0x0001011a,0x0001011b,0x0001206a,0x0001206b,
    0x0001011c,0x0001011d,0x0001206c,0x0001206d,0x0001011e,0x0001011f,0x0001206e,0x0001206f,
    0x000100c0,0x000100c1,0x00012070,0x00012071,0x000100c2,0x000100c3,0x00012072,0x00012073,
    0x000100c4,0x000100c5,0x00012074,0x00012075,0x000100c6,0x000100c7,0x00012076,0x00012077,
    0x000100c8,0x000100c9,0x00012078,0x00012079,0x0001207a,0x0001207b,0x0001207c,0x0001207d,
    0x0001207e,0x0001207f,0x00012080,0x00012081,0x0001400e,0x0001400f,0x00016008,0x00016009,
    0x00018080,0x00018081,0x00018082,0x00018083,0x00028084,0x000100ca,0x000100cb,0x00018085,
    0x00018086,0x000100cc,0x000100cd,0x00018087,0x00018088,0x000100ce,0x000100cf,0x00018089,
    0x0001808a,0x000100d0,0x000100d1,0x0001808b,0x0001808c,0x000100d2,0x000100d3,0x00012082,
    0x00012083,0x000100d4,0x000100d5,0x00012084,0x00012085,0x000100d6,0x000100d7,0x00012086,
    0x00012087,0x000100d8,0x000100d9,0x00012088,0x00012089,0x000100da,0x000100db,0x0001208a,
    0x0001208b,0x000100dc,0x000100dd,0x0001208c,0x0001208d,0x000100de,0x000100df,0x0001208e,
    0x0001208f,0x000100e0,0x000100e1,0x00012090,0x00012091,0x000100e2,0x000100e3,0x00012092,
    0x00012093,0x000100e4,0x000100e5,0x00012094,0x00012095,0x000100e6,0x000100e7,0x00012096,
    0x00012097,0x000100e8,0x000100e9,0x00012098,0x00012099,0x000100ea,0x000100eb,0x0001209a,
    0x0001209b,0x000100ec,0x000100ed,0x0001209c,0x0001209d,0x000100ee,0x000100ef,0x0001209e,
    0x0001209f,0x000100f0,0x000100f1,0x000120a0,0x000120a1,0x000100f2,0x000100f3,0x000120a2,
    0x000120a3,0x000100f4,0x000100f5,0x000120a4,0x000120a5,0x000100f6,0x000100f7,0x000120a6,
    0x000120a7,0x000100f8,0x000100f9,0x000120a8,0x000120a9,0x000100fa,0x000100fb,0x000120aa,
    0x000120ab,0x000100fc,0x000100fd,0x000120ac,0x000120ad,0x000100fe,0x000100ff,0x000120ae,
    0x000120af,0x00010100,0x00010101,0x000120b0,0x000120b1,0x00010102,0x00010103,0x000120b2,
    0x000120b3,0x000120b4,0x000120b5,0x000120b6,0x000120b7,0x000120b8,0x000120b9,0x000120ba,
    0x000120bb,0x000120bc,0x000120bd,0x000120be,0x000120bf,0x000120c0,0x000120c1,0x00014010,
    0x00014011,0x0001400c,0x0001400d,0x0001600a,0x0001600b,0x0001600c,0x0001600d,0x0001808d,
    0x0001808e,0x00010104,0x00010105,0x0001a008,0x0001808f,0x00010106,0x00010107,0x00030108,
    0x00010109,0x0003010a,0x0001010b,0x0003010c,0x0001010d,0x0003010e,0x0001010f,0x00030110,
    0x00010111,0x00030112,0x00010113,0x000120c2,0x000120c3,0x00010114,0x00010115,0x000120c4,
    0x000120c5,0x00010116,0x00010117,0x000120c6,0x000120c7,0x00010118,0x00010119,0x000120c8,
    0x000120c9,0x0001011a,0x0001011b,0x000120ca,0x000120cb,0x0001011c,0x0001011d,0x000120cc,
    0x000120cd,0x0001011e,0x0001011f,0x000120ce,0x000120cf,0x000100c0,0x000100c1,0x000120d0,
    0x000120d1,0x000100c2,0x000100c3,0x000120d2,0x000120d3,0x000100c4,0x000100c5,0x000120d4,
    0x000120d5,0x000100c6,0x000100c7,0x000120d6,0x000120d7,0x000100c8,0x000100c9,0x000120d8,
    0x000120d9,0x000120da,0x000120db,0x000120dc,0x000120dd,0x000120de,0x000120df,0x000120e0,
    0x000120e1,0x0001400e,0x0001400f,0x0001600e,0x0001600f,0x00018090,0x00018091,0x00018092,
    0x00018093,0x00028094,0x000100ca,0x000100cb,0x00018095,0x00018096,0x000100cc,0x000100cd,
    0x00018097,0x00018098,0x000100ce,0x000100cf,0x00018099,0x0001809a,0x000100d0,0x000100d1,
    0x0001809b,0x0001809c,0x000100d2,0x000100d3,0x000120e2,0x000120e3,0x000100d4,0x000100d5,
    0x000120e4,0x000120e5,0x000100d6,0x000100d7,0x000120e6,0x000120e7,0x000100d8,0x000100d9,
    0x000120e8,0x000120e9,0x000100da,0x000100db,0x000120ea,0x000120eb,0x000100dc,0x000100dd,
    0x000120ec,0x000120ed,0x000100de,0x000100df,0x000120ee,0x000120ef,0x000100e0,0x000100e1,
    0x000120f0,0x000120f1,0x000100e2,0x000100e3,0x000120f2,0x000120f3,0x000100e4,0x000100e5,
    0x000120f4,0x000120f5,0x000100e6,0x000100e7,0x000120f6,0x000120f7,0x000100e8,0x000100e9,
    0x000120f8,0x000120f9,0x000100ea,0x000100eb,0x000120fa,0x000120fb,0x000100ec,0x000100ed,
    0x000120fc,0x000120fd,0x000100ee,0x000100ef,0x000120fe,0x000120ff,0x000100f0,0x000100f1,
    0x00012100,0x00012101,0x000100f2,0x000100f3,0x00012102,0x00012103,0x000100f4,0x000100f5,
    0x00012104,0x00012105,0x000100f6,0x000100f7,0x00012106,0x00012107,0x000100f8,0x000100f9,
    0x00012108,0x00012109,0x000100fa,0x000100fb,0x0001210a,0x0001210b,0x000100fc,0x000100fd,
    0x0001210c,0x0001210d,0x000100fe,0x000100ff,0x0001210e,0x0001210f,0x00010100,0x00010101,
    0x00012110,0x00012111,0x00010102,0x00010103,0x00012112,0x00012113,0x00012114,0x00012115,
    0x00012116,0x00012117,0x00012118,0x00012119,0x0001211a,0x0001211b,0x0001211c,0x0001211d,
    0x0001211e,0x0001211f,0x00012120,0x00012121,0x00014010,0x00014011,0x0001400c,0x0001400d,
    0x00016010,0x00016011,0x00016012,0x00016013,0x0001809d,0x0001809e,0x00010104,0x00010105,
    0x0001809f,0x0001a009,0x00010106,0x00010107,0x00030108,0x00010109,0x0003010a,0x0001010b,
    0x0003010c,0x0001010d,0x0003010e,0x0001010f,0x00030110,0x00010111,0x00030112,0x00010113,
    0x00012122,0x00012123,0x00010114,0x00010115,0x00012124,0x00012125,0x00010116,0x00010117,
    0x00012126,0x00012127,0x00010118,0x00010119,0x00012128,0x00012129,0x0001011a,0x0001011b,
    0x0001212a,0x0001212b,0x0001011c,0x0001011d,0x0001212c,0x0001212d,0x0001011e,0x0001011f,
    0x0001212e,0x0001212f,0x000100c0,0x000100c1,0x00012130,0x00012131,0x000100c2,0x000100c3,
    0x00012132,0x00012133,0x000100c4,0x000100c5,0x00012134,0x00012135,0x000100c6,0x000100c7,
    0x00012136,0x00012137,0x000100c8,0x000100c9,0x00012138,0x00012139,0x0001213a,0x0001213b,
    0x0001213c,0x0001213d,0x0001213e,0x0001213f,0x00012140,0x00012141,0x0001400e,0x0001400f,
    0x00016014,0x00016015,0x000180a0,0x000180a1,0x000180a2,0x000180a3,0x000280a4,0x000100ca,
    0x000100cb,0x000180a5,0x000180a6,0x000100cc,0x000100cd,0x000180a7,0x000180a8,0x000100ce,
    0x000100cf,0x000180a9,0x000180aa,0x000100d0,0x000100d1,0x000180ab,0x000180ac,0x000100d2,
    0x000100d3,0x00012142,0x00012143,0x000100d4,0x000100d5,0x00012144,0x00012145,0x000100d6,
    0x000100d7,0x00012146,0x00012147,0x000100d8,0x000100d9,0x00012148,0x00012149,0x000100da,
    0x000100db,0x0001214a,0x0001214b,0x000100dc,0x000100dd,0x0001214c,0x0001214d,0x000100de,
    0x000100df,0x0001214e,0x0001214f,0x000100e0,0x000100e1,0x00012150,0x00012151,0x000100e2,
    0x000100e3,0x00012152,0x00012153,0x000100e4,0x000100e5,0x00012154,0x00012155,0x000100e6,
    0x000100e7,0x00012156,0x00012157,0x000100e8,0x000100e9,0x00012158,0x00012159,0x000100ea,
    0x000100eb,0x0001215a,0x0001215b,0x000100ec,0x000100ed,0x0001215c,0x0001215d,0x000100ee,
    0x000100ef,0x0001215e,0x0001215f,0x000100f0,0x000100f1,0x00012160,0x00012161,0x000100f2,
    0x000100f3,0x00012162,0x00012163,0x000100f4,0x000100f5,0x00012164,0x00012165,0x000100f6,
    0x000100f7,0x00012166,0x00012167,0x000100f8,0x000100f9,0x00012168,0x00012169,0x000100fa,
    0x000100fb,0x0001216a,0x0001216b,0x000100fc,0x000100fd,0x0001216c,0x0001216d,0x000100fe,
    0x000100ff,0x0001216e,0x0001216f,0x00010100,0x00010101,0x00012170,0x00012171,0x00010102,
    0x00010103,0x00012172,0x00012173,0x00012174,0x00012175,0x00012176,0x00012177,0x00012178,
    0x00012179,0x0001217a,0x0001217b,0x0001217c,0x0001217d,0x0001217e,0x0001217f,0x00012000,
    0x00012001,0x00014010,0x00014011,0x00014012,0x00014013,0x00016016,0x00016017,0x00016000,
    0x00016001,0x000180ad,0x000180ae,0x00010104,0x00010105,0x0001a00a,0x000180af,0x00010106,
    0x00010107,0x00030108,0x00010109,0x0003010a,0x0001010b,0x0003010c,0x0001010d,0x0003010e,
    0x0001010f,0x00030110,0x00010111,0x00030112,0x00010113,0x00012002,0x00012003,0x00010114,
    0x00010115,0x00012004,0x00012005,0x00010116,0x00010117,0x00012006,0x00012007,0x00010118,
    0x00010119,0x00012008,0x00012009,0x0001011a,0x0001011b,0x0001200a,0x0001200b,0x0001011c,
    0x0001011d,0x0001200c,0x0001200d,0x0001011e,0x0001011f,0x0001200e,0x0001200f,0x00010120,
    0x00010121,0x00012010,0x00012011,0x00010122,0x00010123,0x00012012,0x00012013,0x00010124,
    0x00010125,0x00012014,0x00012015,0x00010126,0x00010127,0x00012016,0x00012017,0x00010128,
    0x00010129,0x00012018,0x00012019,0x0001201a,0x0001201b,0x0001201c,0x0001201d,0x0001201e,
    0x0001201f,0x00012020,0x00012021,0x00014014,0x00014015,0x00016002,0x00016003,0x000180b0,
    0x000180b1,0x000180b2,0x000180b3,0x000280b4,0x0001012a,0x0001012b,0x000180b5,0x000180b6,
    0x0001012c,0x0001012d,0x000180b7,0x000180b8,0x0001012e,0x0001012f,0x000180b9,0x000180ba,
    0x00010130,0x00010131,0x000180bb,0x000180bc,0x00010132,0x00010133,0x00012022,0x00012023,
    0x00010134,0x00010135,0x00012024,0x00012025,0x00010136,0x00010137,0x00012026,0x00012027,
    0x00010138,0x00010139,0x00012028,0x00012029,0x0001013a,0x0001013b,0x0001202a,0x0001202b,
    0x0001013c,0x0001013d,0x0001202c,0x0001202d,0x0001013e,0x0001013f,0x0001202e,0x0001202f,
    0x00010140,0x00010141,0x00012030,0x00012031,0x00010142,0x00010143,0x00012032,0x00012033,
    0x00010144,0x00010145,0x00012034,0x00012035,0x00010146,0x00010147,0x00012036,0x00012037,
    0x00010148,0x00010149,0x00012038,0x00012039,0x0001014a,0x0001014b,0x0001203a,0x0001203b,
    0x0001014c,0x0001014d,0x0001203c,0x0001203d,0x0001014e,0x0001014f,0x0001203e,0x0001203f,
    0x00010150,0x00010151,0x00012040,0x00012041,0x00010152,0x00010153,0x00012042,0x00012043,
    0x00010154,0x00010155,0x00012044,0x00012045,0x00010156,0x00010157,0x00012046,0x00012047,
    0x00010158,0x00010159,0x00012048,0x00012049,0x0001015a,0x0001015b,0x0001204a,0x0001204b,
    0x0001015c,0x0001015d,0x0001204c,0x0001204d,0x0001015e,0x0001015f,0x0001204e,0x0001204f,
    0x00010160,0x00010161,0x00012050,0x00012051,0x00010162,0x00010163,0x00012052,0x00012053,
    0x00012054,0x00012055,0x00012056,0x00012057,0x00012058,0x00012059,0x0001205a,0x0001205b,
    0x0001205c,0x0001205d,0x0001205e,0x0001205f,0x00012060,0x00012061,0x00014016,0x00014017,
    0x00014012,0x00014013,0x00016004,0x00016005,0x00016006,0x00016007,0x000180bd,0x000180be,
    0x00010164,0x00010165,0x000180bf,0x0001a00b,0x00010166,0x00010167,0x00030168,0x00010169,
    0x0003016a,0x0001016b,0x0003016c,0x0001016d,0x0003016e,0x0001016f,0x00030170,0x00010171,
    0x00030172,0x00010173,0x00012062,0x00012063,0x00010174,0x00010175,0x00012064,0x00012065,
    0x00010176,0x00010177,0x00012066,0x00012067,0x00010178,0x00010179,0x00012068,0x00012069,
    0x0001017a,0x0001017b,0x0001206a,0x0001206b,0x0001017c,0x0001017d,0x0001206c,0x0001206d,
    0x0001017e,0x0001017f,0x0001206e,0x0001206f,0x00010120,0x00010121,0x00012070,0x00012071,
    0x00010122,0x00010123,0x00012072,0x00012073,0x00010124,0x00010125,0x00012074,0x00012075,
    0x00010126,0x00010127,0x00012076,0x00012077,0x00010128,0x00010129,0x00012078,0x00012079,
    0x0001207a,0x0001207b,0x0001207c,0x0001207d,0x0001207e,0x0001207f,0x00012080,0x00012081,
    0x00014014,0x00014015,0x00016008,0x00016009,0x000180c0,0x000180c1,0x000180c2,0x000180c3,
    0x000280c4,0x0001012a,0x0001012b,0x000180c5,0x000180c6,0x0001012c,0x0001012d,0x000180c7,
    0x000180c8,0x0001012e,0x0001012f,0x000180c9,0x000180ca,0x00010130,0x00010131,0x000180cb,
    0x000180cc,0x00010132,0x00010133,0x00012082,0x00012083,0x00010134,0x00010135,0x00012084,
    0x00012085,0x00010136,0x00010137,0x00012086,0x00012087,0x00010138,0x00010139,0x00012088,
    0x00012089,0x0001013a,0x0001013b,0x0001208a,0x0001208b,0x0001013c,0x0001013d,0x0001208c,
    0x0001208d,0x0001013e,0x0001013f,0x0001208e,0x0001208f,0x00010140,0x00010141,0x00012090,
    0x00012091,0x00010142,0x00010143,0x00012092,0x00012093,0x00010144,0x00010145,0x00012094,
    0x00012095,0x00010146,0x00010147,0x00012096,0x00012097,0x00010148,0x00010149,0x00012098,
    0x00012099,0x0001014a,0x0001014b,0x0001209a,0x0001209b,0x0001014c,0x0001014d,0x0001209c,
    0x0001209d,0x0001014e,0x0001014f,0x0001209e,0x0001209f,0x00010150,0x00010151,0x000120a0,
    0x000120a1,0x00010152,0x00010153,0x000120a2,0x000120a3,0x00010154,0x00010155,0x000120a4,
    0x000120a5,0x00010156,0x00010157,0x000120a6,0x000120a7,0x00010158,0x00010159,0x000120a8,
    0x000120a9,0x0001015a,0x0001015b,0x000120aa,0x000120ab,0x0001015c,0x0001015d,0x000120ac,
    0x000120ad,0x0001015e,0x0001015f,0x000120ae,0x000120af,0x00010160,0x00010161,0x000120b0,
    0x000120b1,0x00010162,0x00010163,0x000120b2,0x000120b3,0x000120b4,0x000120b5,0x000120b6,
    0x000120b7,0x000120b8,0x000120b9,0x000120ba,0x000120bb,0x000120bc,0x000120bd,0x000120be,
    0x000120bf,0x000120c0,0x000120c1,0x00014016,0x00014017,0x00014012,0x00014013,0x0001600a,
    0x0001600b,0x0001600c,0x0001600d,0x000180cd,0x000180ce,0x00010164,0x00010165,0x0001a00c,
    0x000180cf,0x00010166,0x00010167,0x00030168,0x00010169,0x0003016a,0x0001016b,0x0003016c,
    0x0001016d,0x0003016e,0x0001016f,0x00030170,0x00010171,0x00030172,0x00010173,0x000120c2,
    0x000120c3,0x00010174,0x00010175,0x000120c4,0x000120c5,0x00010176,0x00010177,0x000120c6,
    0x000120c7,0x00010178,0x00010179,0x000120c8,0x000120c9,0x0001017a,0x0001017b,0x000120ca,
    0x000120cb,0x0001017c,0x0001017d,0x000120cc,0x000120cd,0x0001017e,0x0001017f,0x000120ce,
    0x000120cf,0x00010120,0x00010121,0x000120d0,0x000120d1,0x00010122,0x00010123,0x000120d2,
    0x000120d3,0x00010124,0x00010125,0x000120d4,0x000120d5,0x00010126,0x00010127,0x000120d6,
    0x000120d7,0x00010128,0x00010129,0x000120d8,0x000120d9,0x000120da,0x000120db,0x000120dc,
    0x000120dd,0x000120de,0x000120df,0x000120e0,0x000120e1,0x00014014,0x00014015,0x0001600e,
    0x0001600f,0x000180d0,0x000180d1,0x000180d2,0x000180d3,0x000280d4,0x0001012a,0x0001012b,
    0x000180d5,0x000180d6,0x0001012c,0x0001012d,0x000180d7,0x000180d8,0x0001012e,0x0001012f,
    0x000180d9,0x000180da,0x00010130,0x00010131,0x000180db,0x000180dc,0x00010132,0x00010133,
    0x000120e2,0x000120e3,0x00010134,0x00010135,0x000120e4,0x000120e5,0x00010136,0x00010137,
    0x000120e6,0x000120e7,0x00010138,0x00010139,0x000120e8,0x000120e9,0x0001013a,0x0001013b,
    0x000120ea,0x000120eb,0x0001013c,0x0001013d,0x000120ec,0x000120ed,0x0001013e,0x0001013f,
    0x000120ee,0x000120ef,0x00010140,0x00010141,0x000120f0,0x000120f1,0x00010142,0x00010143,
    0x000120f2,0x000120f3,0x00010144,0x00010145,0x000120f4,0x000120f5,0x00010146,0x00010147,
    0x000120f6,0x000120f7,0x00010148,0x00010149,0x000120f8,0x000120f9,0x0001014a,0x0001014b,
    0x000120fa,0x000120fb,0x0001014c,0x0001014d,0x000120fc,0x000120fd,0x0001014e,0x0001014f,
    0x000120fe,0x000120ff,0x00010150,0x00010151,0x00012100,0x00012101,0x00010152,0x00010153,
    0x00012102,0x00012103,0x00010154,0x00010155,0x00012104,0x00012105,0x00010156,0x00010157,
    0x00012106,0x00012107,0x00010158,0x00010159,0x00012108,0x00012109,0x0001015a,0x0001015b,
    0x0001210a,0x0001210b,0x0001015c,0x0001015d,0x0001210c,0x0001210d,0x0001015e,0x0001015f,
    0x0001210e,0x0001210f,0x00010160,0x00010161,0x00012110,0x00012111,0x00010162,0x00010163,
    0x00012112,0x00012113,0x00012114,0x00012115,0x00012116,0x00012117,0x00012118,0x00012119,
    0x0001211a,0x0001211b,0x0001211c,0x0001211d,0x0001211e,0x0001211f,0x00012120,0x00012121,
    0x00014016,0x00014017,0x00014012,0x00014013,0x00016010,0x00016011,0x00016012,0x00016013,
    0x000180dd,0x000180de,0x00010164,0x00010165,0x000180df,0x0001a00d,0x00010166,0x00010167,
    0x00030168,0x00010169,0x0003016a,0x0001016b,0x0003016c,0x0001016d,0x0003016e,0x0001016f,
    0x00030170,0x00010171,0x00030172,0x00010173,0x00012122,0x00012123,0x00010174,0x00010175,
    0x00012124,0x00012125,0x00010176,0x00010177,0x00012126,0x00012127,0x00010178,0x00010179,
    0x00012128,0x00012129,0x0001017a,0x0001017b,0x0001212a,0x0001212b,0x0001017c,0x0001017d,
    0x0001212c,0x0001212d,0x0001017e,0x0001017f,0x0001212e,0x0001212f,0x00010120,0x00010121,
    0x00012130,0x00012131,0x00010122,0x00010123,0x00012132,0x00012133,0x00010124,0x00010125,
    0x00012134,0x00012135,0x00010126,0x00010127,0x00012136,0x00012137,0x00010128,0x00010129,
    0x00012138,0x00012139,0x0001213a,0x0001213b,0x0001213c,0x0001213d,0x0001213e,0x0001213f,
    0x00012140,0x00012141,0x00014014,0x00014015,0x00016014,0x00016015,0x000180e0,0x000180e1,
    0x000180e2,0x000180e3,0x000280e4,0x0001012a,0x0001012b,0x000180e5,0x000180e6,0x0001012c,
    0x0001012d,0x000180e7,0x000180e8,0x0001012e,0x0001012f,0x000180e9,0x000180ea,0x00010130,
    0x00010131,0x000180eb,0x000180ec,0x00010132,0x00010133,0x00012142,0x00012143,0x00010134,
    0x00010135,0x00012144,0x00012145,0x00010136,0x00010137,0x00012146,0x00012147,0x00010138,
    0x00010139,0x00012148,0x00012149,0x0001013a,0x0001013b,0x0001214a,0x0001214b,0x0001013c,
    0x0001013d,0x0001214c,0x0001214d,0x0001013e,0x0001013f,0x0001214e,0x0001214f,0x00010140,
    0x00010141,0x00012150,0x00012151,0x00010142,0x00010143,0x00012152,0x00012153,0x00010144,
    0x00010145,0x00012154,0x00012155,0x00010146,0x00010147,0x00012156,0x00012157,0x00010148,
    0x00010149,0x00012158,0x00012159,0x0001014a,0x0001014b,0x0001215a,0x0001215b,0x0001014c,
    0x0001014d,0x0001215c,0x0001215d,0x0001014e,0x0001014f,0x0001215e,0x0001215f,0x00010150,
    0x00010151,0x00012160,0x00012161,0x00010152,0x00010153,0x00012162,0x00012163,0x00010154,
    0x00010155,0x00012164,0x00012165,0x00010156,0x00010157,0x00012166,0x00012167,0x00010158,
    0x00010159,0x00012168,0x00012169,0x0001015a,0x0001015b,0x0001216a,0x0001216b,0x0001015c,
    0x0001015d,0x0001216c,0x0001216d,0x0001015e,0x0001015f,0x0001216e,0x0001216f,0x00010160,
    0x00010161,0x00012170,0x00012171,0x00010162,0x00010163,0x00012172,0x00012173,0x00012174,
    0x00012175,0x00012176,0x00012177,0x00012178,0x00012179,0x0001217a,0x0001217b,0x0001217c,
    0x0001217d,0x0001217e,0x0001217f,0x00014016,0x00014017,0x00016016,0x00016017,0x000180ed,
    0x000180ee,0x0001a00e,0x000180ef,0x00010164,0x00010165,0x00030166,0x00010167,0x00030168,
    0x00010169,0x0003016a,0x0001016b,0x0003016c,0x0001016d,0x0003016e,0x0001016f,0x00030170,
    0x00010171,0x00030172,0x00010173,0x00030174,0x00010175,0x00030176,0x00010177,0x000180f0,
    0x000180f1,0x00010178,0x00010179,0x000180f2,0x000180f3,0x0001017a,0x0001017b,0x000180f4,
    0x000180f5,0x0001017c,0x0001017d,0x000180f6,0x000180f7,0x0001017e,0x0001017f,0x000180f8,
    0x000180f9,0x000280fa,0x000280fb,0x000280fc,0x000280fd,0x000280fe,0x000280ff,0x0001a00f,
};
inline constexpr Profile profiles[] = {
    {32,32,32,72,0,51},
    {32,32,64,121,51,85},
    {32,32,96,156,136,119},
    {32,32,128,189,255,153},
    {32,32,160,222,408,187},
    {32,32,192,273,595,221},
    {32,64,32,121,816,102},
    {32,64,64,201,918,170},
    {32,64,96,271,1088,238},
    {32,64,128,341,1326,306},
    {32,64,160,425,1632,374},
    {32,64,192,507,2006,442},
    {32,128,32,236,2448,204},
    {32,128,64,373,2652,340},
    {32,128,96,511,2992,476},
    {32,128,128,645,3468,612},
    {32,128,160,811,4080,748},
    {32,128,192,975,4828,884},
    {64,32,32,121,5712,102},
    {64,32,64,201,5814,170},
    {64,32,96,271,5984,238},
    {64,32,128,341,6222,306},
    {64,32,160,425,6528,374},
    {64,32,192,507,6902,442},
    {64,64,32,236,7344,204},
    {64,64,64,373,7548,340},
    {64,64,96,511,7888,476},
    {64,64,128,645,8364,612},
    {64,64,160,811,8976,748},
    {64,64,192,975,9724,884},
    {64,128,32,442,10608,408},
    {64,128,64,715,11016,680},
    {64,128,96,989,11696,952},
    {64,128,128,1256,12648,1224},
    {64,128,160,1583,13872,1496},
    {64,128,192,1911,15368,1768},
    {128,32,32,236,17136,204},
    {128,32,64,373,17340,340},
    {128,32,96,511,17680,476},
    {128,32,128,645,18156,612},
    {128,32,160,811,18768,748},
    {128,32,192,975,19516,884},
    {128,64,32,442,20400,408},
    {128,64,64,715,20808,680},
    {128,64,96,989,21488,952},
    {128,64,128,1256,22440,1224},
    {128,64,160,1583,23664,1496},
    {128,64,192,1911,25160,1768},
    {128,128,32,854,26928,816},
    {128,128,64,1399,27744,1360},
    {128,128,96,1945,29104,1904},
    {128,128,128,2480,31008,2448},
    {128,128,160,3127,33456,2992},
    {128,128,192,3783,36448,3536},
};
